tests	OpenRangeCase.fss	OpenRangeCase	255		3	
tests	QuickCheckTest.fss	QuickCheckTest	255		5	
tests	ReflectTest.fss	ReflectTest	255		3	
tests	TransitiveImportMethodLookup.fss	TransitiveImportMethodLookup	255		2	
tests	XXXcaseTest.fss	XXXcaseTest	0	1	6	1
tests	caseTest.fss	caseTest	1		4	
tests	caseWithSemicolons.fss	caseWithSemicolons	255		3	
tests	RangePrototype.fss	RangePrototype	255		4	
tests	RandomTest.fss	RandomTest	255		4	
tests	ReflectiveQuickCheckTest.fss	ReflectiveQuickCheckTest	255		6	
tests	atomic1.fss	atomic1	255		4	
tests	wrongOverload.fss	wrongOverload	1		5	
tests	XXXRangeBoundsRungO.fss	XXXRangeBoundsRungO	255		4	
tests	XXXSeqRangeTopRungO.fss	XXXSeqRangeTopRungO	255		5	
tests	RangeSizeRungO.fss	RangeSizeRungO	255		3	
tests	rangeOperators.fss	rangeOperators	255		6	
tests	RangeTest.fss	RangeTest	255		3	
tests	subArray.fss	subArray	255		2	
tests	array3test.fss	array3test	1		3	
tests	StringTests.fss	StringTests	255		3	
tests	FlatTowerRungF.fss	FlatTowerRungF	255		4	
tests	RangeZZ32RungJ.fss	RangeZZ32RungJ	255		4	
tests	XXXRangeWideRungJ.fss	XXXRangeWideRungJ	255		3	
