microgpt	FlatArrays.fsi	255	Array is undefined.
microgpt	FlatArrays.fss	255	Array is undefined.
microgpt	FlatData.fsi	255	Array is undefined.
microgpt	FlatData.fss	255	Char is undefined.
microgpt	MicroGptFlat.fsi	255	Array is undefined.
microgpt	MicroGptFlat.fss	255	ImmutableArray is undefined.
microgpt	MicroGptFlatCheck.fss	255	ImmutableArray is undefined.
microgpt	AplMgSyntax.fsi	255	Char is undefined.
microgpt	AplMgSyntax.fss	255	Char is undefined.
microgpt	FlatArrays2.fsi	255	Array is undefined.
microgpt	FlatArrays2.fss	255	Array is undefined.
microgpt	AplMg.fsi	255	Vector is undefined.
microgpt	AplMg.fss	255	Vector is undefined.
microgpt	FlatData2.fsi	255	Array is undefined.
microgpt	FlatData2.fss	255	Char is undefined.
microgpt	MicroGptApl.fsi	255	Array is undefined.
microgpt	MicroGptApl.fss	255	Char is undefined.
microgpt	MicroGptAplCheck.fss	255	ImmutableArray is undefined.
