typecheck	-	typecheck	FlatArrays2.fss:183	Could not check function application - ZZ32->ZZ32 is not applicable to an argument of type RR64. FlatArrays2.fss:183:37-42: Possibly because m: RR64 after argument inference FlatArrays2.fss:183:25-48: Possibly because (reduction?1, unit?2): (Reduction[\ZZ32\], ZZ32->ZZ32) after argument inference
typecheck	-	typecheck	FlatArrays2.fss:174	Array[\T,(ZZ32, ZZ32)\] has no getter called sizes
typecheck	-	typecheck	FlatArrays2.fss:167	Could not check call to function row - [\nat r, nat c\](Matrix[\RR64,r,c\], ZZ32)->Array[\RR64,ZZ32\] is not applicable to an argument of type (Array[\RR64,(ZZ32, ZZ32)\], ZZ32). FlatArrays2.fss:167:13-23: Possibly because i: ZZ32 after argument inference FlatArrays2.fss:165:9-19: Possibly because q: ZZ32 after argument inference
typecheck	-	typecheck	FlatArrays2.fss:159	Could not check call to function row - [\nat r, nat c\](Matrix[\RR64,r,c\], ZZ32)->Array[\RR64,ZZ32\] is not applicable to an argument of type (Array[\RR64,(ZZ32, ZZ32)\], ZZ32). FlatArrays2.fss:159:9-19: Possibly because i: ZZ32 after argument inference
typecheck	-	typecheck	FlatArrays2.fss:139	Array[\RR64,I\] has no getter called sizes
typecheck	-	typecheck	FlatArrays2.fss:117	Could not check call to operator juxtaposition - ((NN64 & {UnsignedLong}), NN64)->NN64 is not applicable to an argument of type (Array[\RR64,(ZZ32, ZZ32)\], Array[\RR64,(ZZ32, ZZ32)\]). - ((RR64 & {Float, FloatLiteral, RR32}), RR64)->RR64 is not applicable to an argument of type (Array[\RR64,(ZZ32, ZZ32)\], Array[\RR64,(ZZ32, ZZ32)\]). - ((ZZ32 & {Int, IntLiteral}), ZZ32)->ZZ32 is not applicable to an argument of type (Array[\RR64,(ZZ32, ZZ32)\], Array[\RR64,(ZZ32, ZZ32)\]). - ((ZZ64 & {Long}), ZZ64)->ZZ64 is not applicable to an argument of type (Array[\RR64,(ZZ32, ZZ32)\], Array[\RR64,(ZZ32, ZZ32)\]). - (Any, String)->String is not applicable to an argument of type (Array[\RR64,(ZZ32, ZZ32)\], Array[\RR64,(ZZ32, ZZ32)\]). - (Integral[\I\], I)->I is not applicable to an argument of type (Array[\RR64,(ZZ32, ZZ32)\], Array[\RR64,(ZZ32, ZZ32)\]). - (MultiplicativeRing[\T\], T)->T is not applicable to an argument of type (Array[\RR64,(ZZ32, ZZ32)\], Array[\RR64,(ZZ32, ZZ32)\]). - (NN32, NN32)->NN32 is not applicable to an argument of type (Array[\RR64,(ZZ32, ZZ32)\], Array[\RR64,(ZZ32, ZZ32)\]). - (QQ, QQ)->QQ is not applicable to an argument of type (Array[\RR64,(ZZ32, ZZ32)\], Array[\RR64,(ZZ32, ZZ32)\]). - (String, Any)->String is not applicable to an argument of type (Array[\RR64,(ZZ32, ZZ32)\], Array[\RR64,(ZZ32, ZZ32)\]). - (String, String)->String is not applicable to an argument of type (Array[\RR64,(ZZ32, ZZ32)\], Array[\RR64,(ZZ32, ZZ32)\]). - [\T extends Number, nat n, nat m, nat p\](Matrix[\T,n,m\], Matrix[\T,m,p\])->Matrix[\T,n,p\] is not applicable to an argument of type (Array[\RR64,(ZZ32, ZZ32)\], Array[\RR64,(ZZ32, ZZ32)\]). - [\T extends Number, nat n, nat m, nat p\](Matrix[\T,n,m\], T)->Matrix[\T,n,m\] is not applicable to an argument of type (Array[\RR64,(ZZ32, ZZ32)\], Array[\RR64,(ZZ32, ZZ32)\]). - [\T extends Number, nat n, nat m, nat p\](Matrix[\T,n,m\], Vector[\T,m\])->Vector[\T,n\] is not applicable to an argument of type (Array[\RR64,(ZZ32, ZZ32)\], Array[\RR64,(ZZ32, ZZ32)\]). - [\T extends Number, nat n, nat m, nat p\](T, Matrix[\T,n,m\])->Matrix[\T,n,m\] is not applicable to an argument of type (Array[\RR64,(ZZ32, ZZ32)\], Array[\RR64,(ZZ32, ZZ32)\]). - [\T extends Number, nat n, nat m, nat p\](T, Vector[\T,n\])->Vector[\T,n\] is not applicable to an argument of type (Array[\RR64,(ZZ32, ZZ32)\], Array[\RR64,(ZZ32, ZZ32)\]). - [\T extends Number, nat n, nat m, nat p\](Vector[\T,n\], Matrix[\T,n,m\])->Vector[\T,m\] is not applicable to an argument of type (Array[\RR64,(ZZ32, ZZ32)\], Array[\RR64,(ZZ32, ZZ32)\]). - [\T extends Number, nat n, nat m, nat p\](Vector[\T,n\], T)->Vector[\T,n\] is not applicable to an argument of type (Array[\RR64,(ZZ32, ZZ32)\], Array[\RR64,(ZZ32, ZZ32)\]). - [\T extends Number, nat n, nat m, nat p\](Vector[\T,n\], Vector[\T,n\])->T is not applicable to an argument of type (Array[\RR64,(ZZ32, ZZ32)\], Array[\RR64,(ZZ32, ZZ32)\]). - [\nat p, nat n, nat d, nat m\](Array3[\RR64,0,p,0,n,0,d\], Array3[\RR64,0,p,0,d,0,m\])->Array[\RR64,(ZZ32, ZZ32, ZZ32)\] is not applicable to an argument of type (Array[\RR64,(ZZ32, ZZ32)\], Array[\RR64,(ZZ32, ZZ32)\]). FlatArrays2.fss:117:9-19: Possibly because q: ZZ32 after argument inference
typecheck	-	typecheck	FlatArrays2.fss:107	Array[\RR64,(ZZ32, ZZ32, ZZ32)\] has no getter called sizes
typecheck	-	typecheck	FlatArrays2.fss:96	Array[\RR64,(ZZ32, ZZ32, ZZ32)\] has no getter called sizes
typecheck	-	typecheck	FlatArrays2.fss:84	Array[\RR64,(ZZ32, ZZ32)\] has no getter called sizes
typecheck	-	typecheck	FlatArrays2.fss:72	Could not check call to function viewN - [\nat r, nat c\](Array[\RR64,ZZ32\], ZZ32, NatReflect.N[\r\], NatReflect.N[\c\])->Matrix[\RR64,r,c\] is not applicable to an argument of type (Array[\RR64,ZZ32\], ZZ32, NatReflect.NatParam, NatReflect.NatParam).
typecheck	-	typecheck	FlatArrays2.fss:50	Function body has type Array2[\RR64,0,s,0,s2\], but declared return type is Matrix[\RR64,s,s2\].
typecheck	-	typecheck	FlatArrays2.fss:47	Could not check call to function fail - Could not infer static argument T without context.
typecheck	-	typecheck	FlatArrays2.fss:46	Could not check call to function fail - Could not infer static argument T without context.
typecheck	-	typecheck	FlatArrays2.fss:39	Could not check method invocation Array[\T,I\].map - [\RR64\]T->RR64->Array[\RR64,I\] is not applicable to an argument of type AND(Array[\T,I\]->Array[\RR64,I\],(RR64 & {Float, FloatLiteral, RR32})->RR64). - [\RR64\]T->RR64->Generator[\RR64\] is not applicable to an argument of type AND(Array[\T,I\]->Array[\RR64,I\],(RR64 & {Float, FloatLiteral, RR32})->RR64). - [\RR64\]T->RR64->Indexed[\RR64,I\] is not applicable to an argument of type AND(Array[\T,I\]->Array[\RR64,I\],(RR64 & {Float, FloatLiteral, RR32})->RR64). - [\RR64\]T->RR64->ReadableArray[\RR64,I\] is not applicable to an argument of type AND(Array[\T,I\]->Array[\RR64,I\],(RR64 & {Float, FloatLiteral, RR32})->RR64).
typecheck	-	typecheck	FlatArrays2.fss:38	Could not check method invocation Array[\T,I\].map - [\RR64\]T->RR64->Array[\RR64,I\] is not applicable to an argument of type AND(Array[\T,I\]->Array[\RR64,I\],(RR64 & {Float, FloatLiteral, RR32})->RR64). - [\RR64\]T->RR64->Generator[\RR64\] is not applicable to an argument of type AND(Array[\T,I\]->Array[\RR64,I\],(RR64 & {Float, FloatLiteral, RR32})->RR64). - [\RR64\]T->RR64->Indexed[\RR64,I\] is not applicable to an argument of type AND(Array[\T,I\]->Array[\RR64,I\],(RR64 & {Float, FloatLiteral, RR32})->RR64). - [\RR64\]T->RR64->ReadableArray[\RR64,I\] is not applicable to an argument of type AND(Array[\T,I\]->Array[\RR64,I\],(RR64 & {Float, FloatLiteral, RR32})->RR64).
typecheck	-	typecheck	FlatArrays2.fss:37	Could not check method invocation Array[\T,I\].map - [\RR64\]T->RR64->Array[\RR64,I\]: FlatArrays2.fss:37:98: Could not check call to operator SQRT - (RR64 & {Float, FloatLiteral, RR32})->RR64 is not applicable to an argument of type T. - [\T extends Number, I\]Array[\T,I\]->Array[\RR64,I\] is not applicable to an argument of type T. FlatArrays2.fss:37:83-98: Possibly because e: T after argument inference - [\RR64\]T->RR64->Generator[\RR64\]: FlatArrays2.fss:37:98: Could not check call to operator SQRT - (RR64 & {Float, FloatLiteral, RR32})->RR64 is not applicable to an argument of type T. - [\T extends Number, I\]Array[\T,I\]->Array[\RR64,I\] is not applicable to an argument of type T. FlatArrays2.fss:37:83-98: Possibly because e: T after argument inference - [\RR64\]T->RR64->Indexed[\RR64,I\]: FlatArrays2.fss:37:98: Could not check call to operator SQRT - (RR64 & {Float, FloatLiteral, RR32})->RR64 is not applicable to an argument of type T. - [\T extends Number, I\]Array[\T,I\]->Array[\RR64,I\] is not applicable to an argument of type T. FlatArrays2.fss:37:83-98: Possibly because e: T after argument inference - [\RR64\]T->RR64->ReadableArray[\RR64,I\]: FlatArrays2.fss:37:98: Could not check call to operator SQRT - (RR64 & {Float, FloatLiteral, RR32})->RR64 is not applicable to an argument of type T. - [\T extends Number, I\]Array[\T,I\]->Array[\RR64,I\] is not applicable to an argument of type T. FlatArrays2.fss:37:83-98: Possibly because e: T after argument inference
typecheck	-	typecheck	FlatArrays2.fss:36	Could not check method invocation Array[\T,I\].map - [\RR64\]T->RR64->Array[\RR64,I\]: FlatArrays2.fss:36:99-103: Could not check call to operator > - ((RR64 & {Float, FloatLiteral, RR32}), RR64)->Boolean is not applicable to an argument of type (T, T). - ((ZZ64 & {Long}), ZZ64)->Boolean is not applicable to an argument of type (T, T). - (IntLiteral, IntLiteral)->Boolean is not applicable to an argument of type (T, T). - (QQ, QQ)->Boolean is not applicable to an argument of type (T, T). - (StandardPartialOrder[\T\], T)->Boolean is not applicable to an argument of type (T, T). - [\A, B, C\]((A, B, C), (A, B, C))->Boolean is not applicable to an argument of type (T, T). - [\A, B\]((A, B), (A, B))->Boolean is not applicable to an argument of type (T, T). - [\T extends Number, I\](Array[\T,I\], T)->Array[\RR64,I\] is not applicable to an argument of type (T, T). FlatArrays2.fss:36:86-124: Possibly because e: T after argument inference - [\RR64\]T->RR64->Generator[\RR64\]: FlatArrays2.fss:36:99-103: Could not check call to operator > - ((RR64 & {Float, FloatLiteral, RR32}), RR64)->Boolean is not applicable to an argument of type (T, T). - ((ZZ64 & {Long}), ZZ64)->Boolean is not applicable to an argument of type (T, T). - (IntLiteral, IntLiteral)->Boolean is not applicable to an argument of type (T, T). - (QQ, QQ)->Boolean is not applicable to an argument of type (T, T). - (StandardPartialOrder[\T\], T)->Boolean is not applicable to an argument of type (T, T). - [\A, B, C\]((A, B, C), (A, B, C))->Boolean is not applicable to an argument of type (T, T). - [\A, B\]((A, B), (A, B))->Boolean is not applicable to an argument of type (T, T). - [\T extends Number, I\](Array[\T,I\], T)->Array[\RR64,I\] is not applicable to an argument of type (T, T). FlatArrays2.fss:36:86-124: Possibly because e: T after argument inference - [\RR64\]T->RR64->Indexed[\RR64,I\]: FlatArrays2.fss:36:99-103: Could not check call to operator > - ((RR64 & {Float, FloatLiteral, RR32}), RR64)->Boolean is not applicable to an argument of type (T, T). - ((ZZ64 & {Long}), ZZ64)->Boolean is not applicable to an argument of type (T, T). - (IntLiteral, IntLiteral)->Boolean is not applicable to an argument of type (T, T). - (QQ, QQ)->Boolean is not applicable to an argument of type (T, T). - (StandardPartialOrder[\T\], T)->Boolean is not applicable to an argument of type (T, T). - [\A, B, C\]((A, B, C), (A, B, C))->Boolean is not applicable to an argument of type (T, T). - [\A, B\]((A, B), (A, B))->Boolean is not applicable to an argument of type (T, T). - [\T extends Number, I\](Array[\T,I\], T)->Array[\RR64,I\] is not applicable to an argument of type (T, T). FlatArrays2.fss:36:86-124: Possibly because e: T after argument inference - [\RR64\]T->RR64->ReadableArray[\RR64,I\]: FlatArrays2.fss:36:99-103: Could not check call to operator > - ((RR64 & {Float, FloatLiteral, RR32}), RR64)->Boolean is not applicable to an argument of type (T, T). - ((ZZ64 & {Long}), ZZ64)->Boolean is not applicable to an argument of type (T, T). - (IntLiteral, IntLiteral)->Boolean is not applicable to an argument of type (T, T). - (QQ, QQ)->Boolean is not applicable to an argument of type (T, T). - (StandardPartialOrder[\T\], T)->Boolean is not applicable to an argument of type (T, T). - [\A, B, C\]((A, B, C), (A, B, C))->Boolean is not applicable to an argument of type (T, T). - [\A, B\]((A, B), (A, B))->Boolean is not applicable to an argument of type (T, T). - [\T extends Number, I\](Array[\T,I\], T)->Array[\RR64,I\] is not applicable to an argument of type (T, T). FlatArrays2.fss:36:86-124: Possibly because e: T after argument inference
typecheck	-	typecheck	FlatArrays2.fss:35	Could not check method invocation Array[\T,I\].map - [\T\]T->T->Array[\T,I\]: FlatArrays2.fss:35:90: Could not check call to operator / - ((RR64 & {Float, FloatLiteral, RR32}), RR64)->RR64 is not applicable to an argument of type (T, T). - ((ZZ & {BigNum}), ZZ)->QQ is not applicable to an argument of type (T, T). - (Integral[\I\], I)->QQ is not applicable to an argument of type (T, T). - (QQ, QQ)->QQ is not applicable to an argument of type (T, T). - [\T extends Number, I\](Array[\T,I\], T)->Array[\T,I\] is not applicable to an argument of type (T, T). - [\T extends Number, nat n, nat d\](Matrix[\T,n,d\], Matrix[\T,n,d\])->Array[\T,(ZZ32, ZZ32)\] is not applicable to an argument of type (T, T). - [\T extends Number, nat p, nat n, nat d\](Array3[\T,0,p,0,n,0,d\], Array3[\T,0,p,0,n,0,d\])->Array[\T,(ZZ32, ZZ32, ZZ32)\] is not applicable to an argument of type (T, T). - [\T extends Number, nat s\](Vector[\T,s\], Vector[\T,s\])->Array[\T,ZZ32\] is not applicable to an argument of type (T, T). FlatArrays2.fss:35:80-94: Possibly because e: T after argument inference - [\T\]T->T->Generator[\T\]: FlatArrays2.fss:35:90: Could not check call to operator / - ((RR64 & {Float, FloatLiteral, RR32}), RR64)->RR64 is not applicable to an argument of type (T, T). - ((ZZ & {BigNum}), ZZ)->QQ is not applicable to an argument of type (T, T). - (Integral[\I\], I)->QQ is not applicable to an argument of type (T, T). - (QQ, QQ)->QQ is not applicable to an argument of type (T, T). - [\T extends Number, I\](Array[\T,I\], T)->Array[\T,I\] is not applicable to an argument of type (T, T). - [\T extends Number, nat n, nat d\](Matrix[\T,n,d\], Matrix[\T,n,d\])->Array[\T,(ZZ32, ZZ32)\] is not applicable to an argument of type (T, T). - [\T extends Number, nat p, nat n, nat d\](Array3[\T,0,p,0,n,0,d\], Array3[\T,0,p,0,n,0,d\])->Array[\T,(ZZ32, ZZ32, ZZ32)\] is not applicable to an argument of type (T, T). - [\T extends Number, nat s\](Vector[\T,s\], Vector[\T,s\])->Array[\T,ZZ32\] is not applicable to an argument of type (T, T). FlatArrays2.fss:35:80-94: Possibly because e: T after argument inference - [\T\]T->T->Indexed[\T,I\]: FlatArrays2.fss:35:90: Could not check call to operator / - ((RR64 & {Float, FloatLiteral, RR32}), RR64)->RR64 is not applicable to an argument of type (T, T). - ((ZZ & {BigNum}), ZZ)->QQ is not applicable to an argument of type (T, T). - (Integral[\I\], I)->QQ is not applicable to an argument of type (T, T). - (QQ, QQ)->QQ is not applicable to an argument of type (T, T). - [\T extends Number, I\](Array[\T,I\], T)->Array[\T,I\] is not applicable to an argument of type (T, T). - [\T extends Number, nat n, nat d\](Matrix[\T,n,d\], Matrix[\T,n,d\])->Array[\T,(ZZ32, ZZ32)\] is not applicable to an argument of type (T, T). - [\T extends Number, nat p, nat n, nat d\](Array3[\T,0,p,0,n,0,d\], Array3[\T,0,p,0,n,0,d\])->Array[\T,(ZZ32, ZZ32, ZZ32)\] is not applicable to an argument of type (T, T). - [\T extends Number, nat s\](Vector[\T,s\], Vector[\T,s\])->Array[\T,ZZ32\] is not applicable to an argument of type (T, T). FlatArrays2.fss:35:80-94: Possibly because e: T after argument inference - [\T\]T->T->ReadableArray[\T,I\]: FlatArrays2.fss:35:90: Could not check call to operator / - ((RR64 & {Float, FloatLiteral, RR32}), RR64)->RR64 is not applicable to an argument of type (T, T). - ((ZZ & {BigNum}), ZZ)->QQ is not applicable to an argument of type (T, T). - (Integral[\I\], I)->QQ is not applicable to an argument of type (T, T). - (QQ, QQ)->QQ is not applicable to an argument of type (T, T). - [\T extends Number, I\](Array[\T,I\], T)->Array[\T,I\] is not applicable to an argument of type (T, T). - [\T extends Number, nat n, nat d\](Matrix[\T,n,d\], Matrix[\T,n,d\])->Array[\T,(ZZ32, ZZ32)\] is not applicable to an argument of type (T, T). - [\T extends Number, nat p, nat n, nat d\](Array3[\T,0,p,0,n,0,d\], Array3[\T,0,p,0,n,0,d\])->Array[\T,(ZZ32, ZZ32, ZZ32)\] is not applicable to an argument of type (T, T). - [\T extends Number, nat s\](Vector[\T,s\], Vector[\T,s\])->Array[\T,ZZ32\] is not applicable to an argument of type (T, T). FlatArrays2.fss:35:80-94: Possibly because e: T after argument inference
typecheck	-	typecheck	FlatArrays2.fss:33	Could not check method invocation Array3[\T,0,p,0,n,0,d\].ivmap - [\T\]((ZZ32, ZZ32, ZZ32), T)->T->Array3[\T,0,p,0,n,0,d\]: FlatArrays2.fss:33:161: Could not check call to operator / - ((RR64 & {Float, FloatLiteral, RR32}), RR64)->RR64 is not applicable to an argument of type (T, T). - ((ZZ & {BigNum}), ZZ)->QQ is not applicable to an argument of type (T, T). - (Integral[\I\], I)->QQ is not applicable to an argument of type (T, T). - (QQ, QQ)->QQ is not applicable to an argument of type (T, T). - [\T extends Number, I\](Array[\T,I\], T)->Array[\T,I\] is not applicable to an argument of type (T, T). - [\T extends Number, nat n, nat d\](Matrix[\T,n,d\], Matrix[\T,n,d\])->Array[\T,(ZZ32, ZZ32)\] is not applicable to an argument of type (T, T). - [\T extends Number, nat p, nat n, nat d\](Array3[\T,0,p,0,n,0,d\], Array3[\T,0,p,0,n,0,d\])->Array[\T,(ZZ32, ZZ32, ZZ32)\] is not applicable to an argument of type (T, T). - [\T extends Number, nat s\](Vector[\T,s\], Vector[\T,s\])->Array[\T,ZZ32\] is not applicable to an argument of type (T, T). FlatArrays2.fss:33:148-168: Possibly because (i, e): ((ZZ32, ZZ32, ZZ32), T) after argument inference - [\T\]((ZZ32, ZZ32, ZZ32), T)->T->Array[\T,(ZZ32, ZZ32, ZZ32)\]: FlatArrays2.fss:33:161: Could not check call to operator / - ((RR64 & {Float, FloatLiteral, RR32}), RR64)->RR64 is not applicable to an argument of type (T, T). - ((ZZ & {BigNum}), ZZ)->QQ is not applicable to an argument of type (T, T). - (Integral[\I\], I)->QQ is not applicable to an argument of type (T, T). - (QQ, QQ)->QQ is not applicable to an argument of type (T, T). - [\T extends Number, I\](Array[\T,I\], T)->Array[\T,I\] is not applicable to an argument of type (T, T). - [\T extends Number, nat n, nat d\](Matrix[\T,n,d\], Matrix[\T,n,d\])->Array[\T,(ZZ32, ZZ32)\] is not applicable to an argument of type (T, T). - [\T extends Number, nat p, nat n, nat d\](Array3[\T,0,p,0,n,0,d\], Array3[\T,0,p,0,n,0,d\])->Array[\T,(ZZ32, ZZ32, ZZ32)\] is not applicable to an argument of type (T, T). - [\T extends Number, nat s\](Vector[\T,s\], Vector[\T,s\])->Array[\T,ZZ32\] is not applicable to an argument of type (T, T). FlatArrays2.fss:33:148-168: Possibly because (i, e): ((ZZ32, ZZ32, ZZ32), T) after argument inference - [\T\]((ZZ32, ZZ32, ZZ32), T)->T->Indexed[\T,(ZZ32, ZZ32, ZZ32)\]: FlatArrays2.fss:33:161: Could not check call to operator / - ((RR64 & {Float, FloatLiteral, RR32}), RR64)->RR64 is not applicable to an argument of type (T, T). - ((ZZ & {BigNum}), ZZ)->QQ is not applicable to an argument of type (T, T). - (Integral[\I\], I)->QQ is not applicable to an argument of type (T, T). - (QQ, QQ)->QQ is not applicable to an argument of type (T, T). - [\T extends Number, I\](Array[\T,I\], T)->Array[\T,I\] is not applicable to an argument of type (T, T). - [\T extends Number, nat n, nat d\](Matrix[\T,n,d\], Matrix[\T,n,d\])->Array[\T,(ZZ32, ZZ32)\] is not applicable to an argument of type (T, T). - [\T extends Number, nat p, nat n, nat d\](Array3[\T,0,p,0,n,0,d\], Array3[\T,0,p,0,n,0,d\])->Array[\T,(ZZ32, ZZ32, ZZ32)\] is not applicable to an argument of type (T, T). - [\T extends Number, nat s\](Vector[\T,s\], Vector[\T,s\])->Array[\T,ZZ32\] is not applicable to an argument of type (T, T). FlatArrays2.fss:33:148-168: Possibly because (i, e): ((ZZ32, ZZ32, ZZ32), T) after argument inference - [\T\]((ZZ32, ZZ32, ZZ32), T)->T->ReadableArray[\T,(ZZ32, ZZ32, ZZ32)\]: FlatArrays2.fss:33:161: Could not check call to operator / - ((RR64 & {Float, FloatLiteral, RR32}), RR64)->RR64 is not applicable to an argument of type (T, T). - ((ZZ & {BigNum}), ZZ)->QQ is not applicable to an argument of type (T, T). - (Integral[\I\], I)->QQ is not applicable to an argument of type (T, T). - (QQ, QQ)->QQ is not applicable to an argument of type (T, T). - [\T extends Number, I\](Array[\T,I\], T)->Array[\T,I\] is not applicable to an argument of type (T, T). - [\T extends Number, nat n, nat d\](Matrix[\T,n,d\], Matrix[\T,n,d\])->Array[\T,(ZZ32, ZZ32)\] is not applicable to an argument of type (T, T). - [\T extends Number, nat p, nat n, nat d\](Array3[\T,0,p,0,n,0,d\], Array3[\T,0,p,0,n,0,d\])->Array[\T,(ZZ32, ZZ32, ZZ32)\] is not applicable to an argument of type (T, T). - [\T extends Number, nat s\](Vector[\T,s\], Vector[\T,s\])->Array[\T,ZZ32\] is not applicable to an argument of type (T, T). FlatArrays2.fss:33:148-168: Possibly because (i, e): ((ZZ32, ZZ32, ZZ32), T) after argument inference
typecheck	-	typecheck	FlatArrays2.fss:31	Could not check method invocation Matrix[\T,n,d\].ivmap - [\T\]((ZZ32, ZZ32), T)->T->Array2[\T,0,n,0,d\]: FlatArrays2.fss:31:133: Could not check call to operator / - ((RR64 & {Float, FloatLiteral, RR32}), RR64)->RR64 is not applicable to an argument of type (T, T). - ((ZZ & {BigNum}), ZZ)->QQ is not applicable to an argument of type (T, T). - (Integral[\I\], I)->QQ is not applicable to an argument of type (T, T). - (QQ, QQ)->QQ is not applicable to an argument of type (T, T). - [\T extends Number, I\](Array[\T,I\], T)->Array[\T,I\] is not applicable to an argument of type (T, T). - [\T extends Number, nat n, nat d\](Matrix[\T,n,d\], Matrix[\T,n,d\])->Array[\T,(ZZ32, ZZ32)\] is not applicable to an argument of type (T, T). - [\T extends Number, nat p, nat n, nat d\](Array3[\T,0,p,0,n,0,d\], Array3[\T,0,p,0,n,0,d\])->Array[\T,(ZZ32, ZZ32, ZZ32)\] is not applicable to an argument of type (T, T). - [\T extends Number, nat s\](Vector[\T,s\], Vector[\T,s\])->Array[\T,ZZ32\] is not applicable to an argument of type (T, T). FlatArrays2.fss:31:120-140: Possibly because (i, e): ((ZZ32, ZZ32), T) after argument inference - [\T\]((ZZ32, ZZ32), T)->T->Array[\T,(ZZ32, ZZ32)\]: FlatArrays2.fss:31:133: Could not check call to operator / - ((RR64 & {Float, FloatLiteral, RR32}), RR64)->RR64 is not applicable to an argument of type (T, T). - ((ZZ & {BigNum}), ZZ)->QQ is not applicable to an argument of type (T, T). - (Integral[\I\], I)->QQ is not applicable to an argument of type (T, T). - (QQ, QQ)->QQ is not applicable to an argument of type (T, T). - [\T extends Number, I\](Array[\T,I\], T)->Array[\T,I\] is not applicable to an argument of type (T, T). - [\T extends Number, nat n, nat d\](Matrix[\T,n,d\], Matrix[\T,n,d\])->Array[\T,(ZZ32, ZZ32)\] is not applicable to an argument of type (T, T). - [\T extends Number, nat p, nat n, nat d\](Array3[\T,0,p,0,n,0,d\], Array3[\T,0,p,0,n,0,d\])->Array[\T,(ZZ32, ZZ32, ZZ32)\] is not applicable to an argument of type (T, T). - [\T extends Number, nat s\](Vector[\T,s\], Vector[\T,s\])->Array[\T,ZZ32\] is not applicable to an argument of type (T, T). FlatArrays2.fss:31:120-140: Possibly because (i, e): ((ZZ32, ZZ32), T) after argument inference - [\T\]((ZZ32, ZZ32), T)->T->Indexed[\T,(ZZ32, ZZ32)\]: FlatArrays2.fss:31:133: Could not check call to operator / - ((RR64 & {Float, FloatLiteral, RR32}), RR64)->RR64 is not applicable to an argument of type (T, T). - ((ZZ & {BigNum}), ZZ)->QQ is not applicable to an argument of type (T, T). - (Integral[\I\], I)->QQ is not applicable to an argument of type (T, T). - (QQ, QQ)->QQ is not applicable to an argument of type (T, T). - [\T extends Number, I\](Array[\T,I\], T)->Array[\T,I\] is not applicable to an argument of type (T, T). - [\T extends Number, nat n, nat d\](Matrix[\T,n,d\], Matrix[\T,n,d\])->Array[\T,(ZZ32, ZZ32)\] is not applicable to an argument of type (T, T). - [\T extends Number, nat p, nat n, nat d\](Array3[\T,0,p,0,n,0,d\], Array3[\T,0,p,0,n,0,d\])->Array[\T,(ZZ32, ZZ32, ZZ32)\] is not applicable to an argument of type (T, T). - [\T extends Number, nat s\](Vector[\T,s\], Vector[\T,s\])->Array[\T,ZZ32\] is not applicable to an argument of type (T, T). FlatArrays2.fss:31:120-140: Possibly because (i, e): ((ZZ32, ZZ32), T) after argument inference - [\T\]((ZZ32, ZZ32), T)->T->ReadableArray[\T,(ZZ32, ZZ32)\]: FlatArrays2.fss:31:133: Could not check call to operator / - ((RR64 & {Float, FloatLiteral, RR32}), RR64)->RR64 is not applicable to an argument of type (T, T). - ((ZZ & {BigNum}), ZZ)->QQ is not applicable to an argument of type (T, T). - (Integral[\I\], I)->QQ is not applicable to an argument of type (T, T). - (QQ, QQ)->QQ is not applicable to an argument of type (T, T). - [\T extends Number, I\](Array[\T,I\], T)->Array[\T,I\] is not applicable to an argument of type (T, T). - [\T extends Number, nat n, nat d\](Matrix[\T,n,d\], Matrix[\T,n,d\])->Array[\T,(ZZ32, ZZ32)\] is not applicable to an argument of type (T, T). - [\T extends Number, nat p, nat n, nat d\](Array3[\T,0,p,0,n,0,d\], Array3[\T,0,p,0,n,0,d\])->Array[\T,(ZZ32, ZZ32, ZZ32)\] is not applicable to an argument of type (T, T). - [\T extends Number, nat s\](Vector[\T,s\], Vector[\T,s\])->Array[\T,ZZ32\] is not applicable to an argument of type (T, T). FlatArrays2.fss:31:120-140: Possibly because (i, e): ((ZZ32, ZZ32), T) after argument inference
typecheck	-	typecheck	FlatArrays2.fss:29	Could not check method invocation Vector[\T,s\].ivmap - [\T\](ZZ32, T)->T->Array1[\T,0,s\]: FlatArrays2.fss:29:115: Could not check call to operator / - ((RR64 & {Float, FloatLiteral, RR32}), RR64)->RR64 is not applicable to an argument of type (T, T). - ((ZZ & {BigNum}), ZZ)->QQ is not applicable to an argument of type (T, T). - (Integral[\I\], I)->QQ is not applicable to an argument of type (T, T). - (QQ, QQ)->QQ is not applicable to an argument of type (T, T). - [\T extends Number, I\](Array[\T,I\], T)->Array[\T,I\] is not applicable to an argument of type (T, T). - [\T extends Number, nat n, nat d\](Matrix[\T,n,d\], Matrix[\T,n,d\])->Array[\T,(ZZ32, ZZ32)\] is not applicable to an argument of type (T, T). - [\T extends Number, nat p, nat n, nat d\](Array3[\T,0,p,0,n,0,d\], Array3[\T,0,p,0,n,0,d\])->Array[\T,(ZZ32, ZZ32, ZZ32)\] is not applicable to an argument of type (T, T). - [\T extends Number, nat s\](Vector[\T,s\], Vector[\T,s\])->Array[\T,ZZ32\] is not applicable to an argument of type (T, T). FlatArrays2.fss:29:102-122: Possibly because (i, e): (ZZ32, T) after argument inference - [\T\](ZZ32, T)->T->Array[\T,ZZ32\]: FlatArrays2.fss:29:115: Could not check call to operator / - ((RR64 & {Float, FloatLiteral, RR32}), RR64)->RR64 is not applicable to an argument of type (T, T). - ((ZZ & {BigNum}), ZZ)->QQ is not applicable to an argument of type (T, T). - (Integral[\I\], I)->QQ is not applicable to an argument of type (T, T). - (QQ, QQ)->QQ is not applicable to an argument of type (T, T). - [\T extends Number, I\](Array[\T,I\], T)->Array[\T,I\] is not applicable to an argument of type (T, T). - [\T extends Number, nat n, nat d\](Matrix[\T,n,d\], Matrix[\T,n,d\])->Array[\T,(ZZ32, ZZ32)\] is not applicable to an argument of type (T, T). - [\T extends Number, nat p, nat n, nat d\](Array3[\T,0,p,0,n,0,d\], Array3[\T,0,p,0,n,0,d\])->Array[\T,(ZZ32, ZZ32, ZZ32)\] is not applicable to an argument of type (T, T). - [\T extends Number, nat s\](Vector[\T,s\], Vector[\T,s\])->Array[\T,ZZ32\] is not applicable to an argument of type (T, T). FlatArrays2.fss:29:102-122: Possibly because (i, e): (ZZ32, T) after argument inference - [\T\](ZZ32, T)->T->Indexed[\T,ZZ32\]: FlatArrays2.fss:29:115: Could not check call to operator / - ((RR64 & {Float, FloatLiteral, RR32}), RR64)->RR64 is not applicable to an argument of type (T, T). - ((ZZ & {BigNum}), ZZ)->QQ is not applicable to an argument of type (T, T). - (Integral[\I\], I)->QQ is not applicable to an argument of type (T, T). - (QQ, QQ)->QQ is not applicable to an argument of type (T, T). - [\T extends Number, I\](Array[\T,I\], T)->Array[\T,I\] is not applicable to an argument of type (T, T). - [\T extends Number, nat n, nat d\](Matrix[\T,n,d\], Matrix[\T,n,d\])->Array[\T,(ZZ32, ZZ32)\] is not applicable to an argument of type (T, T). - [\T extends Number, nat p, nat n, nat d\](Array3[\T,0,p,0,n,0,d\], Array3[\T,0,p,0,n,0,d\])->Array[\T,(ZZ32, ZZ32, ZZ32)\] is not applicable to an argument of type (T, T). - [\T extends Number, nat s\](Vector[\T,s\], Vector[\T,s\])->Array[\T,ZZ32\] is not applicable to an argument of type (T, T). FlatArrays2.fss:29:102-122: Possibly because (i, e): (ZZ32, T) after argument inference - [\T\](ZZ32, T)->T->ReadableArray[\T,ZZ32\]: FlatArrays2.fss:29:115: Could not check call to operator / - ((RR64 & {Float, FloatLiteral, RR32}), RR64)->RR64 is not applicable to an argument of type (T, T). - ((ZZ & {BigNum}), ZZ)->QQ is not applicable to an argument of type (T, T). - (Integral[\I\], I)->QQ is not applicable to an argument of type (T, T). - (QQ, QQ)->QQ is not applicable to an argument of type (T, T). - [\T extends Number, I\](Array[\T,I\], T)->Array[\T,I\] is not applicable to an argument of type (T, T). - [\T extends Number, nat n, nat d\](Matrix[\T,n,d\], Matrix[\T,n,d\])->Array[\T,(ZZ32, ZZ32)\] is not applicable to an argument of type (T, T). - [\T extends Number, nat p, nat n, nat d\](Array3[\T,0,p,0,n,0,d\], Array3[\T,0,p,0,n,0,d\])->Array[\T,(ZZ32, ZZ32, ZZ32)\] is not applicable to an argument of type (T, T). - [\T extends Number, nat s\](Vector[\T,s\], Vector[\T,s\])->Array[\T,ZZ32\] is not applicable to an argument of type (T, T). FlatArrays2.fss:29:102-122: Possibly because (i, e): (ZZ32, T) after argument inference
typecheck	-	typecheck	FlatArrays2.fss:27	Could not check method invocation Array3[\T,0,p,0,n,0,d\].ivmap - [\T\]((ZZ32, ZZ32, ZZ32), T)->T->Array3[\T,0,p,0,n,0,d\]: FlatArrays2.fss:27:161-165: Could not check call to operator juxtaposition - ((NN64 & {UnsignedLong}), NN64)->NN64 is not applicable to an argument of type (T, T). - ((RR64 & {Float, FloatLiteral, RR32}), RR64)->RR64 is not applicable to an argument of type (T, T). - ((ZZ32 & {Int, IntLiteral}), ZZ32)->ZZ32 is not applicable to an argument of type (T, T). - ((ZZ64 & {Long}), ZZ64)->ZZ64 is not applicable to an argument of type (T, T). - (Any, String)->String is not applicable to an argument of type (T, T). - (Integral[\I\], I)->I is not applicable to an argument of type (T, T). - (MultiplicativeRing[\T\], T)->T is not applicable to an argument of type (T, T). - (NN32, NN32)->NN32 is not applicable to an argument of type (T, T). - (QQ, QQ)->QQ is not applicable to an argument of type (T, T). - (String, Any)->String is not applicable to an argument of type (T, T). - (String, String)->String is not applicable to an argument of type (T, T). - [\T extends Number, nat n, nat m, nat p\](Matrix[\T,n,m\], Matrix[\T,m,p\])->Matrix[\T,n,p\] is not applicable to an argument of type (T, T). - [\T extends Number, nat n, nat m, nat p\](Matrix[\T,n,m\], T)->Matrix[\T,n,m\] is not applicable to an argument of type (T, T). - [\T extends Number, nat n, nat m, nat p\](Matrix[\T,n,m\], Vector[\T,m\])->Vector[\T,n\] is not applicable to an argument of type (T, T). - [\T extends Number, nat n, nat m, nat p\](T, Matrix[\T,n,m\])->Matrix[\T,n,m\] is not applicable to an argument of type (T, T). - [\T extends Number, nat n, nat m, nat p\](T, Vector[\T,n\])->Vector[\T,n\] is not applicable to an argument of type (T, T). - [\T extends Number, nat n, nat m, nat p\](Vector[\T,n\], Matrix[\T,n,m\])->Vector[\T,m\] is not applicable to an argument of type (T, T). - [\T extends Number, nat n, nat m, nat p\](Vector[\T,n\], T)->Vector[\T,n\] is not applicable to an argument of type (T, T). - [\T extends Number, nat n, nat m, nat p\](Vector[\T,n\], Vector[\T,n\])->T is not applicable to an argument of type (T, T). - [\nat p, nat n, nat d, nat m\](Array3[\RR64,0,p,0,n,0,d\], Array3[\RR64,0,p,0,d,0,m\])->Array[\RR64,(ZZ32, ZZ32, ZZ32)\] is not applicable to an argument of type (T, T). FlatArrays2.fss:27:148-166: Possibly because (i, e): ((ZZ32, ZZ32, ZZ32), T) after argument inference - [\T\]((ZZ32, ZZ32, ZZ32), T)->T->Array[\T,(ZZ32, ZZ32, ZZ32)\]: FlatArrays2.fss:27:161-165: Could not check call to operator juxtaposition - ((NN64 & {UnsignedLong}), NN64)->NN64 is not applicable to an argument of type (T, T). - ((RR64 & {Float, FloatLiteral, RR32}), RR64)->RR64 is not applicable to an argument of type (T, T). - ((ZZ32 & {Int, IntLiteral}), ZZ32)->ZZ32 is not applicable to an argument of type (T, T). - ((ZZ64 & {Long}), ZZ64)->ZZ64 is not applicable to an argument of type (T, T). - (Any, String)->String is not applicable to an argument of type (T, T). - (Integral[\I\], I)->I is not applicable to an argument of type (T, T). - (MultiplicativeRing[\T\], T)->T is not applicable to an argument of type (T, T). - (NN32, NN32)->NN32 is not applicable to an argument of type (T, T). - (QQ, QQ)->QQ is not applicable to an argument of type (T, T). - (String, Any)->String is not applicable to an argument of type (T, T). - (String, String)->String is not applicable to an argument of type (T, T). - [\T extends Number, nat n, nat m, nat p\](Matrix[\T,n,m\], Matrix[\T,m,p\])->Matrix[\T,n,p\] is not applicable to an argument of type (T, T). - [\T extends Number, nat n, nat m, nat p\](Matrix[\T,n,m\], T)->Matrix[\T,n,m\] is not applicable to an argument of type (T, T). - [\T extends Number, nat n, nat m, nat p\](Matrix[\T,n,m\], Vector[\T,m\])->Vector[\T,n\] is not applicable to an argument of type (T, T). - [\T extends Number, nat n, nat m, nat p\](T, Matrix[\T,n,m\])->Matrix[\T,n,m\] is not applicable to an argument of type (T, T). - [\T extends Number, nat n, nat m, nat p\](T, Vector[\T,n\])->Vector[\T,n\] is not applicable to an argument of type (T, T). - [\T extends Number, nat n, nat m, nat p\](Vector[\T,n\], Matrix[\T,n,m\])->Vector[\T,m\] is not applicable to an argument of type (T, T). - [\T extends Number, nat n, nat m, nat p\](Vector[\T,n\], T)->Vector[\T,n\] is not applicable to an argument of type (T, T). - [\T extends Number, nat n, nat m, nat p\](Vector[\T,n\], Vector[\T,n\])->T is not applicable to an argument of type (T, T). - [\nat p, nat n, nat d, nat m\](Array3[\RR64,0,p,0,n,0,d\], Array3[\RR64,0,p,0,d,0,m\])->Array[\RR64,(ZZ32, ZZ32, ZZ32)\] is not applicable to an argument of type (T, T). FlatArrays2.fss:27:148-166: Possibly because (i, e): ((ZZ32, ZZ32, ZZ32), T) after argument inference - [\T\]((ZZ32, ZZ32, ZZ32), T)->T->Indexed[\T,(ZZ32, ZZ32, ZZ32)\]: FlatArrays2.fss:27:161-165: Could not check call to operator juxtaposition - ((NN64 & {UnsignedLong}), NN64)->NN64 is not applicable to an argument of type (T, T). - ((RR64 & {Float, FloatLiteral, RR32}), RR64)->RR64 is not applicable to an argument of type (T, T). - ((ZZ32 & {Int, IntLiteral}), ZZ32)->ZZ32 is not applicable to an argument of type (T, T). - ((ZZ64 & {Long}), ZZ64)->ZZ64 is not applicable to an argument of type (T, T). - (Any, String)->String is not applicable to an argument of type (T, T). - (Integral[\I\], I)->I is not applicable to an argument of type (T, T). - (MultiplicativeRing[\T\], T)->T is not applicable to an argument of type (T, T). - (NN32, NN32)->NN32 is not applicable to an argument of type (T, T). - (QQ, QQ)->QQ is not applicable to an argument of type (T, T). - (String, Any)->String is not applicable to an argument of type (T, T). - (String, String)->String is not applicable to an argument of type (T, T). - [\T extends Number, nat n, nat m, nat p\](Matrix[\T,n,m\], Matrix[\T,m,p\])->Matrix[\T,n,p\] is not applicable to an argument of type (T, T). - [\T extends Number, nat n, nat m, nat p\](Matrix[\T,n,m\], T)->Matrix[\T,n,m\] is not applicable to an argument of type (T, T). - [\T extends Number, nat n, nat m, nat p\](Matrix[\T,n,m\], Vector[\T,m\])->Vector[\T,n\] is not applicable to an argument of type (T, T). - [\T extends Number, nat n, nat m, nat p\](T, Matrix[\T,n,m\])->Matrix[\T,n,m\] is not applicable to an argument of type (T, T). - [\T extends Number, nat n, nat m, nat p\](T, Vector[\T,n\])->Vector[\T,n\] is not applicable to an argument of type (T, T). - [\T extends Number, nat n, nat m, nat p\](Vector[\T,n\], Matrix[\T,n,m\])->Vector[\T,m\] is not applicable to an argument of type (T, T). - [\T extends Number, nat n, nat m, nat p\](Vector[\T,n\], T)->Vector[\T,n\] is not applicable to an argument of type (T, T). - [\T extends Number, nat n, nat m, nat p\](Vector[\T,n\], Vector[\T,n\])->T is not applicable to an argument of type (T, T). - [\nat p, nat n, nat d, nat m\](Array3[\RR64,0,p,0,n,0,d\], Array3[\RR64,0,p,0,d,0,m\])->Array[\RR64,(ZZ32, ZZ32, ZZ32)\] is not applicable to an argument of type (T, T). FlatArrays2.fss:27:148-166: Possibly because (i, e): ((ZZ32, ZZ32, ZZ32), T) after argument inference - [\T\]((ZZ32, ZZ32, ZZ32), T)->T->ReadableArray[\T,(ZZ32, ZZ32, ZZ32)\]: FlatArrays2.fss:27:161-165: Could not check call to operator juxtaposition - ((NN64 & {UnsignedLong}), NN64)->NN64 is not applicable to an argument of type (T, T). - ((RR64 & {Float, FloatLiteral, RR32}), RR64)->RR64 is not applicable to an argument of type (T, T). - ((ZZ32 & {Int, IntLiteral}), ZZ32)->ZZ32 is not applicable to an argument of type (T, T). - ((ZZ64 & {Long}), ZZ64)->ZZ64 is not applicable to an argument of type (T, T). - (Any, String)->String is not applicable to an argument of type (T, T). - (Integral[\I\], I)->I is not applicable to an argument of type (T, T). - (MultiplicativeRing[\T\], T)->T is not applicable to an argument of type (T, T). - (NN32, NN32)->NN32 is not applicable to an argument of type (T, T). - (QQ, QQ)->QQ is not applicable to an argument of type (T, T). - (String, Any)->String is not applicable to an argument of type (T, T). - (String, String)->String is not applicable to an argument of type (T, T). - [\T extends Number, nat n, nat m, nat p\](Matrix[\T,n,m\], Matrix[\T,m,p\])->Matrix[\T,n,p\] is not applicable to an argument of type (T, T). - [\T extends Number, nat n, nat m, nat p\](Matrix[\T,n,m\], T)->Matrix[\T,n,m\] is not applicable to an argument of type (T, T). - [\T extends Number, nat n, nat m, nat p\](Matrix[\T,n,m\], Vector[\T,m\])->Vector[\T,n\] is not applicable to an argument of type (T, T). - [\T extends Number, nat n, nat m, nat p\](T, Matrix[\T,n,m\])->Matrix[\T,n,m\] is not applicable to an argument of type (T, T). - [\T extends Number, nat n, nat m, nat p\](T, Vector[\T,n\])->Vector[\T,n\] is not applicable to an argument of type (T, T). - [\T extends Number, nat n, nat m, nat p\](Vector[\T,n\], Matrix[\T,n,m\])->Vector[\T,m\] is not applicable to an argument of type (T, T). - [\T extends Number, nat n, nat m, nat p\](Vector[\T,n\], T)->Vector[\T,n\] is not applicable to an argument of type (T, T). - [\T extends Number, nat n, nat m, nat p\](Vector[\T,n\], Vector[\T,n\])->T is not applicable to an argument of type (T, T). - [\nat p, nat n, nat d, nat m\](Array3[\RR64,0,p,0,n,0,d\], Array3[\RR64,0,p,0,d,0,m\])->Array[\RR64,(ZZ32, ZZ32, ZZ32)\] is not applicable to an argument of type (T, T). FlatArrays2.fss:27:148-166: Possibly because (i, e): ((ZZ32, ZZ32, ZZ32), T) after argument inference
typecheck	-	typecheck	FlatArrays2.fss:25	Could not check method invocation Matrix[\T,n,d\].ivmap - [\T\]((ZZ32, ZZ32), T)->T->Array2[\T,0,n,0,d\]: FlatArrays2.fss:25:133-137: Could not check call to operator juxtaposition - ((NN64 & {UnsignedLong}), NN64)->NN64 is not applicable to an argument of type (T, T). - ((RR64 & {Float, FloatLiteral, RR32}), RR64)->RR64 is not applicable to an argument of type (T, T). - ((ZZ32 & {Int, IntLiteral}), ZZ32)->ZZ32 is not applicable to an argument of type (T, T). - ((ZZ64 & {Long}), ZZ64)->ZZ64 is not applicable to an argument of type (T, T). - (Any, String)->String is not applicable to an argument of type (T, T). - (Integral[\I\], I)->I is not applicable to an argument of type (T, T). - (MultiplicativeRing[\T\], T)->T is not applicable to an argument of type (T, T). - (NN32, NN32)->NN32 is not applicable to an argument of type (T, T). - (QQ, QQ)->QQ is not applicable to an argument of type (T, T). - (String, Any)->String is not applicable to an argument of type (T, T). - (String, String)->String is not applicable to an argument of type (T, T). - [\T extends Number, nat n, nat m, nat p\](Matrix[\T,n,m\], Matrix[\T,m,p\])->Matrix[\T,n,p\] is not applicable to an argument of type (T, T). - [\T extends Number, nat n, nat m, nat p\](Matrix[\T,n,m\], T)->Matrix[\T,n,m\] is not applicable to an argument of type (T, T). - [\T extends Number, nat n, nat m, nat p\](Matrix[\T,n,m\], Vector[\T,m\])->Vector[\T,n\] is not applicable to an argument of type (T, T). - [\T extends Number, nat n, nat m, nat p\](T, Matrix[\T,n,m\])->Matrix[\T,n,m\] is not applicable to an argument of type (T, T). - [\T extends Number, nat n, nat m, nat p\](T, Vector[\T,n\])->Vector[\T,n\] is not applicable to an argument of type (T, T). - [\T extends Number, nat n, nat m, nat p\](Vector[\T,n\], Matrix[\T,n,m\])->Vector[\T,m\] is not applicable to an argument of type (T, T). - [\T extends Number, nat n, nat m, nat p\](Vector[\T,n\], T)->Vector[\T,n\] is not applicable to an argument of type (T, T). - [\T extends Number, nat n, nat m, nat p\](Vector[\T,n\], Vector[\T,n\])->T is not applicable to an argument of type (T, T). - [\nat p, nat n, nat d, nat m\](Array3[\RR64,0,p,0,n,0,d\], Array3[\RR64,0,p,0,d,0,m\])->Array[\RR64,(ZZ32, ZZ32, ZZ32)\] is not applicable to an argument of type (T, T). FlatArrays2.fss:25:120-138: Possibly because (i, e): ((ZZ32, ZZ32), T) after argument inference - [\T\]((ZZ32, ZZ32), T)->T->Array[\T,(ZZ32, ZZ32)\]: FlatArrays2.fss:25:133-137: Could not check call to operator juxtaposition - ((NN64 & {UnsignedLong}), NN64)->NN64 is not applicable to an argument of type (T, T). - ((RR64 & {Float, FloatLiteral, RR32}), RR64)->RR64 is not applicable to an argument of type (T, T). - ((ZZ32 & {Int, IntLiteral}), ZZ32)->ZZ32 is not applicable to an argument of type (T, T). - ((ZZ64 & {Long}), ZZ64)->ZZ64 is not applicable to an argument of type (T, T). - (Any, String)->String is not applicable to an argument of type (T, T). - (Integral[\I\], I)->I is not applicable to an argument of type (T, T). - (MultiplicativeRing[\T\], T)->T is not applicable to an argument of type (T, T). - (NN32, NN32)->NN32 is not applicable to an argument of type (T, T). - (QQ, QQ)->QQ is not applicable to an argument of type (T, T). - (String, Any)->String is not applicable to an argument of type (T, T). - (String, String)->String is not applicable to an argument of type (T, T). - [\T extends Number, nat n, nat m, nat p\](Matrix[\T,n,m\], Matrix[\T,m,p\])->Matrix[\T,n,p\] is not applicable to an argument of type (T, T). - [\T extends Number, nat n, nat m, nat p\](Matrix[\T,n,m\], T)->Matrix[\T,n,m\] is not applicable to an argument of type (T, T). - [\T extends Number, nat n, nat m, nat p\](Matrix[\T,n,m\], Vector[\T,m\])->Vector[\T,n\] is not applicable to an argument of type (T, T). - [\T extends Number, nat n, nat m, nat p\](T, Matrix[\T,n,m\])->Matrix[\T,n,m\] is not applicable to an argument of type (T, T). - [\T extends Number, nat n, nat m, nat p\](T, Vector[\T,n\])->Vector[\T,n\] is not applicable to an argument of type (T, T). - [\T extends Number, nat n, nat m, nat p\](Vector[\T,n\], Matrix[\T,n,m\])->Vector[\T,m\] is not applicable to an argument of type (T, T). - [\T extends Number, nat n, nat m, nat p\](Vector[\T,n\], T)->Vector[\T,n\] is not applicable to an argument of type (T, T). - [\T extends Number, nat n, nat m, nat p\](Vector[\T,n\], Vector[\T,n\])->T is not applicable to an argument of type (T, T). - [\nat p, nat n, nat d, nat m\](Array3[\RR64,0,p,0,n,0,d\], Array3[\RR64,0,p,0,d,0,m\])->Array[\RR64,(ZZ32, ZZ32, ZZ32)\] is not applicable to an argument of type (T, T). FlatArrays2.fss:25:120-138: Possibly because (i, e): ((ZZ32, ZZ32), T) after argument inference - [\T\]((ZZ32, ZZ32), T)->T->Indexed[\T,(ZZ32, ZZ32)\]: FlatArrays2.fss:25:133-137: Could not check call to operator juxtaposition - ((NN64 & {UnsignedLong}), NN64)->NN64 is not applicable to an argument of type (T, T). - ((RR64 & {Float, FloatLiteral, RR32}), RR64)->RR64 is not applicable to an argument of type (T, T). - ((ZZ32 & {Int, IntLiteral}), ZZ32)->ZZ32 is not applicable to an argument of type (T, T). - ((ZZ64 & {Long}), ZZ64)->ZZ64 is not applicable to an argument of type (T, T). - (Any, String)->String is not applicable to an argument of type (T, T). - (Integral[\I\], I)->I is not applicable to an argument of type (T, T). - (MultiplicativeRing[\T\], T)->T is not applicable to an argument of type (T, T). - (NN32, NN32)->NN32 is not applicable to an argument of type (T, T). - (QQ, QQ)->QQ is not applicable to an argument of type (T, T). - (String, Any)->String is not applicable to an argument of type (T, T). - (String, String)->String is not applicable to an argument of type (T, T). - [\T extends Number, nat n, nat m, nat p\](Matrix[\T,n,m\], Matrix[\T,m,p\])->Matrix[\T,n,p\] is not applicable to an argument of type (T, T). - [\T extends Number, nat n, nat m, nat p\](Matrix[\T,n,m\], T)->Matrix[\T,n,m\] is not applicable to an argument of type (T, T). - [\T extends Number, nat n, nat m, nat p\](Matrix[\T,n,m\], Vector[\T,m\])->Vector[\T,n\] is not applicable to an argument of type (T, T). - [\T extends Number, nat n, nat m, nat p\](T, Matrix[\T,n,m\])->Matrix[\T,n,m\] is not applicable to an argument of type (T, T). - [\T extends Number, nat n, nat m, nat p\](T, Vector[\T,n\])->Vector[\T,n\] is not applicable to an argument of type (T, T). - [\T extends Number, nat n, nat m, nat p\](Vector[\T,n\], Matrix[\T,n,m\])->Vector[\T,m\] is not applicable to an argument of type (T, T). - [\T extends Number, nat n, nat m, nat p\](Vector[\T,n\], T)->Vector[\T,n\] is not applicable to an argument of type (T, T). - [\T extends Number, nat n, nat m, nat p\](Vector[\T,n\], Vector[\T,n\])->T is not applicable to an argument of type (T, T). - [\nat p, nat n, nat d, nat m\](Array3[\RR64,0,p,0,n,0,d\], Array3[\RR64,0,p,0,d,0,m\])->Array[\RR64,(ZZ32, ZZ32, ZZ32)\] is not applicable to an argument of type (T, T). FlatArrays2.fss:25:120-138: Possibly because (i, e): ((ZZ32, ZZ32), T) after argument inference - [\T\]((ZZ32, ZZ32), T)->T->ReadableArray[\T,(ZZ32, ZZ32)\]: FlatArrays2.fss:25:133-137: Could not check call to operator juxtaposition - ((NN64 & {UnsignedLong}), NN64)->NN64 is not applicable to an argument of type (T, T). - ((RR64 & {Float, FloatLiteral, RR32}), RR64)->RR64 is not applicable to an argument of type (T, T). - ((ZZ32 & {Int, IntLiteral}), ZZ32)->ZZ32 is not applicable to an argument of type (T, T). - ((ZZ64 & {Long}), ZZ64)->ZZ64 is not applicable to an argument of type (T, T). - (Any, String)->String is not applicable to an argument of type (T, T). - (Integral[\I\], I)->I is not applicable to an argument of type (T, T). - (MultiplicativeRing[\T\], T)->T is not applicable to an argument of type (T, T). - (NN32, NN32)->NN32 is not applicable to an argument of type (T, T). - (QQ, QQ)->QQ is not applicable to an argument of type (T, T). - (String, Any)->String is not applicable to an argument of type (T, T). - (String, String)->String is not applicable to an argument of type (T, T). - [\T extends Number, nat n, nat m, nat p\](Matrix[\T,n,m\], Matrix[\T,m,p\])->Matrix[\T,n,p\] is not applicable to an argument of type (T, T). - [\T extends Number, nat n, nat m, nat p\](Matrix[\T,n,m\], T)->Matrix[\T,n,m\] is not applicable to an argument of type (T, T). - [\T extends Number, nat n, nat m, nat p\](Matrix[\T,n,m\], Vector[\T,m\])->Vector[\T,n\] is not applicable to an argument of type (T, T). - [\T extends Number, nat n, nat m, nat p\](T, Matrix[\T,n,m\])->Matrix[\T,n,m\] is not applicable to an argument of type (T, T). - [\T extends Number, nat n, nat m, nat p\](T, Vector[\T,n\])->Vector[\T,n\] is not applicable to an argument of type (T, T). - [\T extends Number, nat n, nat m, nat p\](Vector[\T,n\], Matrix[\T,n,m\])->Vector[\T,m\] is not applicable to an argument of type (T, T). - [\T extends Number, nat n, nat m, nat p\](Vector[\T,n\], T)->Vector[\T,n\] is not applicable to an argument of type (T, T). - [\T extends Number, nat n, nat m, nat p\](Vector[\T,n\], Vector[\T,n\])->T is not applicable to an argument of type (T, T). - [\nat p, nat n, nat d, nat m\](Array3[\RR64,0,p,0,n,0,d\], Array3[\RR64,0,p,0,d,0,m\])->Array[\RR64,(ZZ32, ZZ32, ZZ32)\] is not applicable to an argument of type (T, T). FlatArrays2.fss:25:120-138: Possibly because (i, e): ((ZZ32, ZZ32), T) after argument inference
typecheck	-	typecheck	FlatArrays2.fss:23	Could not check method invocation Vector[\T,s\].ivmap - [\T\](ZZ32, T)->T->Array1[\T,0,s\]: FlatArrays2.fss:23:115-119: Could not check call to operator juxtaposition - ((NN64 & {UnsignedLong}), NN64)->NN64 is not applicable to an argument of type (T, T). - ((RR64 & {Float, FloatLiteral, RR32}), RR64)->RR64 is not applicable to an argument of type (T, T). - ((ZZ32 & {Int, IntLiteral}), ZZ32)->ZZ32 is not applicable to an argument of type (T, T). - ((ZZ64 & {Long}), ZZ64)->ZZ64 is not applicable to an argument of type (T, T). - (Any, String)->String is not applicable to an argument of type (T, T). - (Integral[\I\], I)->I is not applicable to an argument of type (T, T). - (MultiplicativeRing[\T\], T)->T is not applicable to an argument of type (T, T). - (NN32, NN32)->NN32 is not applicable to an argument of type (T, T). - (QQ, QQ)->QQ is not applicable to an argument of type (T, T). - (String, Any)->String is not applicable to an argument of type (T, T). - (String, String)->String is not applicable to an argument of type (T, T). - [\T extends Number, nat n, nat m, nat p\](Matrix[\T,n,m\], Matrix[\T,m,p\])->Matrix[\T,n,p\] is not applicable to an argument of type (T, T). - [\T extends Number, nat n, nat m, nat p\](Matrix[\T,n,m\], T)->Matrix[\T,n,m\] is not applicable to an argument of type (T, T). - [\T extends Number, nat n, nat m, nat p\](Matrix[\T,n,m\], Vector[\T,m\])->Vector[\T,n\] is not applicable to an argument of type (T, T). - [\T extends Number, nat n, nat m, nat p\](T, Matrix[\T,n,m\])->Matrix[\T,n,m\] is not applicable to an argument of type (T, T). - [\T extends Number, nat n, nat m, nat p\](T, Vector[\T,n\])->Vector[\T,n\] is not applicable to an argument of type (T, T). - [\T extends Number, nat n, nat m, nat p\](Vector[\T,n\], Matrix[\T,n,m\])->Vector[\T,m\] is not applicable to an argument of type (T, T). - [\T extends Number, nat n, nat m, nat p\](Vector[\T,n\], T)->Vector[\T,n\] is not applicable to an argument of type (T, T). - [\T extends Number, nat n, nat m, nat p\](Vector[\T,n\], Vector[\T,n\])->T is not applicable to an argument of type (T, T). - [\nat p, nat n, nat d, nat m\](Array3[\RR64,0,p,0,n,0,d\], Array3[\RR64,0,p,0,d,0,m\])->Array[\RR64,(ZZ32, ZZ32, ZZ32)\] is not applicable to an argument of type (T, T). FlatArrays2.fss:23:102-120: Possibly because (i, e): (ZZ32, T) after argument inference - [\T\](ZZ32, T)->T->Array[\T,ZZ32\]: FlatArrays2.fss:23:115-119: Could not check call to operator juxtaposition - ((NN64 & {UnsignedLong}), NN64)->NN64 is not applicable to an argument of type (T, T). - ((RR64 & {Float, FloatLiteral, RR32}), RR64)->RR64 is not applicable to an argument of type (T, T). - ((ZZ32 & {Int, IntLiteral}), ZZ32)->ZZ32 is not applicable to an argument of type (T, T). - ((ZZ64 & {Long}), ZZ64)->ZZ64 is not applicable to an argument of type (T, T). - (Any, String)->String is not applicable to an argument of type (T, T). - (Integral[\I\], I)->I is not applicable to an argument of type (T, T). - (MultiplicativeRing[\T\], T)->T is not applicable to an argument of type (T, T). - (NN32, NN32)->NN32 is not applicable to an argument of type (T, T). - (QQ, QQ)->QQ is not applicable to an argument of type (T, T). - (String, Any)->String is not applicable to an argument of type (T, T). - (String, String)->String is not applicable to an argument of type (T, T). - [\T extends Number, nat n, nat m, nat p\](Matrix[\T,n,m\], Matrix[\T,m,p\])->Matrix[\T,n,p\] is not applicable to an argument of type (T, T). - [\T extends Number, nat n, nat m, nat p\](Matrix[\T,n,m\], T)->Matrix[\T,n,m\] is not applicable to an argument of type (T, T). - [\T extends Number, nat n, nat m, nat p\](Matrix[\T,n,m\], Vector[\T,m\])->Vector[\T,n\] is not applicable to an argument of type (T, T). - [\T extends Number, nat n, nat m, nat p\](T, Matrix[\T,n,m\])->Matrix[\T,n,m\] is not applicable to an argument of type (T, T). - [\T extends Number, nat n, nat m, nat p\](T, Vector[\T,n\])->Vector[\T,n\] is not applicable to an argument of type (T, T). - [\T extends Number, nat n, nat m, nat p\](Vector[\T,n\], Matrix[\T,n,m\])->Vector[\T,m\] is not applicable to an argument of type (T, T). - [\T extends Number, nat n, nat m, nat p\](Vector[\T,n\], T)->Vector[\T,n\] is not applicable to an argument of type (T, T). - [\T extends Number, nat n, nat m, nat p\](Vector[\T,n\], Vector[\T,n\])->T is not applicable to an argument of type (T, T). - [\nat p, nat n, nat d, nat m\](Array3[\RR64,0,p,0,n,0,d\], Array3[\RR64,0,p,0,d,0,m\])->Array[\RR64,(ZZ32, ZZ32, ZZ32)\] is not applicable to an argument of type (T, T). FlatArrays2.fss:23:102-120: Possibly because (i, e): (ZZ32, T) after argument inference - [\T\](ZZ32, T)->T->Indexed[\T,ZZ32\]: FlatArrays2.fss:23:115-119: Could not check call to operator juxtaposition - ((NN64 & {UnsignedLong}), NN64)->NN64 is not applicable to an argument of type (T, T). - ((RR64 & {Float, FloatLiteral, RR32}), RR64)->RR64 is not applicable to an argument of type (T, T). - ((ZZ32 & {Int, IntLiteral}), ZZ32)->ZZ32 is not applicable to an argument of type (T, T). - ((ZZ64 & {Long}), ZZ64)->ZZ64 is not applicable to an argument of type (T, T). - (Any, String)->String is not applicable to an argument of type (T, T). - (Integral[\I\], I)->I is not applicable to an argument of type (T, T). - (MultiplicativeRing[\T\], T)->T is not applicable to an argument of type (T, T). - (NN32, NN32)->NN32 is not applicable to an argument of type (T, T). - (QQ, QQ)->QQ is not applicable to an argument of type (T, T). - (String, Any)->String is not applicable to an argument of type (T, T). - (String, String)->String is not applicable to an argument of type (T, T). - [\T extends Number, nat n, nat m, nat p\](Matrix[\T,n,m\], Matrix[\T,m,p\])->Matrix[\T,n,p\] is not applicable to an argument of type (T, T). - [\T extends Number, nat n, nat m, nat p\](Matrix[\T,n,m\], T)->Matrix[\T,n,m\] is not applicable to an argument of type (T, T). - [\T extends Number, nat n, nat m, nat p\](Matrix[\T,n,m\], Vector[\T,m\])->Vector[\T,n\] is not applicable to an argument of type (T, T). - [\T extends Number, nat n, nat m, nat p\](T, Matrix[\T,n,m\])->Matrix[\T,n,m\] is not applicable to an argument of type (T, T). - [\T extends Number, nat n, nat m, nat p\](T, Vector[\T,n\])->Vector[\T,n\] is not applicable to an argument of type (T, T). - [\T extends Number, nat n, nat m, nat p\](Vector[\T,n\], Matrix[\T,n,m\])->Vector[\T,m\] is not applicable to an argument of type (T, T). - [\T extends Number, nat n, nat m, nat p\](Vector[\T,n\], T)->Vector[\T,n\] is not applicable to an argument of type (T, T). - [\T extends Number, nat n, nat m, nat p\](Vector[\T,n\], Vector[\T,n\])->T is not applicable to an argument of type (T, T). - [\nat p, nat n, nat d, nat m\](Array3[\RR64,0,p,0,n,0,d\], Array3[\RR64,0,p,0,d,0,m\])->Array[\RR64,(ZZ32, ZZ32, ZZ32)\] is not applicable to an argument of type (T, T). FlatArrays2.fss:23:102-120: Possibly because (i, e): (ZZ32, T) after argument inference - [\T\](ZZ32, T)->T->ReadableArray[\T,ZZ32\]: FlatArrays2.fss:23:115-119: Could not check call to operator juxtaposition - ((NN64 & {UnsignedLong}), NN64)->NN64 is not applicable to an argument of type (T, T). - ((RR64 & {Float, FloatLiteral, RR32}), RR64)->RR64 is not applicable to an argument of type (T, T). - ((ZZ32 & {Int, IntLiteral}), ZZ32)->ZZ32 is not applicable to an argument of type (T, T). - ((ZZ64 & {Long}), ZZ64)->ZZ64 is not applicable to an argument of type (T, T). - (Any, String)->String is not applicable to an argument of type (T, T). - (Integral[\I\], I)->I is not applicable to an argument of type (T, T). - (MultiplicativeRing[\T\], T)->T is not applicable to an argument of type (T, T). - (NN32, NN32)->NN32 is not applicable to an argument of type (T, T). - (QQ, QQ)->QQ is not applicable to an argument of type (T, T). - (String, Any)->String is not applicable to an argument of type (T, T). - (String, String)->String is not applicable to an argument of type (T, T). - [\T extends Number, nat n, nat m, nat p\](Matrix[\T,n,m\], Matrix[\T,m,p\])->Matrix[\T,n,p\] is not applicable to an argument of type (T, T). - [\T extends Number, nat n, nat m, nat p\](Matrix[\T,n,m\], T)->Matrix[\T,n,m\] is not applicable to an argument of type (T, T). - [\T extends Number, nat n, nat m, nat p\](Matrix[\T,n,m\], Vector[\T,m\])->Vector[\T,n\] is not applicable to an argument of type (T, T). - [\T extends Number, nat n, nat m, nat p\](T, Matrix[\T,n,m\])->Matrix[\T,n,m\] is not applicable to an argument of type (T, T). - [\T extends Number, nat n, nat m, nat p\](T, Vector[\T,n\])->Vector[\T,n\] is not applicable to an argument of type (T, T). - [\T extends Number, nat n, nat m, nat p\](Vector[\T,n\], Matrix[\T,n,m\])->Vector[\T,m\] is not applicable to an argument of type (T, T). - [\T extends Number, nat n, nat m, nat p\](Vector[\T,n\], T)->Vector[\T,n\] is not applicable to an argument of type (T, T). - [\T extends Number, nat n, nat m, nat p\](Vector[\T,n\], Vector[\T,n\])->T is not applicable to an argument of type (T, T). - [\nat p, nat n, nat d, nat m\](Array3[\RR64,0,p,0,n,0,d\], Array3[\RR64,0,p,0,d,0,m\])->Array[\RR64,(ZZ32, ZZ32, ZZ32)\] is not applicable to an argument of type (T, T). FlatArrays2.fss:23:102-120: Possibly because (i, e): (ZZ32, T) after argument inference
export	-	export	FlatArrays2.fss:7	Component FlatArrays2 exports API FlatArrays2 but does not define all declarations in FlatArrays2. Missing declarations: {flat(ms:Array[\RR64,(ZZ32, ZZ32)\]...):Array[\RR64,ZZ32\] at FlatArrays2.fsi:141:1-143:1}
typecheck	-	typecheck	FlatData2.fss:125	Character has no getter called codePoint FlatData2.fss:125:30-53: Possibly because j: ZZ32 after argument inference FlatData2.fss:125:9-29: Possibly because d: ZZ32 after argument inference
typecheck	-	typecheck	FlatData2.fss:100	Could not check call to function parseRow - [\nat s\](String, Vector[\RR64,s\], ZZ32)->ZZ32 is not applicable to an argument of type (String, Array[\RR64,ZZ32\], ZZ32). FlatData2.fss:100:13-60: Possibly because line: String after argument inference FlatData2.fss:99:9-27: Possibly because i: ZZ32 after argument inference
typecheck	-	typecheck	FlatData2.fss:102	Could not check call to function fail - Could not infer static argument T without context.
typecheck	-	typecheck	FlatData2.fss:66	Could not check call to function parseRow - [\nat s\](String, Vector[\RR64,s\], ZZ32)->ZZ32 is not applicable to an argument of type (String, Array[\RR64,ZZ32\], IntLiteral).
typecheck	-	typecheck	AplMgSyntax.fsi:1	Could not determine all parameter types of function expression.
typecheck	-	typecheck	MicroGptApl.fss:57	Function body has type ((), ()), but declared return type is (ZZ32, ZZ32).
typecheck	-	typecheck	MicroGptApl.fss:48	Could not check call to operator DOT - ((NN64 & {UnsignedLong}), NN64)->NN64 is not applicable to an argument of type (Array[\RR64,ZZ32\], Array[\RR64,ZZ32\]). - ((RR64 & {Float, FloatLiteral, RR32}), RR64)->RR64 is not applicable to an argument of type (Array[\RR64,ZZ32\], Array[\RR64,ZZ32\]). - ((ZZ32 & {Int, IntLiteral}), ZZ32)->ZZ32 is not applicable to an argument of type (Array[\RR64,ZZ32\], Array[\RR64,ZZ32\]). - ((ZZ64 & {Long}), ZZ64)->ZZ64 is not applicable to an argument of type (Array[\RR64,ZZ32\], Array[\RR64,ZZ32\]). - (Integral[\I\], I)->I is not applicable to an argument of type (Array[\RR64,ZZ32\], Array[\RR64,ZZ32\]). - (NN32, NN32)->NN32 is not applicable to an argument of type (Array[\RR64,ZZ32\], Array[\RR64,ZZ32\]). - (QQ, QQ)->QQ is not applicable to an argument of type (Array[\RR64,ZZ32\], Array[\RR64,ZZ32\]). - [\T extends Number, nat n, nat m, nat p\](Matrix[\T,n,m\], Matrix[\T,m,p\])->Matrix[\T,n,p\] is not applicable to an argument of type (Array[\RR64,ZZ32\], Array[\RR64,ZZ32\]). - [\T extends Number, nat n, nat m, nat p\](Matrix[\T,n,m\], T)->Matrix[\T,n,m\] is not applicable to an argument of type (Array[\RR64,ZZ32\], Array[\RR64,ZZ32\]). - [\T extends Number, nat n, nat m, nat p\](Matrix[\T,n,m\], Vector[\T,m\])->Vector[\T,n\] is not applicable to an argument of type (Array[\RR64,ZZ32\], Array[\RR64,ZZ32\]). - [\T extends Number, nat n, nat m, nat p\](T, Matrix[\T,n,m\])->Matrix[\T,n,m\] is not applicable to an argument of type (Array[\RR64,ZZ32\], Array[\RR64,ZZ32\]). - [\T extends Number, nat n, nat m, nat p\](T, Vector[\T,n\])->Vector[\T,n\] is not applicable to an argument of type (Array[\RR64,ZZ32\], Array[\RR64,ZZ32\]). - [\T extends Number, nat n, nat m, nat p\](Vector[\T,n\], Matrix[\T,n,m\])->Vector[\T,m\] is not applicable to an argument of type (Array[\RR64,ZZ32\], Array[\RR64,ZZ32\]). - [\T extends Number, nat n, nat m, nat p\](Vector[\T,n\], T)->Vector[\T,n\] is not applicable to an argument of type (Array[\RR64,ZZ32\], Array[\RR64,ZZ32\]). - [\T extends Number, nat n, nat m, nat p\](Vector[\T,n\], Vector[\T,n\])->T is not applicable to an argument of type (Array[\RR64,ZZ32\], Array[\RR64,ZZ32\]).
typecheck	-	typecheck	MicroGptApl.fss:45	Could not check call to operator DOT - ((NN64 & {UnsignedLong}), NN64)->NN64 is not applicable to an argument of type (Array[\RR64,ZZ32\], Array[\RR64,ZZ32\]). - ((RR64 & {Float, FloatLiteral, RR32}), RR64)->RR64 is not applicable to an argument of type (Array[\RR64,ZZ32\], Array[\RR64,ZZ32\]). - ((ZZ32 & {Int, IntLiteral}), ZZ32)->ZZ32 is not applicable to an argument of type (Array[\RR64,ZZ32\], Array[\RR64,ZZ32\]). - ((ZZ64 & {Long}), ZZ64)->ZZ64 is not applicable to an argument of type (Array[\RR64,ZZ32\], Array[\RR64,ZZ32\]). - (Integral[\I\], I)->I is not applicable to an argument of type (Array[\RR64,ZZ32\], Array[\RR64,ZZ32\]). - (NN32, NN32)->NN32 is not applicable to an argument of type (Array[\RR64,ZZ32\], Array[\RR64,ZZ32\]). - (QQ, QQ)->QQ is not applicable to an argument of type (Array[\RR64,ZZ32\], Array[\RR64,ZZ32\]). - [\T extends Number, nat n, nat m, nat p\](Matrix[\T,n,m\], Matrix[\T,m,p\])->Matrix[\T,n,p\] is not applicable to an argument of type (Array[\RR64,ZZ32\], Array[\RR64,ZZ32\]). - [\T extends Number, nat n, nat m, nat p\](Matrix[\T,n,m\], T)->Matrix[\T,n,m\] is not applicable to an argument of type (Array[\RR64,ZZ32\], Array[\RR64,ZZ32\]). - [\T extends Number, nat n, nat m, nat p\](Matrix[\T,n,m\], Vector[\T,m\])->Vector[\T,n\] is not applicable to an argument of type (Array[\RR64,ZZ32\], Array[\RR64,ZZ32\]). - [\T extends Number, nat n, nat m, nat p\](T, Matrix[\T,n,m\])->Matrix[\T,n,m\] is not applicable to an argument of type (Array[\RR64,ZZ32\], Array[\RR64,ZZ32\]). - [\T extends Number, nat n, nat m, nat p\](T, Vector[\T,n\])->Vector[\T,n\] is not applicable to an argument of type (Array[\RR64,ZZ32\], Array[\RR64,ZZ32\]). - [\T extends Number, nat n, nat m, nat p\](Vector[\T,n\], Matrix[\T,n,m\])->Vector[\T,m\] is not applicable to an argument of type (Array[\RR64,ZZ32\], Array[\RR64,ZZ32\]). - [\T extends Number, nat n, nat m, nat p\](Vector[\T,n\], T)->Vector[\T,n\] is not applicable to an argument of type (Array[\RR64,ZZ32\], Array[\RR64,ZZ32\]). - [\T extends Number, nat n, nat m, nat p\](Vector[\T,n\], Vector[\T,n\])->T is not applicable to an argument of type (Array[\RR64,ZZ32\], Array[\RR64,ZZ32\]).
typecheck	-	typecheck	MicroGptApl.fss:41	Could not check call to operator DOT - ((NN64 & {UnsignedLong}), NN64)->NN64 is not applicable to an argument of type (Array[\RR64,ZZ32\], Array[\RR64,ZZ32\]). - ((RR64 & {Float, FloatLiteral, RR32}), RR64)->RR64 is not applicable to an argument of type (Array[\RR64,ZZ32\], Array[\RR64,ZZ32\]). - ((ZZ32 & {Int, IntLiteral}), ZZ32)->ZZ32 is not applicable to an argument of type (Array[\RR64,ZZ32\], Array[\RR64,ZZ32\]). - ((ZZ64 & {Long}), ZZ64)->ZZ64 is not applicable to an argument of type (Array[\RR64,ZZ32\], Array[\RR64,ZZ32\]). - (Integral[\I\], I)->I is not applicable to an argument of type (Array[\RR64,ZZ32\], Array[\RR64,ZZ32\]). - (NN32, NN32)->NN32 is not applicable to an argument of type (Array[\RR64,ZZ32\], Array[\RR64,ZZ32\]). - (QQ, QQ)->QQ is not applicable to an argument of type (Array[\RR64,ZZ32\], Array[\RR64,ZZ32\]). - [\T extends Number, nat n, nat m, nat p\](Matrix[\T,n,m\], Matrix[\T,m,p\])->Matrix[\T,n,p\] is not applicable to an argument of type (Array[\RR64,ZZ32\], Array[\RR64,ZZ32\]). - [\T extends Number, nat n, nat m, nat p\](Matrix[\T,n,m\], T)->Matrix[\T,n,m\] is not applicable to an argument of type (Array[\RR64,ZZ32\], Array[\RR64,ZZ32\]). - [\T extends Number, nat n, nat m, nat p\](Matrix[\T,n,m\], Vector[\T,m\])->Vector[\T,n\] is not applicable to an argument of type (Array[\RR64,ZZ32\], Array[\RR64,ZZ32\]). - [\T extends Number, nat n, nat m, nat p\](T, Matrix[\T,n,m\])->Matrix[\T,n,m\] is not applicable to an argument of type (Array[\RR64,ZZ32\], Array[\RR64,ZZ32\]). - [\T extends Number, nat n, nat m, nat p\](T, Vector[\T,n\])->Vector[\T,n\] is not applicable to an argument of type (Array[\RR64,ZZ32\], Array[\RR64,ZZ32\]). - [\T extends Number, nat n, nat m, nat p\](Vector[\T,n\], Matrix[\T,n,m\])->Vector[\T,m\] is not applicable to an argument of type (Array[\RR64,ZZ32\], Array[\RR64,ZZ32\]). - [\T extends Number, nat n, nat m, nat p\](Vector[\T,n\], T)->Vector[\T,n\] is not applicable to an argument of type (Array[\RR64,ZZ32\], Array[\RR64,ZZ32\]). - [\T extends Number, nat n, nat m, nat p\](Vector[\T,n\], Vector[\T,n\])->T is not applicable to an argument of type (Array[\RR64,ZZ32\], Array[\RR64,ZZ32\]).
