typecheck	-	typecheck	FlatArrays.fss:181	Could not check function application - ZZ32->ZZ32 is not applicable to an argument of type RR64. FlatArrays.fss:181:29-34: Possibly because m: RR64 after argument inference FlatArrays.fss:181:17-40: Possibly because (reduction?1, unit?2): (Reduction[\ZZ32\], ZZ32->ZZ32) after argument inference
typecheck	-	typecheck	FlatArrays.fss:163	Could not check call to function row3 - [\nat a, nat b, nat c\](Array3[\RR64,0,a,0,b,0,c\], ZZ32, ZZ32)->Array[\RR64,ZZ32\] is not applicable to an argument of type (Array[\RR64,(ZZ32, ZZ32, ZZ32)\], ZZ32, ZZ32). FlatArrays.fss:163:20-29: Possibly because i: ZZ32 after argument inference FlatArrays.fss:163:9-19: Possibly because p: ZZ32 after argument inference
typecheck	-	typecheck	FlatArrays.fss:157	Could not check call to function row3 - [\nat a, nat b, nat c\](Array3[\RR64,0,a,0,b,0,c\], ZZ32, ZZ32)->Array[\RR64,ZZ32\] is not applicable to an argument of type (Array[\RR64,(ZZ32, ZZ32, ZZ32)\], ZZ32, ZZ32). FlatArrays.fss:157:20-29: Possibly because i: ZZ32 after argument inference FlatArrays.fss:157:9-19: Possibly because p: ZZ32 after argument inference
typecheck	-	typecheck	FlatArrays.fss:151	Could not check call to function row - [\nat r, nat c\](Matrix[\RR64,r,c\], ZZ32)->Array[\RR64,ZZ32\] is not applicable to an argument of type (Array[\RR64,(ZZ32, ZZ32)\], ZZ32). FlatArrays.fss:151:9-18: Possibly because i: ZZ32 after argument inference
typecheck	-	typecheck	FlatArrays.fss:145	Could not check call to function row - [\nat r, nat c\](Matrix[\RR64,r,c\], ZZ32)->Array[\RR64,ZZ32\] is not applicable to an argument of type (Array[\RR64,(ZZ32, ZZ32)\], ZZ32). FlatArrays.fss:145:9-18: Possibly because i: ZZ32 after argument inference
typecheck	-	typecheck	FlatArrays.fss:131	Could not check call to function plane - [\nat a, nat b, nat c\](Array3[\RR64,0,a,0,b,0,c\], ZZ32)->Array[\RR64,(ZZ32, ZZ32)\] is not applicable to an argument of type (Array[\RR64,(ZZ32, ZZ32, ZZ32)\], ZZ32). FlatArrays.fss:131:9-19: Possibly because p: ZZ32 after argument inference
typecheck	-	typecheck	FlatArrays.fss:108	Could not check call to function unheadsN - [\nat a, nat b, nat c, nat r, nat cc\](Array3[\RR64,0,a,0,b,0,c\], ZZ32, NatReflect.N[\r\], NatReflect.N[\cc\])->Matrix[\RR64,r,cc\] is not applicable to an argument of type (Array3[\RR64,0,a,0,b,0,c\], ZZ32, NatReflect.NatParam, NatReflect.NatParam).
typecheck	-	typecheck	FlatArrays.fss:95	Could not check call to function headsN - [\nat br, nat bc, nat a, nat b, nat c\](Matrix[\RR64,br,bc\], ZZ32, ZZ32, ZZ32, NatReflect.N[\a\], NatReflect.N[\b\], NatReflect.N[\c\])->Array3[\RR64,0,a,0,b,0,c\] is not applicable to an argument of type (Matrix[\RR64,br,bc\], ZZ32, ZZ32, ZZ32, NatReflect.NatParam, NatReflect.NatParam, NatReflect.NatParam).
typecheck	-	typecheck	FlatArrays.fss:64	Could not check call to function viewN - [\nat s, nat r, nat c\](Vector[\RR64,s\], ZZ32, NatReflect.N[\r\], NatReflect.N[\c\])->Matrix[\RR64,r,c\] is not applicable to an argument of type (Vector[\RR64,s\], ZZ32, NatReflect.NatParam, NatReflect.NatParam).
typecheck	-	typecheck	FlatArrays.fss:42	Function body has type Array2[\RR64,0,s,0,s2\], but declared return type is Matrix[\RR64,s,s2\].
export	-	export	FlatArrays.fss:9	Component FlatArrays exports API FlatArrays but does not define all declarations in FlatArrays. Missing declarations: {flat(ms:Array[\RR64,(ZZ32, ZZ32)\]...):Array[\RR64,ZZ32\] at FlatArrays.fsi:54:1-56:1}
typecheck	-	typecheck	FlatData.fss:122	Character has no getter called codePoint FlatData.fss:122:30-53: Possibly because j: ZZ32 after argument inference FlatData.fss:122:9-29: Possibly because d: ZZ32 after argument inference
typecheck	-	typecheck	FlatData.fss:97	Could not check call to function parseRow - [\nat s\](String, Vector[\RR64,s\], ZZ32)->ZZ32 is not applicable to an argument of type (String, Array[\RR64,ZZ32\], ZZ32). FlatData.fss:97:13-60: Possibly because line: String after argument inference FlatData.fss:96:9-27: Possibly because i: ZZ32 after argument inference
typecheck	-	typecheck	FlatData.fss:99	Could not check call to function fail - Could not infer static argument T without context.
typecheck	-	typecheck	FlatData.fss:63	Could not check call to function parseRow - [\nat s\](String, Vector[\RR64,s\], ZZ32)->ZZ32 is not applicable to an argument of type (String, Array[\RR64,ZZ32\], IntLiteral).
typecheck	-	typecheck	MicroGptFlat.fss:57	Could not check call to function gather - [\T extends Number, nat r, nat c, nat k\](Matrix[\T,r,c\], Vector[\ZZ32,k\])->Array[\T,(ZZ32, ZZ32)\] is not applicable to an argument of type (Array[\RR64,(ZZ32, ZZ32)\], Array[\ZZ32,ZZ32\]).
typecheck	-	typecheck	MicroGptFlat.fss:45	Could not check call to function view - (Array[\RR64,ZZ32\], ZZ32)->Array[\RR64,(ZZ32, ZZ32)\] is not applicable to an argument of type (Array[\RR64,ZZ32\], ZZ32, ZZ32, ZZ32). - [\nat s\](Vector[\RR64,s\], ZZ32, ZZ32, ZZ32)->Array[\RR64,(ZZ32, ZZ32)\] is not applicable to an argument of type (Array[\RR64,ZZ32\], ZZ32, ZZ32, ZZ32).
typecheck	-	typecheck	MicroGptFlat.fss:41	Function body has type ((), ()), but declared return type is (ZZ32, ZZ32).
typecheck	-	typecheck	MicroGptFlat.fss:34	Could not check call to operator DOT - ((NN64 & {UnsignedLong}), NN64)->NN64 is not applicable to an argument of type (Array[\RR64,ZZ32\], Array[\RR64,ZZ32\]). - ((RR64 & {Float, FloatLiteral, RR32}), RR64)->RR64 is not applicable to an argument of type (Array[\RR64,ZZ32\], Array[\RR64,ZZ32\]). - ((ZZ32 & {Int, IntLiteral}), ZZ32)->ZZ32 is not applicable to an argument of type (Array[\RR64,ZZ32\], Array[\RR64,ZZ32\]). - ((ZZ64 & {Long}), ZZ64)->ZZ64 is not applicable to an argument of type (Array[\RR64,ZZ32\], Array[\RR64,ZZ32\]). - (Integral[\I\], I)->I is not applicable to an argument of type (Array[\RR64,ZZ32\], Array[\RR64,ZZ32\]). - (NN32, NN32)->NN32 is not applicable to an argument of type (Array[\RR64,ZZ32\], Array[\RR64,ZZ32\]). - (QQ, QQ)->QQ is not applicable to an argument of type (Array[\RR64,ZZ32\], Array[\RR64,ZZ32\]). - [\T extends Number, nat n, nat m, nat p\](Matrix[\T,n,m\], Matrix[\T,m,p\])->Matrix[\T,n,p\] is not applicable to an argument of type (Array[\RR64,ZZ32\], Array[\RR64,ZZ32\]). - [\T extends Number, nat n, nat m, nat p\](Matrix[\T,n,m\], T)->Matrix[\T,n,m\] is not applicable to an argument of type (Array[\RR64,ZZ32\], Array[\RR64,ZZ32\]). - [\T extends Number, nat n, nat m, nat p\](Matrix[\T,n,m\], Vector[\T,m\])->Vector[\T,n\] is not applicable to an argument of type (Array[\RR64,ZZ32\], Array[\RR64,ZZ32\]). - [\T extends Number, nat n, nat m, nat p\](T, Matrix[\T,n,m\])->Matrix[\T,n,m\] is not applicable to an argument of type (Array[\RR64,ZZ32\], Array[\RR64,ZZ32\]). - [\T extends Number, nat n, nat m, nat p\](T, Vector[\T,n\])->Vector[\T,n\] is not applicable to an argument of type (Array[\RR64,ZZ32\], Array[\RR64,ZZ32\]). - [\T extends Number, nat n, nat m, nat p\](Vector[\T,n\], Matrix[\T,n,m\])->Vector[\T,m\] is not applicable to an argument of type (Array[\RR64,ZZ32\], Array[\RR64,ZZ32\]). - [\T extends Number, nat n, nat m, nat p\](Vector[\T,n\], T)->Vector[\T,n\] is not applicable to an argument of type (Array[\RR64,ZZ32\], Array[\RR64,ZZ32\]). - [\T extends Number, nat n, nat m, nat p\](Vector[\T,n\], Vector[\T,n\])->T is not applicable to an argument of type (Array[\RR64,ZZ32\], Array[\RR64,ZZ32\]).
typecheck	-	typecheck	MicroGptFlat.fss:31	Could not check call to operator DOT - ((NN64 & {UnsignedLong}), NN64)->NN64 is not applicable to an argument of type (Array[\RR64,ZZ32\], Array[\RR64,ZZ32\]). - ((RR64 & {Float, FloatLiteral, RR32}), RR64)->RR64 is not applicable to an argument of type (Array[\RR64,ZZ32\], Array[\RR64,ZZ32\]). - ((ZZ32 & {Int, IntLiteral}), ZZ32)->ZZ32 is not applicable to an argument of type (Array[\RR64,ZZ32\], Array[\RR64,ZZ32\]). - ((ZZ64 & {Long}), ZZ64)->ZZ64 is not applicable to an argument of type (Array[\RR64,ZZ32\], Array[\RR64,ZZ32\]). - (Integral[\I\], I)->I is not applicable to an argument of type (Array[\RR64,ZZ32\], Array[\RR64,ZZ32\]). - (NN32, NN32)->NN32 is not applicable to an argument of type (Array[\RR64,ZZ32\], Array[\RR64,ZZ32\]). - (QQ, QQ)->QQ is not applicable to an argument of type (Array[\RR64,ZZ32\], Array[\RR64,ZZ32\]). - [\T extends Number, nat n, nat m, nat p\](Matrix[\T,n,m\], Matrix[\T,m,p\])->Matrix[\T,n,p\] is not applicable to an argument of type (Array[\RR64,ZZ32\], Array[\RR64,ZZ32\]). - [\T extends Number, nat n, nat m, nat p\](Matrix[\T,n,m\], T)->Matrix[\T,n,m\] is not applicable to an argument of type (Array[\RR64,ZZ32\], Array[\RR64,ZZ32\]). - [\T extends Number, nat n, nat m, nat p\](Matrix[\T,n,m\], Vector[\T,m\])->Vector[\T,n\] is not applicable to an argument of type (Array[\RR64,ZZ32\], Array[\RR64,ZZ32\]). - [\T extends Number, nat n, nat m, nat p\](T, Matrix[\T,n,m\])->Matrix[\T,n,m\] is not applicable to an argument of type (Array[\RR64,ZZ32\], Array[\RR64,ZZ32\]). - [\T extends Number, nat n, nat m, nat p\](T, Vector[\T,n\])->Vector[\T,n\] is not applicable to an argument of type (Array[\RR64,ZZ32\], Array[\RR64,ZZ32\]). - [\T extends Number, nat n, nat m, nat p\](Vector[\T,n\], Matrix[\T,n,m\])->Vector[\T,m\] is not applicable to an argument of type (Array[\RR64,ZZ32\], Array[\RR64,ZZ32\]). - [\T extends Number, nat n, nat m, nat p\](Vector[\T,n\], T)->Vector[\T,n\] is not applicable to an argument of type (Array[\RR64,ZZ32\], Array[\RR64,ZZ32\]). - [\T extends Number, nat n, nat m, nat p\](Vector[\T,n\], Vector[\T,n\])->T is not applicable to an argument of type (Array[\RR64,ZZ32\], Array[\RR64,ZZ32\]).
typecheck	-	typecheck	MicroGptFlat.fss:27	Could not check call to operator DOT - ((NN64 & {UnsignedLong}), NN64)->NN64 is not applicable to an argument of type (Array[\RR64,ZZ32\], Array[\RR64,ZZ32\]). - ((RR64 & {Float, FloatLiteral, RR32}), RR64)->RR64 is not applicable to an argument of type (Array[\RR64,ZZ32\], Array[\RR64,ZZ32\]). - ((ZZ32 & {Int, IntLiteral}), ZZ32)->ZZ32 is not applicable to an argument of type (Array[\RR64,ZZ32\], Array[\RR64,ZZ32\]). - ((ZZ64 & {Long}), ZZ64)->ZZ64 is not applicable to an argument of type (Array[\RR64,ZZ32\], Array[\RR64,ZZ32\]). - (Integral[\I\], I)->I is not applicable to an argument of type (Array[\RR64,ZZ32\], Array[\RR64,ZZ32\]). - (NN32, NN32)->NN32 is not applicable to an argument of type (Array[\RR64,ZZ32\], Array[\RR64,ZZ32\]). - (QQ, QQ)->QQ is not applicable to an argument of type (Array[\RR64,ZZ32\], Array[\RR64,ZZ32\]). - [\T extends Number, nat n, nat m, nat p\](Matrix[\T,n,m\], Matrix[\T,m,p\])->Matrix[\T,n,p\] is not applicable to an argument of type (Array[\RR64,ZZ32\], Array[\RR64,ZZ32\]). - [\T extends Number, nat n, nat m, nat p\](Matrix[\T,n,m\], T)->Matrix[\T,n,m\] is not applicable to an argument of type (Array[\RR64,ZZ32\], Array[\RR64,ZZ32\]). - [\T extends Number, nat n, nat m, nat p\](Matrix[\T,n,m\], Vector[\T,m\])->Vector[\T,n\] is not applicable to an argument of type (Array[\RR64,ZZ32\], Array[\RR64,ZZ32\]). - [\T extends Number, nat n, nat m, nat p\](T, Matrix[\T,n,m\])->Matrix[\T,n,m\] is not applicable to an argument of type (Array[\RR64,ZZ32\], Array[\RR64,ZZ32\]). - [\T extends Number, nat n, nat m, nat p\](T, Vector[\T,n\])->Vector[\T,n\] is not applicable to an argument of type (Array[\RR64,ZZ32\], Array[\RR64,ZZ32\]). - [\T extends Number, nat n, nat m, nat p\](Vector[\T,n\], Matrix[\T,n,m\])->Vector[\T,m\] is not applicable to an argument of type (Array[\RR64,ZZ32\], Array[\RR64,ZZ32\]). - [\T extends Number, nat n, nat m, nat p\](Vector[\T,n\], T)->Vector[\T,n\] is not applicable to an argument of type (Array[\RR64,ZZ32\], Array[\RR64,ZZ32\]). - [\T extends Number, nat n, nat m, nat p\](Vector[\T,n\], Vector[\T,n\])->T is not applicable to an argument of type (Array[\RR64,ZZ32\], Array[\RR64,ZZ32\]).
