tests	GS2.fss	GS2	255		1	
tests	GenericFnWithExcludes.fss	GenericFnWithExcludes	1		1	
tests	InitOrderWithMutable.fss	InitOrderWithMutable	0	0	2	0
tests	LongStringTests.fss	LongStringTests	255		1	
tests	MapTest.fss	MapTest	255		1	
tests	ObjectFieldShadowing.fss	ObjectFieldShadowing	0	0	2	0
tests	OverloadWithSuperExcludes.fss	OverloadWithSuperExcludes	0	0	3	0
tests	SkipListTest.fss	SkipListTest	255		2	
tests	XXXimmutableTopLevel.fss	XXXimmutableTopLevel	255		1	
tests	XXXmutableTopVarWithoutType.fss	XXXmutableTopVarWithoutType	255		1	
tests	genericTest3.fss	genericTest3	255		3	
tests	genericTest4.fss	genericTest4	255		2	
tests	immutableTopLevel.fss	immutableTopLevel	0	0	3	0
tests	objectCC_mutable.fss	objectCC_mutable	1		4	
tests	overloadTest1.fss	overloadTest1	0	0	2	1
tests	overloadTest2.fss	overloadTest2	0	0	2	0
tests	overloadTest3.fss	overloadTest3	255		2	
tests	overloadTest6.fss	overloadTest6	255		2	
tests	overloadTest7.fss	overloadTest7	0	0	3	0
tests	overloadTest8.fss	overloadTest8	0	0	3	0
