file	line	owner	kind	name	header	glue
Library/FortressLibrary.fss	703	ZZ32	opr	=	opr =(self, b:ZZ32):Boolean	com.sun.fortress.interpreter.glue.prim.Int$Eq
Library/FortressLibrary.fss	705	ZZ32	opr	<	opr <(self, b:ZZ32):Boolean	com.sun.fortress.interpreter.glue.prim.Int$Less
Library/FortressLibrary.fss	712	ZZ32	opr	-	opr -(self):ZZ32	com.sun.fortress.interpreter.glue.prim.Int$Negate
Library/FortressLibrary.fss	714	ZZ32	opr	DOTMINUS	opr DOTMINUS(self):ZZ32	com.sun.fortress.interpreter.glue.prim.Int$WrappingNegate
Library/FortressLibrary.fss	716	ZZ32	opr	+	opr +(self,b:ZZ32):ZZ32	com.sun.fortress.interpreter.glue.prim.Int$Add
Library/FortressLibrary.fss	718	ZZ32	opr	DOTPLUS	opr DOTPLUS(self,b:ZZ32):ZZ32	com.sun.fortress.interpreter.glue.prim.Int$WrappingAdd
Library/FortressLibrary.fss	720	ZZ32	opr	-	opr -(self,b:ZZ32):ZZ32	com.sun.fortress.interpreter.glue.prim.Int$Sub
Library/FortressLibrary.fss	722	ZZ32	opr	DOTMINUS	opr DOTMINUS(self,b:ZZ32):ZZ32	com.sun.fortress.interpreter.glue.prim.Int$WrappingSub
Library/FortressLibrary.fss	724	ZZ32	opr	DOT	opr DOT(self,b:ZZ32):ZZ32	com.sun.fortress.interpreter.glue.prim.Int$Mul
Library/FortressLibrary.fss	726	ZZ32	opr	TIMES	opr TIMES(self,b:ZZ32):ZZ32	com.sun.fortress.interpreter.glue.prim.Int$Mul
Library/FortressLibrary.fss	728	ZZ32	opr	juxtaposition	opr juxtaposition(self,b:ZZ32):ZZ32	com.sun.fortress.interpreter.glue.prim.Int$Mul
Library/FortressLibrary.fss	730	ZZ32	opr	DOTTIMES	opr DOTTIMES(self,b:ZZ32):ZZ32	com.sun.fortress.interpreter.glue.prim.Int$WrappingMul
Library/FortressLibrary.fss	732	ZZ32	opr	DIV	opr DIV(self,b:ZZ32):ZZ32	com.sun.fortress.interpreter.glue.prim.Int$Div
Library/FortressLibrary.fss	734	ZZ32	opr	REM	opr REM(self,b:ZZ32):ZZ32	com.sun.fortress.interpreter.glue.prim.Int$Rem
Library/FortressLibrary.fss	736	ZZ32	opr	MOD	opr MOD(self,b:ZZ32):ZZ32	com.sun.fortress.interpreter.glue.prim.Int$Mod
Library/FortressLibrary.fss	738	ZZ32	opr	GCD	opr GCD(self,b:ZZ32):ZZ32	com.sun.fortress.interpreter.glue.prim.Int$Gcd
Library/FortressLibrary.fss	740	ZZ32	opr	LCM	opr LCM(self,b:ZZ32):ZZ32	com.sun.fortress.interpreter.glue.prim.Int$Lcm
Library/FortressLibrary.fss	742	ZZ32	opr	CHOOSE	opr CHOOSE(self,b:ZZ32):ZZ32	com.sun.fortress.interpreter.glue.prim.Int$Choose
Library/FortressLibrary.fss	744	ZZ32	opr	BITAND	opr BITAND(self,b:ZZ32):ZZ32	com.sun.fortress.interpreter.glue.prim.Int$BitAnd
Library/FortressLibrary.fss	746	ZZ32	opr	BITOR	opr BITOR(self,b:ZZ32):ZZ32	com.sun.fortress.interpreter.glue.prim.Int$BitOr
Library/FortressLibrary.fss	748	ZZ32	opr	BITXOR	opr BITXOR(self,b:ZZ32):ZZ32	com.sun.fortress.interpreter.glue.prim.Int$BitXor
Library/FortressLibrary.fss	750	ZZ32	opr	LSHIFT	opr LSHIFT(self,b:AnyIntegral):ZZ32	com.sun.fortress.interpreter.glue.prim.Int$LShift
Library/FortressLibrary.fss	752	ZZ32	opr	RSHIFT	opr RSHIFT(self,b:AnyIntegral):ZZ32	com.sun.fortress.interpreter.glue.prim.Int$RShift
Library/FortressLibrary.fss	754	ZZ32	opr	BITNOT	opr BITNOT(self):ZZ32	com.sun.fortress.interpreter.glue.prim.Int$BitNot
Library/FortressLibrary.fss	756	ZZ32	opr	^	opr ^(self, b:AnyIntegral):RR64	com.sun.fortress.interpreter.glue.prim.Int$Pow
Library/FortressLibrary.fss	758	ZZ32	fn	widen	widen(self):ZZ64	com.sun.fortress.interpreter.glue.prim.Int$ToLong
Library/FortressLibrary.fss	760	ZZ32	fn	partitionL	partitionL(self):ZZ32	com.sun.fortress.interpreter.glue.prim.Int$Partition
Library/FortressLibrary.fss	762	ZZ32	fn	unsigned	unsigned(self):NN32	com.sun.fortress.interpreter.glue.prim.ZZ32$ToNN32
Library/FortressLibrary.fss	765	ZZ32	fn	big	big(self):ZZ	com.sun.fortress.interpreter.glue.prim.Long$ToBigNum
Library/FortressLibrary.fss	782	ZZ64	opr	=	opr =(self, b:ZZ64):Boolean	com.sun.fortress.interpreter.glue.prim.Long$Eq
Library/FortressLibrary.fss	784	ZZ64	opr	<	opr <(self, b:ZZ64):Boolean	com.sun.fortress.interpreter.glue.prim.Long$Less
Library/FortressLibrary.fss	800	ZZ64	opr	-	opr -(self):ZZ64	com.sun.fortress.interpreter.glue.prim.Long$Negate
Library/FortressLibrary.fss	802	ZZ64	opr	DOTMINUS	opr DOTMINUS(self):ZZ64	com.sun.fortress.interpreter.glue.prim.Long$WrappingNegate
Library/FortressLibrary.fss	804	ZZ64	opr	+	opr +(self,b:ZZ64):ZZ64	com.sun.fortress.interpreter.glue.prim.Long$Add
Library/FortressLibrary.fss	806	ZZ64	opr	DOTPLUS	opr DOTPLUS(self,b:ZZ64):ZZ64	com.sun.fortress.interpreter.glue.prim.Long$WrappingAdd
Library/FortressLibrary.fss	808	ZZ64	opr	-	opr -(self,b:ZZ64):ZZ64	com.sun.fortress.interpreter.glue.prim.Long$Sub
Library/FortressLibrary.fss	810	ZZ64	opr	DOTMINUS	opr DOTMINUS(self,b:ZZ64):ZZ64	com.sun.fortress.interpreter.glue.prim.Long$WrappingSub
Library/FortressLibrary.fss	812	ZZ64	opr	DOT	opr DOT(self,b:ZZ64):ZZ64	com.sun.fortress.interpreter.glue.prim.Long$Mul
Library/FortressLibrary.fss	814	ZZ64	opr	TIMES	opr TIMES(self,b:ZZ64):ZZ64	com.sun.fortress.interpreter.glue.prim.Long$Mul
Library/FortressLibrary.fss	816	ZZ64	opr	juxtaposition	opr juxtaposition(self,b:ZZ64):ZZ64	com.sun.fortress.interpreter.glue.prim.Long$Mul
Library/FortressLibrary.fss	818	ZZ64	opr	DOTTIMES	opr DOTTIMES(self,b:ZZ64):ZZ64	com.sun.fortress.interpreter.glue.prim.Long$WrappingMul
Library/FortressLibrary.fss	820	ZZ64	opr	DIV	opr DIV(self,b:ZZ64):ZZ64	com.sun.fortress.interpreter.glue.prim.Long$Div
Library/FortressLibrary.fss	822	ZZ64	opr	REM	opr REM(self,b:ZZ64):ZZ64	com.sun.fortress.interpreter.glue.prim.Long$Rem
Library/FortressLibrary.fss	824	ZZ64	opr	MOD	opr MOD(self,b:ZZ64):ZZ64	com.sun.fortress.interpreter.glue.prim.Long$Mod
Library/FortressLibrary.fss	826	ZZ64	opr	GCD	opr GCD(self,b:ZZ64):ZZ64	com.sun.fortress.interpreter.glue.prim.Long$Gcd
Library/FortressLibrary.fss	828	ZZ64	opr	LCM	opr LCM(self,b:ZZ64):ZZ64	com.sun.fortress.interpreter.glue.prim.Long$Lcm
Library/FortressLibrary.fss	830	ZZ64	opr	CHOOSE	opr CHOOSE(self,b:ZZ64):ZZ64	com.sun.fortress.interpreter.glue.prim.Long$Choose
Library/FortressLibrary.fss	832	ZZ64	opr	BITAND	opr BITAND(self,b:ZZ64):ZZ64	com.sun.fortress.interpreter.glue.prim.Long$BitAnd
Library/FortressLibrary.fss	834	ZZ64	opr	BITOR	opr BITOR(self,b:ZZ64):ZZ64	com.sun.fortress.interpreter.glue.prim.Long$BitOr
Library/FortressLibrary.fss	836	ZZ64	opr	BITXOR	opr BITXOR(self,b:ZZ64):ZZ64	com.sun.fortress.interpreter.glue.prim.Long$BitXor
Library/FortressLibrary.fss	838	ZZ64	opr	LSHIFT	opr LSHIFT(self,b:AnyIntegral):ZZ64	com.sun.fortress.interpreter.glue.prim.Long$LShift
Library/FortressLibrary.fss	840	ZZ64	opr	RSHIFT	opr RSHIFT(self,b:AnyIntegral):ZZ64	com.sun.fortress.interpreter.glue.prim.Long$RShift
Library/FortressLibrary.fss	842	ZZ64	opr	BITNOT	opr BITNOT(self):ZZ64	com.sun.fortress.interpreter.glue.prim.Long$BitNot
Library/FortressLibrary.fss	844	ZZ64	opr	^	opr ^(self, b:AnyIntegral):RR64	com.sun.fortress.interpreter.glue.prim.Long$Pow
Library/FortressLibrary.fss	846	ZZ64	fn	partitionL	partitionL(self):ZZ64	com.sun.fortress.interpreter.glue.prim.Long$Partition
Library/FortressLibrary.fss	848	ZZ64	fn	narrow	narrow(self):ZZ32	com.sun.fortress.interpreter.glue.prim.Long$FromLong
Library/FortressLibrary.fss	850	ZZ64	fn	unsigned	unsigned(self):NN64	com.sun.fortress.interpreter.glue.prim.Long$ToUnsignedLong
Library/FortressLibrary.fss	852	ZZ64	fn	big	big(self):ZZ	com.sun.fortress.interpreter.glue.prim.Long$ToBigNum
Library/FortressLibrary.fss	863	NN64	opr	=	opr =(self, b:NN64):Boolean	com.sun.fortress.interpreter.glue.prim.UnsignedLong$Eq
Library/FortressLibrary.fss	865	NN64	opr	<	opr <(self, b:NN64):Boolean	com.sun.fortress.interpreter.glue.prim.UnsignedLong$Less
Library/FortressLibrary.fss	871	NN64	opr	-	opr -(self):NN64	com.sun.fortress.interpreter.glue.prim.UnsignedLong$Negate
Library/FortressLibrary.fss	873	NN64	opr	DOTMINUS	opr DOTMINUS(self):NN64	com.sun.fortress.interpreter.glue.prim.UnsignedLong$WrappingNegate
Library/FortressLibrary.fss	875	NN64	opr	+	opr +(self,b:NN64):NN64	com.sun.fortress.interpreter.glue.prim.UnsignedLong$Add
Library/FortressLibrary.fss	877	NN64	opr	DOTPLUS	opr DOTPLUS(self,b:NN64):NN64	com.sun.fortress.interpreter.glue.prim.UnsignedLong$WrappingAdd
Library/FortressLibrary.fss	879	NN64	opr	-	opr -(self,b:NN64):NN64	com.sun.fortress.interpreter.glue.prim.UnsignedLong$Sub
Library/FortressLibrary.fss	881	NN64	opr	DOTMINUS	opr DOTMINUS(self,b:NN64):NN64	com.sun.fortress.interpreter.glue.prim.UnsignedLong$WrappingSub
Library/FortressLibrary.fss	883	NN64	opr	DOT	opr DOT(self,b:NN64):NN64	com.sun.fortress.interpreter.glue.prim.UnsignedLong$Mul
Library/FortressLibrary.fss	885	NN64	opr	TIMES	opr TIMES(self,b:NN64):NN64	com.sun.fortress.interpreter.glue.prim.UnsignedLong$Mul
Library/FortressLibrary.fss	887	NN64	opr	juxtaposition	opr juxtaposition(self,b:NN64):NN64	com.sun.fortress.interpreter.glue.prim.UnsignedLong$Mul
Library/FortressLibrary.fss	889	NN64	opr	DOTTIMES	opr DOTTIMES(self,b:NN64):NN64	com.sun.fortress.interpreter.glue.prim.UnsignedLong$WrappingMul
Library/FortressLibrary.fss	891	NN64	opr	DIV	opr DIV(self,b:NN64):NN64	com.sun.fortress.interpreter.glue.prim.UnsignedLong$Div
Library/FortressLibrary.fss	893	NN64	opr	REM	opr REM(self,b:NN64):NN64	com.sun.fortress.interpreter.glue.prim.UnsignedLong$Rem
Library/FortressLibrary.fss	895	NN64	opr	MOD	opr MOD(self,b:NN64):NN64	com.sun.fortress.interpreter.glue.prim.UnsignedLong$Mod
Library/FortressLibrary.fss	897	NN64	opr	GCD	opr GCD(self,b:NN64):NN64	com.sun.fortress.interpreter.glue.prim.UnsignedLong$Gcd
Library/FortressLibrary.fss	899	NN64	opr	LCM	opr LCM(self,b:NN64):NN64	com.sun.fortress.interpreter.glue.prim.UnsignedLong$Lcm
Library/FortressLibrary.fss	901	NN64	opr	CHOOSE	opr CHOOSE(self,b:NN64):NN64	com.sun.fortress.interpreter.glue.prim.UnsignedLong$Choose
Library/FortressLibrary.fss	903	NN64	opr	BITAND	opr BITAND(self,b:NN64):NN64	com.sun.fortress.interpreter.glue.prim.UnsignedLong$BitAnd
Library/FortressLibrary.fss	905	NN64	opr	BITOR	opr BITOR(self,b:NN64):NN64	com.sun.fortress.interpreter.glue.prim.UnsignedLong$BitOr
Library/FortressLibrary.fss	907	NN64	opr	BITXOR	opr BITXOR(self,b:NN64):NN64	com.sun.fortress.interpreter.glue.prim.UnsignedLong$BitXor
Library/FortressLibrary.fss	909	NN64	opr	LSHIFT	opr LSHIFT(self,b:AnyIntegral):NN64	com.sun.fortress.interpreter.glue.prim.UnsignedLong$LShift
Library/FortressLibrary.fss	911	NN64	opr	RSHIFT	opr RSHIFT(self,b:AnyIntegral):NN64	com.sun.fortress.interpreter.glue.prim.UnsignedLong$RShift
Library/FortressLibrary.fss	913	NN64	opr	BITNOT	opr BITNOT(self):NN64	com.sun.fortress.interpreter.glue.prim.UnsignedLong$BitNot
Library/FortressLibrary.fss	915	NN64	opr	^	opr ^(self, b:AnyIntegral):RR64	com.sun.fortress.interpreter.glue.prim.UnsignedLong$Pow
Library/FortressLibrary.fss	917	NN64	fn	partitionL	partitionL(self):NN64	com.sun.fortress.interpreter.glue.prim.UnsignedLong$Partition
Library/FortressLibrary.fss	919	NN64	fn	narrow	narrow(self):NN32	com.sun.fortress.interpreter.glue.prim.UnsignedLong$FromLong
Library/FortressLibrary.fss	921	NN64	fn	signed	signed(self):NN64	com.sun.fortress.interpreter.glue.prim.UnsignedLong$ToLong
Library/FortressLibrary.fss	941	ZZ	opr	=	opr =(self, b: ZZ):Boolean	com.sun.fortress.interpreter.glue.prim.BigNum$Eq
Library/FortressLibrary.fss	952	ZZ	fn	cmp	cmp(b:ZZ): ZZ32	com.sun.fortress.interpreter.glue.prim.BigNum$Cmp
Library/FortressLibrary.fss	955	ZZ	opr	-	opr -(self): ZZ	com.sun.fortress.interpreter.glue.prim.BigNum$Negate
Library/FortressLibrary.fss	957	ZZ	opr	DOTMINUS	opr DOTMINUS(self): ZZ	com.sun.fortress.interpreter.glue.prim.BigNum$Negate
Library/FortressLibrary.fss	959	ZZ	opr	+	opr +(self, b: ZZ): ZZ	com.sun.fortress.interpreter.glue.prim.BigNum$Add
Library/FortressLibrary.fss	961	ZZ	opr	DOTPLUS	opr DOTPLUS(self, b: ZZ): ZZ	com.sun.fortress.interpreter.glue.prim.BigNum$Add
Library/FortressLibrary.fss	963	ZZ	opr	-	opr -(self, b: ZZ): ZZ	com.sun.fortress.interpreter.glue.prim.BigNum$Sub
Library/FortressLibrary.fss	965	ZZ	opr	DOTMINUS	opr DOTMINUS(self, b: ZZ): ZZ	com.sun.fortress.interpreter.glue.prim.BigNum$Sub
Library/FortressLibrary.fss	967	ZZ	opr	DOT	opr DOT(self, b: ZZ): ZZ	com.sun.fortress.interpreter.glue.prim.BigNum$Mul
Library/FortressLibrary.fss	969	ZZ	opr	juxtaposition	opr juxtaposition(self, b: ZZ): ZZ	com.sun.fortress.interpreter.glue.prim.BigNum$Mul
Library/FortressLibrary.fss	971	ZZ	opr	TIMES	opr TIMES(self, b: ZZ): ZZ	com.sun.fortress.interpreter.glue.prim.BigNum$Mul
Library/FortressLibrary.fss	973	ZZ	opr	DOTTIMES	opr DOTTIMES(self, b: ZZ): ZZ	com.sun.fortress.interpreter.glue.prim.BigNum$Mul
Library/FortressLibrary.fss	983	ZZ	opr	DIV	opr DIV(self, b: ZZ): ZZ	com.sun.fortress.interpreter.glue.prim.BigNum$Div
Library/FortressLibrary.fss	985	ZZ	opr	REM	opr REM(self, b: ZZ): ZZ	com.sun.fortress.interpreter.glue.prim.BigNum$Rem
Library/FortressLibrary.fss	987	ZZ	opr	MOD	opr MOD(self, b: ZZ): ZZ	com.sun.fortress.interpreter.glue.prim.BigNum$Mod
Library/FortressLibrary.fss	989	ZZ	opr	GCD	opr GCD(self, b: ZZ): ZZ	com.sun.fortress.interpreter.glue.prim.BigNum$Gcd
Library/FortressLibrary.fss	991	ZZ	opr	LCM	opr LCM(self, b: ZZ): ZZ	com.sun.fortress.interpreter.glue.prim.BigNum$Lcm
Library/FortressLibrary.fss	993	ZZ	opr	CHOOSE	opr CHOOSE(self, b: ZZ): ZZ	com.sun.fortress.interpreter.glue.prim.BigNum$Choose
Library/FortressLibrary.fss	995	ZZ	opr	BITAND	opr BITAND(self, b: ZZ): ZZ	com.sun.fortress.interpreter.glue.prim.BigNum$BitAnd
Library/FortressLibrary.fss	997	ZZ	opr	BITOR	opr BITOR(self, b: ZZ): ZZ	com.sun.fortress.interpreter.glue.prim.BigNum$BitOr
Library/FortressLibrary.fss	999	ZZ	opr	BITXOR	opr BITXOR(self, b: ZZ): ZZ	com.sun.fortress.interpreter.glue.prim.BigNum$BitXor
Library/FortressLibrary.fss	1001	ZZ	opr	LSHIFT	opr LSHIFT(self, b:AnyIntegral): ZZ	com.sun.fortress.interpreter.glue.prim.BigNum$LShift
Library/FortressLibrary.fss	1003	ZZ	opr	RSHIFT	opr RSHIFT(self, b:AnyIntegral): ZZ	com.sun.fortress.interpreter.glue.prim.BigNum$RShift
Library/FortressLibrary.fss	1005	ZZ	fn	shift	shift(self, k:AnyIntegral): ZZ	com.sun.fortress.interpreter.glue.prim.BigNum$LShift
Library/FortressLibrary.fss	1007	ZZ	opr	BITNOT	opr BITNOT(self): ZZ	com.sun.fortress.interpreter.glue.prim.BigNum$BitNot
Library/FortressLibrary.fss	1009	ZZ	opr	^	opr ^(self, b:AnyIntegral):RR64	com.sun.fortress.interpreter.glue.prim.BigNum$Pow
Library/FortressLibrary.fss	1011	ZZ	fn	narrow	narrow(self):ZZ32	com.sun.fortress.interpreter.glue.prim.BigNum$ToZZ32
Library/FortressLibrary.fss	1014	ZZ	fn	widen	widen(self):ZZ64	com.sun.fortress.interpreter.glue.prim.BigNum$ToZZ64
Library/FortressLibrary.fss	4225	(top)	fn	nanoTime	nanoTime():ZZ64	com.sun.fortress.interpreter.glue.prim.Long$NanoTime
Library/FortressLibrary.fss	4226	(top)	fn	printTaskTrace	printTaskTrace():()	com.sun.fortress.interpreter.glue.prim.StringPrim$PrintTaskTrace
Library/FortressLibrary.fss	4238	(top)	fn	fromRawBits	fromRawBits(a:ZZ64):RR64	com.sun.fortress.interpreter.glue.prim.Float$FromRawBits
Library/FortressLibrary.fss	4240	(top)	fn	random	random(a:Number):RR64	com.sun.fortress.interpreter.glue.prim.Float$Random
Library/FortressLibrary.fss	4243	(top)	fn	char	char(a:ZZ32):Char	com.sun.fortress.interpreter.glue.prim.Char$Chr
Library/FortressLibrary.fss	4318	(top)	fn	match	match(regex:FlatString,some:FlatString):Boolean	com.sun.fortress.interpreter.glue.prim.StringPrim$Match
Library/FortressLibrary.fss	4331	(top)	fn	printThreadInfo	printThreadInfo(a:String):()	com.sun.fortress.interpreter.glue.prim.StringPrim$PrintThreadInfo
Library/FortressLibrary.fss	4332	(top)	fn	printThreadInfo	printThreadInfo(a:Number):()	com.sun.fortress.interpreter.glue.prim.StringPrim$PrintThreadInfo
Library/FortressLibrary.fss	4334	(top)	fn	printWithThread	printWithThread(a:String):()	com.sun.fortress.interpreter.glue.prim.StringPrim$PrintWithThread
Library/FortressLibrary.fss	4335	(top)	fn	printlnWithThread	printlnWithThread(a:String):()	com.sun.fortress.interpreter.glue.prim.StringPrim$PrintlnWithThread
Library/FortressLibrary.fss	4341	(top)	opr	SEQV	opr SEQV(a:Any, b:Any):Boolean	com.sun.fortress.interpreter.glue.prim.AnyPrim$SEquiv
ProjectFortress/LibraryBuiltin/FortressBuiltin.fss	38	Object	getter	ilkName	getter ilkName(): String	com.sun.fortress.interpreter.glue.prim.ObjectPrims$ClassName
ProjectFortress/LibraryBuiltin/FortressBuiltin.fss	40	Object	getter	asString	getter asString(): String	com.sun.fortress.interpreter.glue.prim.ObjectPrims$ToString
ProjectFortress/LibraryBuiltin/FortressBuiltin.fss	55	Float	getter	asString	getter asString(): String	com.sun.fortress.interpreter.glue.prim.Float$ToString
ProjectFortress/LibraryBuiltin/FortressBuiltin.fss	57	Float	getter	asExprString	getter asExprString(): String	com.sun.fortress.interpreter.glue.prim.Float$ToString
ProjectFortress/LibraryBuiltin/FortressBuiltin.fss	60	Float	getter	isNaN	getter isNaN(): Boolean	com.sun.fortress.interpreter.glue.prim.Float$isNaN
ProjectFortress/LibraryBuiltin/FortressBuiltin.fss	63	Float	getter	isInfinite	getter isInfinite(): Boolean	com.sun.fortress.interpreter.glue.prim.Float$isInfinite
ProjectFortress/LibraryBuiltin/FortressBuiltin.fss	66	Float	getter	rawBits	getter rawBits():ZZ64	com.sun.fortress.interpreter.glue.prim.Float$RawBits
ProjectFortress/LibraryBuiltin/FortressBuiltin.fss	70	Float	getter	nextUp	getter nextUp():RR64	com.sun.fortress.interpreter.glue.prim.Float$NextUp
ProjectFortress/LibraryBuiltin/FortressBuiltin.fss	73	Float	getter	nextDown	getter nextDown():RR64	com.sun.fortress.interpreter.glue.prim.Float$NextDown
ProjectFortress/LibraryBuiltin/FortressBuiltin.fss	77	Float	fn	narrow	narrow(self): RR32	com.sun.fortress.interpreter.glue.prim.Float$Narrow
ProjectFortress/LibraryBuiltin/FortressBuiltin.fss	79	Float	opr	|self|	opr |self| : Number	com.sun.fortress.interpreter.glue.prim.Float$Abs
ProjectFortress/LibraryBuiltin/FortressBuiltin.fss	81	Float	opr	=	opr =(self, b:Float):Boolean	com.sun.fortress.interpreter.glue.prim.Float$Eq
ProjectFortress/LibraryBuiltin/FortressBuiltin.fss	83	Float	opr	=/=	opr =/=(self, b:Float):Boolean	com.sun.fortress.interpreter.glue.prim.Float$NEq
ProjectFortress/LibraryBuiltin/FortressBuiltin.fss	85	Float	opr	<	opr <(self, b:Float):Boolean	com.sun.fortress.interpreter.glue.prim.Float$Less
ProjectFortress/LibraryBuiltin/FortressBuiltin.fss	87	Float	opr	<=	opr <=(self, b:Float):Boolean	com.sun.fortress.interpreter.glue.prim.Float$LessEq
ProjectFortress/LibraryBuiltin/FortressBuiltin.fss	89	Float	opr	>	opr >(self, b:Float):Boolean	com.sun.fortress.interpreter.glue.prim.Float$Greater
ProjectFortress/LibraryBuiltin/FortressBuiltin.fss	91	Float	opr	>=	opr >=(self, b:Float):Boolean	com.sun.fortress.interpreter.glue.prim.Float$GreaterEq
ProjectFortress/LibraryBuiltin/FortressBuiltin.fss	95	Float	opr	MIN	opr MIN(self, b:Float):RR64	com.sun.fortress.interpreter.glue.prim.Float$Min
ProjectFortress/LibraryBuiltin/FortressBuiltin.fss	97	Float	opr	MAX	opr MAX(self, b:Float):RR64	com.sun.fortress.interpreter.glue.prim.Float$Max
ProjectFortress/LibraryBuiltin/FortressBuiltin.fss	101	Float	opr	-	opr -(self):RR64	com.sun.fortress.interpreter.glue.prim.Float$Negate
ProjectFortress/LibraryBuiltin/FortressBuiltin.fss	103	Float	opr	+	opr +(self,b:Float):RR64	com.sun.fortress.interpreter.glue.prim.Float$Add
ProjectFortress/LibraryBuiltin/FortressBuiltin.fss	105	Float	opr	-	opr -(self,b:Float):RR64	com.sun.fortress.interpreter.glue.prim.Float$Sub
ProjectFortress/LibraryBuiltin/FortressBuiltin.fss	107	Float	opr	DOT	opr DOT(self,b:Float):RR64	com.sun.fortress.interpreter.glue.prim.Float$Mul
ProjectFortress/LibraryBuiltin/FortressBuiltin.fss	109	Float	opr	TIMES	opr TIMES(self,b:Float):RR64	com.sun.fortress.interpreter.glue.prim.Float$Mul
ProjectFortress/LibraryBuiltin/FortressBuiltin.fss	111	Float	opr	juxtaposition	opr juxtaposition (self,b:Float):RR64	com.sun.fortress.interpreter.glue.prim.Float$Mul
ProjectFortress/LibraryBuiltin/FortressBuiltin.fss	114	Float	opr	/	opr /(self,b:Float):RR64	com.sun.fortress.interpreter.glue.prim.Float$Div
ProjectFortress/LibraryBuiltin/FortressBuiltin.fss	116	Float	opr	SQRT	opr SQRT(self):RR64	com.sun.fortress.interpreter.glue.prim.Float$Sqrt
ProjectFortress/LibraryBuiltin/FortressBuiltin.fss	118	Float	opr	PLUS_UP	opr PLUS_UP(self,b:Float):RR64	com.sun.fortress.interpreter.glue.prim.Float$AddUpNoNaN
ProjectFortress/LibraryBuiltin/FortressBuiltin.fss	120	Float	opr	MINUS_UP	opr MINUS_UP(self,b:Float):RR64	com.sun.fortress.interpreter.glue.prim.Float$SubUpNoNaN
ProjectFortress/LibraryBuiltin/FortressBuiltin.fss	122	Float	opr	DOT_UP	opr DOT_UP(self,b:Float):RR64	com.sun.fortress.interpreter.glue.prim.Float$MulUpNoNaN
ProjectFortress/LibraryBuiltin/FortressBuiltin.fss	124	Float	opr	SLASH_UP	opr SLASH_UP(self,b:Float):RR64	com.sun.fortress.interpreter.glue.prim.Float$DivUpNoNaN
ProjectFortress/LibraryBuiltin/FortressBuiltin.fss	126	Float	opr	SQRT_UP	opr SQRT_UP(self):RR64	com.sun.fortress.interpreter.glue.prim.Float$SqrtUp
ProjectFortress/LibraryBuiltin/FortressBuiltin.fss	128	Float	opr	PLUS_DOWN	opr PLUS_DOWN(self,b:Float):RR64	com.sun.fortress.interpreter.glue.prim.Float$AddDownNoNaN
ProjectFortress/LibraryBuiltin/FortressBuiltin.fss	130	Float	opr	MINUS_DOWN	opr MINUS_DOWN(self,b:Float):RR64	com.sun.fortress.interpreter.glue.prim.Float$SubDownNoNaN
ProjectFortress/LibraryBuiltin/FortressBuiltin.fss	132	Float	opr	DOT_DOWN	opr DOT_DOWN(self,b:Float):RR64	com.sun.fortress.interpreter.glue.prim.Float$MulDownNoNaN
ProjectFortress/LibraryBuiltin/FortressBuiltin.fss	134	Float	opr	SLASH_DOWN	opr SLASH_DOWN(self,b:Float):RR64	com.sun.fortress.interpreter.glue.prim.Float$DivDownNoNaN
ProjectFortress/LibraryBuiltin/FortressBuiltin.fss	136	Float	opr	SQRT_DOWN	opr SQRT_DOWN(self):RR64	com.sun.fortress.interpreter.glue.prim.Float$SqrtDown
ProjectFortress/LibraryBuiltin/FortressBuiltin.fss	138	Float	opr	IEEE_PLUS_UP	opr IEEE_PLUS_UP(self,b:Float):RR64	com.sun.fortress.interpreter.glue.prim.Float$AddUp
ProjectFortress/LibraryBuiltin/FortressBuiltin.fss	140	Float	opr	IEEE_MINUS_UP	opr IEEE_MINUS_UP(self,b:Float):RR64	com.sun.fortress.interpreter.glue.prim.Float$SubUp
ProjectFortress/LibraryBuiltin/FortressBuiltin.fss	142	Float	opr	IEEE_DOT_UP	opr IEEE_DOT_UP(self,b:Float):RR64	com.sun.fortress.interpreter.glue.prim.Float$MulUp
ProjectFortress/LibraryBuiltin/FortressBuiltin.fss	144	Float	opr	IEEE_SLASH_UP	opr IEEE_SLASH_UP(self,b:Float):RR64	com.sun.fortress.interpreter.glue.prim.Float$DivUp
ProjectFortress/LibraryBuiltin/FortressBuiltin.fss	146	Float	opr	IEEE_PLUS_DOWN	opr IEEE_PLUS_DOWN(self,b:Float):RR64	com.sun.fortress.interpreter.glue.prim.Float$AddDown
ProjectFortress/LibraryBuiltin/FortressBuiltin.fss	148	Float	opr	IEEE_MINUS_DOWN	opr IEEE_MINUS_DOWN(self,b:Float):RR64	com.sun.fortress.interpreter.glue.prim.Float$SubDown
ProjectFortress/LibraryBuiltin/FortressBuiltin.fss	150	Float	opr	IEEE_DOT_DOWN	opr IEEE_DOT_DOWN(self,b:Float):RR64	com.sun.fortress.interpreter.glue.prim.Float$MulDown
ProjectFortress/LibraryBuiltin/FortressBuiltin.fss	152	Float	opr	IEEE_SLASH_DOWN	opr IEEE_SLASH_DOWN(self,b:Float):RR64	com.sun.fortress.interpreter.glue.prim.Float$DivDown
ProjectFortress/LibraryBuiltin/FortressBuiltin.fss	154	Float	opr	^	opr ^(self, b:Float):RR64	com.sun.fortress.interpreter.glue.prim.Float$Pow
ProjectFortress/LibraryBuiltin/FortressBuiltin.fss	156	Float	opr	^	opr ^(self, b:RR32):RR64	com.sun.fortress.interpreter.glue.prim.Float$Pow
ProjectFortress/LibraryBuiltin/FortressBuiltin.fss	160	Float	opr	^	opr ^(self, b:AnyIntegral):RR64	com.sun.fortress.interpreter.glue.prim.Float$Pow
ProjectFortress/LibraryBuiltin/FortressBuiltin.fss	162	Float	fn	sin	sin(self):RR64	com.sun.fortress.interpreter.glue.prim.Float$Sin
ProjectFortress/LibraryBuiltin/FortressBuiltin.fss	164	Float	fn	cos	cos(self):RR64	com.sun.fortress.interpreter.glue.prim.Float$Cos
ProjectFortress/LibraryBuiltin/FortressBuiltin.fss	166	Float	fn	tan	tan(self):RR64	com.sun.fortress.interpreter.glue.prim.Float$Tan
ProjectFortress/LibraryBuiltin/FortressBuiltin.fss	168	Float	fn	asin	asin(self):RR64	com.sun.fortress.interpreter.glue.prim.Float$ASin
ProjectFortress/LibraryBuiltin/FortressBuiltin.fss	170	Float	fn	acos	acos(self):RR64	com.sun.fortress.interpreter.glue.prim.Float$ACos
ProjectFortress/LibraryBuiltin/FortressBuiltin.fss	172	Float	fn	atan	atan(self):RR64	com.sun.fortress.interpreter.glue.prim.Float$ATan
ProjectFortress/LibraryBuiltin/FortressBuiltin.fss	174	Float	fn	atan2	atan2(self,x:Number):RR64	com.sun.fortress.interpreter.glue.prim.Float$ATan2
ProjectFortress/LibraryBuiltin/FortressBuiltin.fss	176	Float	fn	log	log(self):RR64	com.sun.fortress.interpreter.glue.prim.Float$Log
ProjectFortress/LibraryBuiltin/FortressBuiltin.fss	178	Float	fn	exp	exp(self):RR64	com.sun.fortress.interpreter.glue.prim.Float$Exp
ProjectFortress/LibraryBuiltin/FortressBuiltin.fss	180	Float	fn	floor	floor(self):RR64	com.sun.fortress.interpreter.glue.prim.Float$Floor
ProjectFortress/LibraryBuiltin/FortressBuiltin.fss	182	Float	opr	|	opr |\self/| : ZZ64	com.sun.fortress.interpreter.glue.prim.Float$IFloor
ProjectFortress/LibraryBuiltin/FortressBuiltin.fss	184	Float	fn	ceiling	ceiling(self):RR64	com.sun.fortress.interpreter.glue.prim.Float$Ceiling
ProjectFortress/LibraryBuiltin/FortressBuiltin.fss	186	Float	opr	|	opr |/self\| : ZZ64	com.sun.fortress.interpreter.glue.prim.Float$ICeiling
ProjectFortress/LibraryBuiltin/FortressBuiltin.fss	188	Float	fn	truncate	truncate(self):ZZ64	com.sun.fortress.interpreter.glue.prim.Float$Truncate
ProjectFortress/LibraryBuiltin/FortressBuiltin.fss	190	Float	fn	round	round(self):ZZ64	com.sun.fortress.interpreter.glue.prim.Float$Round
ProjectFortress/LibraryBuiltin/FortressBuiltin.fss	195	FloatLiteral	getter	asString	getter asString(): String	com.sun.fortress.interpreter.glue.prim.FloatLiteral$ToString
ProjectFortress/LibraryBuiltin/FortressBuiltin.fss	197	FloatLiteral	getter	asExprString	getter asExprString(): String	com.sun.fortress.interpreter.glue.prim.FloatLiteral$ToString
ProjectFortress/LibraryBuiltin/FortressBuiltin.fss	199	FloatLiteral	fn	asFloat	asFloat(self): Float	com.sun.fortress.interpreter.glue.prim.FloatLiteral$AsFloat
ProjectFortress/LibraryBuiltin/FortressBuiltin.fss	206	RR32	getter	asString	getter asString(): String	com.sun.fortress.interpreter.glue.prim.RR32$ToString
ProjectFortress/LibraryBuiltin/FortressBuiltin.fss	208	RR32	getter	asExprString	getter asExprString(): String	com.sun.fortress.interpreter.glue.prim.RR32$ToString
ProjectFortress/LibraryBuiltin/FortressBuiltin.fss	212	RR32	getter	isNaN	getter isNaN(): Boolean	com.sun.fortress.interpreter.glue.prim.RR32$isNaN
ProjectFortress/LibraryBuiltin/FortressBuiltin.fss	215	RR32	getter	isInfinite	getter isInfinite(): Boolean	com.sun.fortress.interpreter.glue.prim.RR32$isInfinite
ProjectFortress/LibraryBuiltin/FortressBuiltin.fss	228	RR32	getter	rawBits	getter rawBits():ZZ32	com.sun.fortress.interpreter.glue.prim.RR32$RawBits
ProjectFortress/LibraryBuiltin/FortressBuiltin.fss	232	RR32	getter	nextUp	getter nextUp():RR32	com.sun.fortress.interpreter.glue.prim.RR32$NextUp
ProjectFortress/LibraryBuiltin/FortressBuiltin.fss	235	RR32	getter	nextDown	getter nextDown():RR32	com.sun.fortress.interpreter.glue.prim.RR32$NextDown
ProjectFortress/LibraryBuiltin/FortressBuiltin.fss	238	RR32	fn	asFloat	asFloat(self): Float	com.sun.fortress.interpreter.glue.prim.RR32$AsFloat
ProjectFortress/LibraryBuiltin/FortressBuiltin.fss	241	RR32	opr	|self|	opr |self| : Number	com.sun.fortress.interpreter.glue.prim.RR32$Abs
ProjectFortress/LibraryBuiltin/FortressBuiltin.fss	243	RR32	opr	=	opr =(self, b:RR64):Boolean	com.sun.fortress.interpreter.glue.prim.RR32$Eq
ProjectFortress/LibraryBuiltin/FortressBuiltin.fss	245	RR32	opr	=/=	opr =/=(self, b:RR64):Boolean	com.sun.fortress.interpreter.glue.prim.RR32$NEq
ProjectFortress/LibraryBuiltin/FortressBuiltin.fss	247	RR32	opr	<	opr <(self, b:RR64):Boolean	com.sun.fortress.interpreter.glue.prim.RR32$Less
ProjectFortress/LibraryBuiltin/FortressBuiltin.fss	249	RR32	opr	<=	opr <=(self, b:RR64):Boolean	com.sun.fortress.interpreter.glue.prim.RR32$LessEq
ProjectFortress/LibraryBuiltin/FortressBuiltin.fss	251	RR32	opr	>	opr >(self, b:RR64):Boolean	com.sun.fortress.interpreter.glue.prim.RR32$Greater
ProjectFortress/LibraryBuiltin/FortressBuiltin.fss	253	RR32	opr	>=	opr >=(self, b:RR64):Boolean	com.sun.fortress.interpreter.glue.prim.RR32$GreaterEq
ProjectFortress/LibraryBuiltin/FortressBuiltin.fss	263	RR32	opr	MIN	opr MIN(self, b:RR64):RR64	com.sun.fortress.interpreter.glue.prim.RR32$Min
ProjectFortress/LibraryBuiltin/FortressBuiltin.fss	265	RR32	opr	MAX	opr MAX(self, b:RR64):RR64	com.sun.fortress.interpreter.glue.prim.RR32$Max
ProjectFortress/LibraryBuiltin/FortressBuiltin.fss	270	RR32	opr	-	opr -(self):RR32	com.sun.fortress.interpreter.glue.prim.RR32$Negate
ProjectFortress/LibraryBuiltin/FortressBuiltin.fss	272	RR32	opr	+	opr +(self,b:RR64):RR32	com.sun.fortress.interpreter.glue.prim.RR32$Add
ProjectFortress/LibraryBuiltin/FortressBuiltin.fss	274	RR32	opr	-	opr -(self,b:RR64):RR32	com.sun.fortress.interpreter.glue.prim.RR32$Sub
ProjectFortress/LibraryBuiltin/FortressBuiltin.fss	276	RR32	opr	DOT	opr DOT(self,b:RR64):RR32	com.sun.fortress.interpreter.glue.prim.RR32$Mul
ProjectFortress/LibraryBuiltin/FortressBuiltin.fss	278	RR32	opr	TIMES	opr TIMES(self,b:RR64):RR32	com.sun.fortress.interpreter.glue.prim.RR32$Mul
ProjectFortress/LibraryBuiltin/FortressBuiltin.fss	280	RR32	opr	juxtaposition	opr juxtaposition (self,b:RR64):RR32	com.sun.fortress.interpreter.glue.prim.RR32$Mul
ProjectFortress/LibraryBuiltin/FortressBuiltin.fss	283	RR32	opr	/	opr /(self,b:RR64):RR32	com.sun.fortress.interpreter.glue.prim.RR32$Div
ProjectFortress/LibraryBuiltin/FortressBuiltin.fss	285	RR32	opr	SQRT	opr SQRT(self):RR32	com.sun.fortress.interpreter.glue.prim.RR32$Sqrt
ProjectFortress/LibraryBuiltin/FortressBuiltin.fss	287	RR32	opr	PLUS_UP	opr PLUS_UP(self,b:RR64):RR32	com.sun.fortress.interpreter.glue.prim.RR32$AddUpNoNaN
ProjectFortress/LibraryBuiltin/FortressBuiltin.fss	289	RR32	opr	MINUS_UP	opr MINUS_UP(self,b:RR64):RR32	com.sun.fortress.interpreter.glue.prim.RR32$SubUpNoNaN
ProjectFortress/LibraryBuiltin/FortressBuiltin.fss	291	RR32	opr	DOT_UP	opr DOT_UP(self,b:RR64):RR32	com.sun.fortress.interpreter.glue.prim.RR32$MulUpNoNaN
ProjectFortress/LibraryBuiltin/FortressBuiltin.fss	293	RR32	opr	SLASH_UP	opr SLASH_UP(self,b:RR64):RR32	com.sun.fortress.interpreter.glue.prim.RR32$DivUpNoNaN
ProjectFortress/LibraryBuiltin/FortressBuiltin.fss	295	RR32	opr	SQRT_UP	opr SQRT_UP(self):RR32	com.sun.fortress.interpreter.glue.prim.RR32$SqrtUp
ProjectFortress/LibraryBuiltin/FortressBuiltin.fss	297	RR32	opr	PLUS_DOWN	opr PLUS_DOWN(self,b:RR64):RR32	com.sun.fortress.interpreter.glue.prim.RR32$AddDownNoNaN
ProjectFortress/LibraryBuiltin/FortressBuiltin.fss	299	RR32	opr	MINUS_DOWN	opr MINUS_DOWN(self,b:RR64):RR32	com.sun.fortress.interpreter.glue.prim.RR32$SubDownNoNaN
ProjectFortress/LibraryBuiltin/FortressBuiltin.fss	301	RR32	opr	DOT_DOWN	opr DOT_DOWN(self,b:RR64):RR32	com.sun.fortress.interpreter.glue.prim.RR32$MulDownNoNaN
ProjectFortress/LibraryBuiltin/FortressBuiltin.fss	303	RR32	opr	SLASH_DOWN	opr SLASH_DOWN(self,b:RR64):RR32	com.sun.fortress.interpreter.glue.prim.RR32$DivDownNoNaN
ProjectFortress/LibraryBuiltin/FortressBuiltin.fss	305	RR32	opr	SQRT_DOWN	opr SQRT_DOWN(self):RR32	com.sun.fortress.interpreter.glue.prim.RR32$SqrtDown
ProjectFortress/LibraryBuiltin/FortressBuiltin.fss	307	RR32	opr	IEEE_PLUS_UP	opr IEEE_PLUS_UP(self,b:RR64):RR32	com.sun.fortress.interpreter.glue.prim.RR32$AddUp
ProjectFortress/LibraryBuiltin/FortressBuiltin.fss	309	RR32	opr	IEEE_MINUS_UP	opr IEEE_MINUS_UP(self,b:RR64):RR32	com.sun.fortress.interpreter.glue.prim.RR32$SubUp
ProjectFortress/LibraryBuiltin/FortressBuiltin.fss	311	RR32	opr	IEEE_DOT_UP	opr IEEE_DOT_UP(self,b:RR64):RR32	com.sun.fortress.interpreter.glue.prim.RR32$MulUp
ProjectFortress/LibraryBuiltin/FortressBuiltin.fss	313	RR32	opr	IEEE_SLASH_UP	opr IEEE_SLASH_UP(self,b:RR64):RR32	com.sun.fortress.interpreter.glue.prim.RR32$DivUp
ProjectFortress/LibraryBuiltin/FortressBuiltin.fss	315	RR32	opr	IEEE_PLUS_DOWN	opr IEEE_PLUS_DOWN(self,b:RR64):RR32	com.sun.fortress.interpreter.glue.prim.RR32$AddDown
ProjectFortress/LibraryBuiltin/FortressBuiltin.fss	317	RR32	opr	IEEE_MINUS_DOWN	opr IEEE_MINUS_DOWN(self,b:RR64):RR32	com.sun.fortress.interpreter.glue.prim.RR32$SubDown
ProjectFortress/LibraryBuiltin/FortressBuiltin.fss	319	RR32	opr	IEEE_DOT_DOWN	opr IEEE_DOT_DOWN(self,b:RR64):RR32	com.sun.fortress.interpreter.glue.prim.RR32$MulDown
ProjectFortress/LibraryBuiltin/FortressBuiltin.fss	321	RR32	opr	IEEE_SLASH_DOWN	opr IEEE_SLASH_DOWN(self,b:RR64):RR32	com.sun.fortress.interpreter.glue.prim.RR32$DivDown
ProjectFortress/LibraryBuiltin/FortressBuiltin.fss	323	RR32	opr	^	opr ^(self, b:RR32):RR32	com.sun.fortress.interpreter.glue.prim.RR32$Pow
ProjectFortress/LibraryBuiltin/FortressBuiltin.fss	325	RR32	opr	^	opr ^(self, b:Float):RR64	com.sun.fortress.interpreter.glue.prim.Float$Pow
ProjectFortress/LibraryBuiltin/FortressBuiltin.fss	329	RR32	opr	^	opr ^(self, b:ZZ64):RR32	com.sun.fortress.interpreter.glue.prim.RR32$Pow
ProjectFortress/LibraryBuiltin/FortressBuiltin.fss	331	RR32	fn	floor	floor(self):RR32	com.sun.fortress.interpreter.glue.prim.RR32$Floor
ProjectFortress/LibraryBuiltin/FortressBuiltin.fss	333	RR32	opr	|	opr |\self/| : ZZ64	com.sun.fortress.interpreter.glue.prim.RR32$IFloor
ProjectFortress/LibraryBuiltin/FortressBuiltin.fss	335	RR32	fn	ceiling	ceiling(self):RR32	com.sun.fortress.interpreter.glue.prim.RR32$Ceiling
ProjectFortress/LibraryBuiltin/FortressBuiltin.fss	337	RR32	opr	|	opr |/self\| : ZZ64	com.sun.fortress.interpreter.glue.prim.RR32$ICeiling
ProjectFortress/LibraryBuiltin/FortressBuiltin.fss	339	RR32	fn	truncate	truncate(self):ZZ64	com.sun.fortress.interpreter.glue.prim.RR32$Truncate
ProjectFortress/LibraryBuiltin/FortressBuiltin.fss	341	RR32	fn	round	round(self):ZZ64	com.sun.fortress.interpreter.glue.prim.RR32$Round
ProjectFortress/LibraryBuiltin/FortressBuiltin.fss	370	Int	getter	asString	getter asString(): String	com.sun.fortress.interpreter.glue.prim.Int$ToString
ProjectFortress/LibraryBuiltin/FortressBuiltin.fss	372	Int	getter	asExprString	getter asExprString(): String	com.sun.fortress.interpreter.glue.prim.Int$ToString
ProjectFortress/LibraryBuiltin/FortressBuiltin.fss	374	Int	fn	asFloat	asFloat(self): Float	com.sun.fortress.interpreter.glue.prim.Int$AsFloat
ProjectFortress/LibraryBuiltin/FortressBuiltin.fss	379	Long	getter	asString	getter asString(): String	com.sun.fortress.interpreter.glue.prim.Long$ToString
ProjectFortress/LibraryBuiltin/FortressBuiltin.fss	381	Long	getter	asExprString	getter asExprString(): String	com.sun.fortress.interpreter.glue.prim.Long$ToString
ProjectFortress/LibraryBuiltin/FortressBuiltin.fss	383	Long	fn	asFloat	asFloat(self): Float	com.sun.fortress.interpreter.glue.prim.Long$AsFloat
ProjectFortress/LibraryBuiltin/FortressBuiltin.fss	390	NN32	getter	asString	getter asString(): String	com.sun.fortress.interpreter.glue.prim.NN32$ToString
ProjectFortress/LibraryBuiltin/FortressBuiltin.fss	392	NN32	getter	asExprString	getter asExprString(): String	com.sun.fortress.interpreter.glue.prim.NN32$ToString
ProjectFortress/LibraryBuiltin/FortressBuiltin.fss	395	NN32	fn	asFloat	asFloat(self): Float	com.sun.fortress.interpreter.glue.prim.NN32$AsFloat
ProjectFortress/LibraryBuiltin/FortressBuiltin.fss	399	NN32	opr	=	opr =(self, b:NN32):Boolean	com.sun.fortress.interpreter.glue.prim.NN32$Eq
ProjectFortress/LibraryBuiltin/FortressBuiltin.fss	401	NN32	opr	<	opr <(self, b:NN32):Boolean	com.sun.fortress.interpreter.glue.prim.NN32$Less
ProjectFortress/LibraryBuiltin/FortressBuiltin.fss	408	NN32	opr	-	opr -(self):NN32	com.sun.fortress.interpreter.glue.prim.NN32$Negate
ProjectFortress/LibraryBuiltin/FortressBuiltin.fss	410	NN32	opr	DOTMINUS	opr DOTMINUS(self):NN32	com.sun.fortress.interpreter.glue.prim.NN32$WrappingNegate
ProjectFortress/LibraryBuiltin/FortressBuiltin.fss	412	NN32	opr	+	opr +(self,b:NN32):NN32	com.sun.fortress.interpreter.glue.prim.NN32$Add
ProjectFortress/LibraryBuiltin/FortressBuiltin.fss	414	NN32	opr	DOTPLUS	opr DOTPLUS(self,b:NN32):NN32	com.sun.fortress.interpreter.glue.prim.NN32$WrappingAdd
ProjectFortress/LibraryBuiltin/FortressBuiltin.fss	416	NN32	opr	-	opr -(self,b:NN32):NN32	com.sun.fortress.interpreter.glue.prim.NN32$Sub
ProjectFortress/LibraryBuiltin/FortressBuiltin.fss	418	NN32	opr	DOTMINUS	opr DOTMINUS(self,b:NN32):NN32	com.sun.fortress.interpreter.glue.prim.NN32$WrappingSub
ProjectFortress/LibraryBuiltin/FortressBuiltin.fss	420	NN32	opr	DOT	opr DOT(self,b:NN32):NN32	com.sun.fortress.interpreter.glue.prim.NN32$Mul
ProjectFortress/LibraryBuiltin/FortressBuiltin.fss	422	NN32	opr	TIMES	opr TIMES(self,b:NN32):NN32	com.sun.fortress.interpreter.glue.prim.NN32$Mul
ProjectFortress/LibraryBuiltin/FortressBuiltin.fss	424	NN32	opr	juxtaposition	opr juxtaposition(self,b:NN32):NN32	com.sun.fortress.interpreter.glue.prim.NN32$Mul
ProjectFortress/LibraryBuiltin/FortressBuiltin.fss	426	NN32	opr	DOTTIMES	opr DOTTIMES(self,b:NN32):NN32	com.sun.fortress.interpreter.glue.prim.NN32$WrappingMul
ProjectFortress/LibraryBuiltin/FortressBuiltin.fss	428	NN32	opr	DIV	opr DIV(self,b:NN32):NN32	com.sun.fortress.interpreter.glue.prim.NN32$Div
ProjectFortress/LibraryBuiltin/FortressBuiltin.fss	430	NN32	opr	REM	opr REM(self,b:NN32):NN32	com.sun.fortress.interpreter.glue.prim.NN32$Rem
ProjectFortress/LibraryBuiltin/FortressBuiltin.fss	432	NN32	opr	MOD	opr MOD(self,b:NN32):NN32	com.sun.fortress.interpreter.glue.prim.NN32$Mod
ProjectFortress/LibraryBuiltin/FortressBuiltin.fss	434	NN32	opr	GCD	opr GCD(self,b:NN32):NN32	com.sun.fortress.interpreter.glue.prim.NN32$Gcd
ProjectFortress/LibraryBuiltin/FortressBuiltin.fss	436	NN32	opr	LCM	opr LCM(self,b:NN32):NN32	com.sun.fortress.interpreter.glue.prim.NN32$Lcm
ProjectFortress/LibraryBuiltin/FortressBuiltin.fss	438	NN32	opr	CHOOSE	opr CHOOSE(self,b:NN32):NN32	com.sun.fortress.interpreter.glue.prim.NN32$Choose
ProjectFortress/LibraryBuiltin/FortressBuiltin.fss	440	NN32	opr	BITAND	opr BITAND(self,b:NN32):NN32	com.sun.fortress.interpreter.glue.prim.NN32$BitAnd
ProjectFortress/LibraryBuiltin/FortressBuiltin.fss	442	NN32	opr	BITOR	opr BITOR(self,b:NN32):NN32	com.sun.fortress.interpreter.glue.prim.NN32$BitOr
ProjectFortress/LibraryBuiltin/FortressBuiltin.fss	444	NN32	opr	BITXOR	opr BITXOR(self,b:NN32):NN32	com.sun.fortress.interpreter.glue.prim.NN32$BitXor
ProjectFortress/LibraryBuiltin/FortressBuiltin.fss	446	NN32	opr	LSHIFT	opr LSHIFT(self,b:AnyIntegral):NN32	com.sun.fortress.interpreter.glue.prim.NN32$LShift
ProjectFortress/LibraryBuiltin/FortressBuiltin.fss	448	NN32	opr	RSHIFT	opr RSHIFT(self,b:AnyIntegral):NN32	com.sun.fortress.interpreter.glue.prim.NN32$RShift
ProjectFortress/LibraryBuiltin/FortressBuiltin.fss	450	NN32	opr	BITNOT	opr BITNOT(self):NN32	com.sun.fortress.interpreter.glue.prim.NN32$BitNot
ProjectFortress/LibraryBuiltin/FortressBuiltin.fss	452	NN32	opr	^	opr ^(self, b:AnyIntegral):RR64	com.sun.fortress.interpreter.glue.prim.NN32$Pow
ProjectFortress/LibraryBuiltin/FortressBuiltin.fss	454	NN32	fn	widen	widen(self):NN64	com.sun.fortress.interpreter.glue.prim.NN32$ToUnsignedLong
ProjectFortress/LibraryBuiltin/FortressBuiltin.fss	456	NN32	fn	partitionL	partitionL(self):NN32	com.sun.fortress.interpreter.glue.prim.NN32$Partition
ProjectFortress/LibraryBuiltin/FortressBuiltin.fss	458	NN32	fn	signed	signed(self):ZZ32	com.sun.fortress.interpreter.glue.prim.NN32$ToInt
ProjectFortress/LibraryBuiltin/FortressBuiltin.fss	466	UnsignedLong	getter	asString	getter asString(): String	com.sun.fortress.interpreter.glue.prim.UnsignedLong$ToString
ProjectFortress/LibraryBuiltin/FortressBuiltin.fss	468	UnsignedLong	getter	asExprString	getter asExprString(): String	com.sun.fortress.interpreter.glue.prim.UnsignedLong$ToString
ProjectFortress/LibraryBuiltin/FortressBuiltin.fss	470	UnsignedLong	fn	asFloat	asFloat(self): Float	com.sun.fortress.interpreter.glue.prim.UnsignedLong$AsFloat
ProjectFortress/LibraryBuiltin/FortressBuiltin.fss	477	IntLiteral	getter	asString	getter asString(): String	com.sun.fortress.interpreter.glue.prim.IntLiteral$ToString
ProjectFortress/LibraryBuiltin/FortressBuiltin.fss	479	IntLiteral	getter	asExprString	getter asExprString(): String	com.sun.fortress.interpreter.glue.prim.IntLiteral$ToString
ProjectFortress/LibraryBuiltin/FortressBuiltin.fss	482	IntLiteral	fn	asFloat	asFloat(self): Float	com.sun.fortress.interpreter.glue.prim.IntLiteral$AsFloat
ProjectFortress/LibraryBuiltin/FortressBuiltin.fss	486	IntLiteral	opr	=	opr =(self, b: IntLiteral):Boolean	com.sun.fortress.interpreter.glue.prim.IntLiteral$Eq
ProjectFortress/LibraryBuiltin/FortressBuiltin.fss	493	IntLiteral	fn	cmp	cmp(b:IntLiteral): ZZ32	com.sun.fortress.interpreter.glue.prim.IntLiteral$Cmp
ProjectFortress/LibraryBuiltin/FortressBuiltin.fss	542	BigNum	getter	asString	getter asString(): String	com.sun.fortress.interpreter.glue.prim.BigNum$ToString
ProjectFortress/LibraryBuiltin/FortressBuiltin.fss	544	BigNum	getter	asExprString	getter asExprString(): String	com.sun.fortress.interpreter.glue.prim.BigNum$ToString
ProjectFortress/LibraryBuiltin/FortressBuiltin.fss	546	BigNum	fn	asFloat	asFloat(self): Float	com.sun.fortress.interpreter.glue.prim.BigNum$AsFloat
ProjectFortress/LibraryBuiltin/FortressBuiltin.fss	588	Char	getter	asString	getter asString(): String	com.sun.fortress.interpreter.glue.prim.Char$ToString
ProjectFortress/LibraryBuiltin/FortressBuiltin.fss	590	Char	getter	asExprString	getter asExprString(): String	com.sun.fortress.interpreter.glue.prim.Char$ToExprString
ProjectFortress/LibraryBuiltin/FortressBuiltin.fss	592	Char	getter	codePoint	getter codePoint(): ZZ32	com.sun.fortress.interpreter.glue.prim.Char$CodePoint
ProjectFortress/LibraryBuiltin/FortressBuiltin.fss	595	Char	opr	=	opr =(self, other:Char): Boolean	com.sun.fortress.interpreter.glue.prim.Char$Eq
ProjectFortress/LibraryBuiltin/FortressBuiltin.fss	597	Char	opr	<	opr <(self, other:Char): Boolean	com.sun.fortress.interpreter.glue.prim.Char$LessThan
ProjectFortress/LibraryBuiltin/FortressBuiltin.fss	600	Char	opr	SIMEQ	opr SIMEQ(self, other:Char): Boolean	com.sun.fortress.interpreter.glue.prim.Char$SimEq
ProjectFortress/LibraryBuiltin/FortressBuiltin.fss	602	Char	opr	NSIMEQ	opr NSIMEQ(self, other:Char): Boolean	com.sun.fortress.interpreter.glue.prim.Char$NotSimEq
ProjectFortress/LibraryBuiltin/FortressBuiltin.fss	604	Char	opr	LNSIM	opr LNSIM(self, other:Char): Boolean	com.sun.fortress.interpreter.glue.prim.Char$LessNotSim
ProjectFortress/LibraryBuiltin/FortressBuiltin.fss	606	Char	opr	LESSSIM	opr LESSSIM(self, other:Char): Boolean	com.sun.fortress.interpreter.glue.prim.Char$LessSim
ProjectFortress/LibraryBuiltin/FortressBuiltin.fss	608	Char	opr	GNSIM	opr GNSIM(self, other:Char): Boolean	com.sun.fortress.interpreter.glue.prim.Char$GreaterNotSim
ProjectFortress/LibraryBuiltin/FortressBuiltin.fss	610	Char	opr	GTRSIM	opr GTRSIM(self, other:Char): Boolean	com.sun.fortress.interpreter.glue.prim.Char$GreaterSim
ProjectFortress/LibraryBuiltin/FortressBuiltin.fss	613	Char	fn	javaDigit	javaDigit(self, radix:ZZ32): ZZ32	com.sun.fortress.interpreter.glue.prim.Char$JavaDigit
ProjectFortress/LibraryBuiltin/FortressBuiltin.fss	641	Char	fn	getDirectionality	getDirectionality(self): ZZ32	com.sun.fortress.interpreter.glue.prim.Char$GetDirectionality
ProjectFortress/LibraryBuiltin/FortressBuiltin.fss	643	Char	fn	getNumericValue	getNumericValue(self): ZZ32	com.sun.fortress.interpreter.glue.prim.Char$GetNumericValue
ProjectFortress/LibraryBuiltin/FortressBuiltin.fss	645	Char	fn	getType	getType(self): ZZ32	com.sun.fortress.interpreter.glue.prim.Char$GetType
ProjectFortress/LibraryBuiltin/FortressBuiltin.fss	647	Char	fn	isDefined	isDefined(self): Boolean	com.sun.fortress.interpreter.glue.prim.Char$IsDefined
ProjectFortress/LibraryBuiltin/FortressBuiltin.fss	649	Char	fn	isDigit	isDigit(self): Boolean	com.sun.fortress.interpreter.glue.prim.Char$IsDigit
ProjectFortress/LibraryBuiltin/FortressBuiltin.fss	651	Char	fn	isFortressIdentifierPart	isFortressIdentifierPart(self): Boolean	com.sun.fortress.interpreter.glue.prim.Char$IsFortressIdentifierPart
ProjectFortress/LibraryBuiltin/FortressBuiltin.fss	653	Char	fn	isFortressIdentifierStart	isFortressIdentifierStart(self): Boolean	com.sun.fortress.interpreter.glue.prim.Char$IsFortressIdentifierStart
ProjectFortress/LibraryBuiltin/FortressBuiltin.fss	655	Char	fn	isHighSurrogate	isHighSurrogate(self): Boolean	com.sun.fortress.interpreter.glue.prim.Char$IsHighSurrogate
ProjectFortress/LibraryBuiltin/FortressBuiltin.fss	657	Char	fn	isIdentifierIgnorable	isIdentifierIgnorable(self): Boolean	com.sun.fortress.interpreter.glue.prim.Char$IsIdentifierIgnorable
ProjectFortress/LibraryBuiltin/FortressBuiltin.fss	659	Char	fn	isISOControl	isISOControl(self): Boolean	com.sun.fortress.interpreter.glue.prim.Char$IsISOControl
ProjectFortress/LibraryBuiltin/FortressBuiltin.fss	661	Char	fn	isJavaIdentifierPart	isJavaIdentifierPart(self): Boolean	com.sun.fortress.interpreter.glue.prim.Char$IsJavaIdentifierPart
ProjectFortress/LibraryBuiltin/FortressBuiltin.fss	663	Char	fn	isJavaIdentifierStart	isJavaIdentifierStart(self): Boolean	com.sun.fortress.interpreter.glue.prim.Char$IsJavaIdentifierStart
ProjectFortress/LibraryBuiltin/FortressBuiltin.fss	665	Char	fn	isLetter	isLetter(self): Boolean	com.sun.fortress.interpreter.glue.prim.Char$IsLetter
ProjectFortress/LibraryBuiltin/FortressBuiltin.fss	667	Char	fn	isLetterOrDigit	isLetterOrDigit(self): Boolean	com.sun.fortress.interpreter.glue.prim.Char$IsLetterOrDigit
ProjectFortress/LibraryBuiltin/FortressBuiltin.fss	669	Char	fn	isLowerCase	isLowerCase(self): Boolean	com.sun.fortress.interpreter.glue.prim.Char$IsLowerCase
ProjectFortress/LibraryBuiltin/FortressBuiltin.fss	671	Char	fn	isLowSurrogate	isLowSurrogate(self): Boolean	com.sun.fortress.interpreter.glue.prim.Char$IsLowSurrogate
ProjectFortress/LibraryBuiltin/FortressBuiltin.fss	673	Char	fn	isMirrored	isMirrored(self): Boolean	com.sun.fortress.interpreter.glue.prim.Char$IsMirrored
ProjectFortress/LibraryBuiltin/FortressBuiltin.fss	675	Char	fn	isSpaceChar	isSpaceChar(self): Boolean	com.sun.fortress.interpreter.glue.prim.Char$IsSpaceChar
ProjectFortress/LibraryBuiltin/FortressBuiltin.fss	677	Char	fn	isSupplementaryCodePoint	isSupplementaryCodePoint(self): Boolean	com.sun.fortress.interpreter.glue.prim.Char$IsSupplementaryCodePoint
ProjectFortress/LibraryBuiltin/FortressBuiltin.fss	679	Char	fn	isSurrogatePair	isSurrogatePair(self, low:Char): Boolean	com.sun.fortress.interpreter.glue.prim.Char$IsSurrogatePair
ProjectFortress/LibraryBuiltin/FortressBuiltin.fss	681	Char	fn	isTitleCase	isTitleCase(self): Boolean	com.sun.fortress.interpreter.glue.prim.Char$IsTitleCase
ProjectFortress/LibraryBuiltin/FortressBuiltin.fss	683	Char	fn	isUnicodeIdentifierPart	isUnicodeIdentifierPart(self): Boolean	com.sun.fortress.interpreter.glue.prim.Char$IsUnicodeIdentifierPart
ProjectFortress/LibraryBuiltin/FortressBuiltin.fss	685	Char	fn	isUnicodeIdentifierStart	isUnicodeIdentifierStart(self): Boolean	com.sun.fortress.interpreter.glue.prim.Char$IsUnicodeIdentifierStart
ProjectFortress/LibraryBuiltin/FortressBuiltin.fss	687	Char	fn	isUpperCase	isUpperCase(self): Boolean	com.sun.fortress.interpreter.glue.prim.Char$IsUpperCase
ProjectFortress/LibraryBuiltin/FortressBuiltin.fss	689	Char	fn	isValidCodePoint	isValidCodePoint(self): Boolean	com.sun.fortress.interpreter.glue.prim.Char$IsValidCodePoint
ProjectFortress/LibraryBuiltin/FortressBuiltin.fss	691	Char	fn	isWhitespace	isWhitespace(self): Boolean	com.sun.fortress.interpreter.glue.prim.Char$IsWhitespace
ProjectFortress/LibraryBuiltin/FortressBuiltin.fss	693	Char	fn	toLowerCase	toLowerCase(self): Char	com.sun.fortress.interpreter.glue.prim.Char$ToLowerCase
ProjectFortress/LibraryBuiltin/FortressBuiltin.fss	695	Char	fn	toTitleCase	toTitleCase(self): Char	com.sun.fortress.interpreter.glue.prim.Char$ToTitleCase
ProjectFortress/LibraryBuiltin/FortressBuiltin.fss	697	Char	fn	toUpperCase	toUpperCase(self): Char	com.sun.fortress.interpreter.glue.prim.Char$ToUpperCase
ProjectFortress/LibraryBuiltin/FortressBuiltin.fss	702	Thread	fn	val	val():T	com.sun.fortress.interpreter.glue.prim.Thread$val
ProjectFortress/LibraryBuiltin/FortressBuiltin.fss	704	Thread	fn	wait	wait():()	com.sun.fortress.interpreter.glue.prim.Thread$wait
ProjectFortress/LibraryBuiltin/FortressBuiltin.fss	706	Thread	fn	ready	ready():Boolean	com.sun.fortress.interpreter.glue.prim.Thread$ready
ProjectFortress/LibraryBuiltin/FortressBuiltin.fss	708	Thread	fn	stop	stop():()	com.sun.fortress.interpreter.glue.prim.Thread$stop
ProjectFortress/LibraryBuiltin/FortressBuiltin.fss	712	(top)	fn	abort	abort():()	com.sun.fortress.interpreter.glue.prim.Thread$abort
Library/Reflect.fss	23	Type	getter	asString	getter asString(): String	com.sun.fortress.interpreter.glue.prim.Reflect$ToString
Library/Reflect.fss	29	Type	opr	=	opr =(self, other:Type): Boolean	com.sun.fortress.interpreter.glue.prim.Reflect$Eq
Library/Reflect.fss	34	Type	opr	<	opr <(self, other:Type): Boolean	com.sun.fortress.interpreter.glue.prim.Reflect$Less
Library/Reflect.fss	38	Type	opr	SUBTYPEOF	opr SUBTYPEOF(self, other:Type): Boolean	com.sun.fortress.interpreter.glue.prim.Reflect$SubtypeOf
Library/Reflect.fss	48	Type	fn	join0	join0(self, other:Type): ReflectCollection	com.sun.fortress.interpreter.glue.prim.Reflect$Join
Library/Reflect.fss	55	Type	fn	meet0	meet0(self, other:Type): ReflectCollection	com.sun.fortress.interpreter.glue.prim.Reflect$Meet
Library/Reflect.fss	67	GenericType	getter	staticParams0	getter staticParams0(): ReflectCollection	com.sun.fortress.interpreter.glue.prim.Reflect$StaticParams
Library/Reflect.fss	94	ObjectOrTraitType	getter	typeExtends0	getter typeExtends0(): ReflectCollection	com.sun.fortress.interpreter.glue.prim.Reflect$Extends
Library/Reflect.fss	102	ObjectOrTraitType	getter	typeExcludes0	getter typeExcludes0(): ReflectCollection	com.sun.fortress.interpreter.glue.prim.Reflect$Excludes
Library/Reflect.fss	113	ObjectOrTraitType	getter	staticArgs0	getter staticArgs0(): ReflectCollection	com.sun.fortress.interpreter.glue.prim.Reflect$StaticArgs
Library/Reflect.fss	119	ObjectOrTraitType	getter	generic	getter generic(): Type	com.sun.fortress.interpreter.glue.prim.Reflect$Generic
Library/Reflect.fss	133	ObjectOrTraitType	getter	members0	getter members0(): ReflectCollection	com.sun.fortress.interpreter.glue.prim.Reflect$Members
Library/Reflect.fss	158	TraitType	getter	typeComprises0	getter typeComprises0(): Generator[\ObjectOrTraitType\]	com.sun.fortress.interpreter.glue.prim.Reflect$Comprises
Library/Reflect.fss	234	ReflectCollection	getter	size	getter size(): ZZ32	com.sun.fortress.interpreter.glue.prim.ReflectCollection$Size
Library/Reflect.fss	238	ReflectCollection	opr	?	opr [i:ZZ32]: Any	com.sun.fortress.interpreter.glue.prim.ReflectCollection$Get
Library/Reflect.fss	243	ReflectCollection	fn	generate0	generate0[\R\](empty:()->R, join':(R,R)->R, body:Any->R): R	com.sun.fortress.interpreter.glue.prim.ReflectCollection$Generate
Library/Reflect.fss	257	ReflectMethod	fn	apply	apply(selfobj:Object, sargs:Any, args:Any): Any	com.sun.fortress.interpreter.glue.prim.ReflectMethod$Apply
Library/Reflect.fss	306	Reflect	fn	copy	copy(): Type	com.sun.fortress.interpreter.glue.prim.Reflect$Copy
Library/Reflect.fss	312	ReflectGeneric	fn	apply	apply(args:Type...): Type	com.sun.fortress.interpreter.glue.prim.ReflectGeneric$TypeApply
Library/Reflect.fss	318	ReflectGenericArrow	fn	apply	apply(args:Type...): Type	com.sun.fortress.interpreter.glue.prim.ReflectGenericArrow$TypeApply
Library/Reflect.fss	332	ReflectArrow	getter	domain	getter domain(): Type	com.sun.fortress.interpreter.glue.prim.ReflectArrow$Domain
Library/Reflect.fss	334	ReflectArrow	getter	range	getter range(): Type	com.sun.fortress.interpreter.glue.prim.ReflectArrow$Range
Library/Reflect.fss	340	ReflectTuple	getter	types0	getter types0(): ReflectCollection	com.sun.fortress.interpreter.glue.prim.ReflectTuple$Types
Library/Reflect.fss	356	ReflectRest	getter	base	getter base(): Type	com.sun.fortress.interpreter.glue.prim.ReflectRest$Base
Library/Reflect.fss	383	(top)	fn	arrowType	arrowType(domain:Type, range:Type): ArrowType	com.sun.fortress.interpreter.glue.prim.ReflectArrow$Make
Library/Reflect.fss	388	(top)	fn	tupleType	tupleType(types:Type...): Type	com.sun.fortress.interpreter.glue.prim.ReflectTuple$Make
Library/Reflect.fss	392	(top)	fn	restType	restType(ty:Type): RestType	com.sun.fortress.interpreter.glue.prim.ReflectRest$Make
Library/Reflect.fss	402	(top)	fn	typeOf	typeOf(obj:Any): Type	com.sun.fortress.interpreter.glue.prim.Reflect$TypeOf
Library/File.fss	24	FileReadStream	getter	fileName	getter fileName():String	com.sun.fortress.interpreter.glue.prim.FileReadStream$fileName
Library/File.fss	28	FileReadStream	getter	asString	getter asString():String	com.sun.fortress.interpreter.glue.prim.FileReadStream$toString
Library/File.fss	32	FileReadStream	getter	eof	getter eof():Boolean	com.sun.fortress.interpreter.glue.prim.FileReadStream$eof
Library/File.fss	36	FileReadStream	getter	ready	getter ready():Boolean	com.sun.fortress.interpreter.glue.prim.FileReadStream$ready
Library/File.fss	40	FileReadStream	fn	whenUnconsumed	whenUnconsumed():()	com.sun.fortress.interpreter.glue.prim.FileReadStream$whenUnconsumed
Library/File.fss	43	FileReadStream	fn	consume	consume():()	com.sun.fortress.interpreter.glue.prim.FileReadStream$consume
Library/File.fss	47	FileReadStream	fn	uncheckedReadLine	uncheckedReadLine():String	com.sun.fortress.interpreter.glue.prim.FileReadStream$readLine
Library/File.fss	51	FileReadStream	fn	uncheckedReadChar	uncheckedReadChar():ZZ32	com.sun.fortress.interpreter.glue.prim.FileReadStream$readChar
Library/File.fss	55	FileReadStream	fn	uncheckedRead	uncheckedRead(k:ZZ32):String	com.sun.fortress.interpreter.glue.prim.FileReadStream$readk
Library/File.fss	59	FileReadStream	fn	close	close():()	com.sun.fortress.interpreter.glue.prim.FileReadStream$close
Library/File.fss	67	FileWriteStream	getter	fileName	getter fileName(): String	com.sun.fortress.interpreter.glue.prim.FileWriteStream$fileName
Library/File.fss	70	FileWriteStream	getter	asString	getter asString(): String	com.sun.fortress.interpreter.glue.prim.FileWriteStream$toString
Library/File.fss	73	FileWriteStream	fn	write	write(s:FlatString):()	com.sun.fortress.interpreter.glue.prim.FileWriteStream$write
Library/File.fss	76	FileWriteStream	fn	write	write(c:Char):()	com.sun.fortress.interpreter.glue.prim.FileWriteStream$write
Library/File.fss	91	FileWriteStream	fn	close	close():()	com.sun.fortress.interpreter.glue.prim.FileWriteStream$close
Library/FlatString.fss	25	(top)	fn	natLineSeparator	private natLineSeparator(): String	com.sun.fortress.interpreter.glue.prim.Writer$LineSeparator
Library/FlatString.fss	35	FlatString	getter	size	getter size() : ZZ32	com.sun.fortress.interpreter.glue.prim.FlatString$Size
Library/FlatString.fss	37	FlatString	getter	asExprString	getter asExprString() : String	com.sun.fortress.interpreter.glue.prim.FlatString$ToString
Library/FlatString.fss	52	FlatString	opr	|self|	opr |self| : ZZ32	com.sun.fortress.interpreter.glue.prim.FlatString$Size
Library/FlatString.fss	68	FlatString	opr	=	opr =(self, other: FlatString): Boolean	com.sun.fortress.interpreter.glue.prim.FlatString$Eq
Library/FlatString.fss	81	FlatString	fn	get	get(i:ZZ32): Char	com.sun.fortress.interpreter.glue.prim.FlatString$Index
Library/FlatString.fss	83	FlatString	fn	cmp	cmp(other:FlatString): ZZ32	com.sun.fortress.interpreter.glue.prim.FlatString$Cmp
Library/FlatString.fss	85	FlatString	fn	cicmp	cicmp(other:FlatString): ZZ32	com.sun.fortress.interpreter.glue.prim.FlatString$CICmp
Library/FlatString.fss	87	FlatString	fn	javaSubstr	javaSubstr(lo:ZZ32,hi:ZZ32): String	com.sun.fortress.interpreter.glue.prim.FlatString$Substr
Library/FlatString.fss	90	FlatString	fn	javaIndexOf	javaIndexOf(c:Char): ZZ32	com.sun.fortress.interpreter.glue.prim.FlatString$IndexOf
Library/FlatString.fss	92	FlatString	fn	flatConcat	flatConcat(self, b:FlatString):String	com.sun.fortress.interpreter.glue.prim.FlatString$Concat
Library/FlatString.fss	94	FlatString	fn	flatConcat	flatConcat(self, b:Char):String	com.sun.fortress.interpreter.glue.prim.FlatString$Concat
Library/FlatString.fss	96	FlatString	fn	javaRegExpMatches	javaRegExpMatches(m:FlatString): Boolean	com.sun.fortress.interpreter.glue.prim.FlatString$javaRegExpMatches
Library/FlatString.fss	98	FlatString	fn	javaRegExpSplit	javaRegExpSplit(m:FlatString, i:ZZ32): String	com.sun.fortress.interpreter.glue.prim.FlatString$javaRegExpSplit
Library/Writer.fss	23	(top)	fn	OutWriter	private OutWriter(): Writer	com.sun.fortress.interpreter.glue.prim.Writer$outputWriter
Library/Writer.fss	25	(top)	fn	ErrWriter	private ErrWriter(): Writer	com.sun.fortress.interpreter.glue.prim.Writer$errorWriter
Library/Writer.fss	30	Writer	getter	fileName	getter fileName(): String	com.sun.fortress.interpreter.glue.prim.Writer$fileName
Library/Writer.fss	33	Writer	fn	write	write(s:FlatString):()	com.sun.fortress.interpreter.glue.prim.Writer$write
Library/Writer.fss	36	Writer	fn	write	write(c:Char):()	com.sun.fortress.interpreter.glue.prim.Writer$write
Library/Writer.fss	39	Writer	fn	flush	flush():()	com.sun.fortress.interpreter.glue.prim.Writer$flush
Library/Writer.fss	42	Writer	fn	close	close():()	com.sun.fortress.interpreter.glue.prim.Writer$close
Library/Writer.fss	55	BufferedWriter	fn	write	write(s: FlatString):()	com.sun.fortress.interpreter.glue.prim.BufferedWriter$write
Library/Writer.fss	58	BufferedWriter	fn	write	write(c: Char):()	com.sun.fortress.interpreter.glue.prim.BufferedWriter$write
Library/Writer.fss	61	BufferedWriter	fn	flush	flush():()	com.sun.fortress.interpreter.glue.prim.BufferedWriter$flush
Library/Writer.fss	64	BufferedWriter	fn	close	close():()	com.sun.fortress.interpreter.glue.prim.BufferedWriter$close
Library/Reader.fss	22	(top)	fn	InReader	private InReader(): Reader	com.sun.fortress.interpreter.glue.prim.Reader$inputReader
Library/Reader.fss	27	Reader	getter	fileName	getter fileName(): String	com.sun.fortress.interpreter.glue.prim.Reader$fileName
Library/Reader.fss	31	Reader	getter	eof	getter eof():Boolean	com.sun.fortress.interpreter.glue.prim.Reader$eof
Library/Reader.fss	35	Reader	getter	isReady	getter isReady():Boolean	com.sun.fortress.interpreter.glue.prim.Reader$ready
Library/Reader.fss	39	Reader	fn	whenUnconsumed	whenUnconsumed():()	com.sun.fortress.interpreter.glue.prim.Reader$whenUnconsumed
Library/Reader.fss	42	Reader	fn	consume	consume():()	com.sun.fortress.interpreter.glue.prim.Reader$consume
Library/Reader.fss	46	Reader	fn	uncheckedReadLine	uncheckedReadLine():String	com.sun.fortress.interpreter.glue.prim.Reader$readLine
Library/Reader.fss	50	Reader	fn	uncheckedReadChar	uncheckedReadChar():ZZ32	com.sun.fortress.interpreter.glue.prim.Reader$readChar
Library/Reader.fss	54	Reader	fn	uncheckedRead	uncheckedRead(k:ZZ32):String	com.sun.fortress.interpreter.glue.prim.Reader$readk
Library/Reader.fss	58	Reader	fn	close	close():()	com.sun.fortress.interpreter.glue.prim.Reader$close
ProjectFortress/LibraryBuiltin/NativeArray.fss	20	PrimitiveArray	fn	get	get(i:ZZ32):T	com.sun.fortress.interpreter.glue.prim.PrimitiveArray$get
ProjectFortress/LibraryBuiltin/NativeArray.fss	23	PrimitiveArray	fn	put	put(i:ZZ32, v:T):()	com.sun.fortress.interpreter.glue.prim.PrimitiveArray$put
ProjectFortress/LibraryBuiltin/NativeArray.fss	25	PrimitiveArray	fn	init00	init00(i:ZZ32, v:T):Boolean	com.sun.fortress.interpreter.glue.prim.PrimitiveArray$init0
ProjectFortress/LibraryBuiltin/NativeArray.fss	34	PrimImmutableArray	fn	get	get(i:ZZ32):T	com.sun.fortress.interpreter.glue.prim.PrimImmutableArray$get
ProjectFortress/LibraryBuiltin/NativeArray.fss	36	PrimImmutableArray	fn	init00	init00(i:ZZ32, v:T):Boolean	com.sun.fortress.interpreter.glue.prim.PrimImmutableArray$init0
ProjectFortress/LibraryBuiltin/NativeArray.fss	45	PrimImmutableRR64Array	fn	get	get(i:ZZ32):RR64	com.sun.fortress.interpreter.glue.prim.PrimImmutableRR64Array$get
ProjectFortress/LibraryBuiltin/NativeArray.fss	47	PrimImmutableRR64Array	fn	init00	init00(i:ZZ32, v:RR64):Boolean	com.sun.fortress.interpreter.glue.prim.PrimImmutableRR64Array$init0
Library/System.fss	30	(top)	fn	getProgramArgsPrim	getProgramArgsPrim(): ImmutableArray[\String,ZZ32\]	com.sun.fortress.interpreter.glue.prim.StringPrim$GetProgramArgs
Library/System.fss	40	(top)	fn	getEnvironment	getEnvironment(name:String, defaultValue:String):String	com.sun.fortress.interpreter.glue.prim.StringPrim$GetEnvironment
Library/System.fss	45	(top)	fn	getProperty	getProperty(name:String, defaultValue:String):String	com.sun.fortress.interpreter.glue.prim.StringPrim$GetProperty
