file	line	owner	name	header	glue	class	helper	note	abstract_params
FortressLibrary.fss	703	ZZ32	=	opr =(self, b:ZZ32):Boolean	Int$Eq	A	simpleIntArith.intEQ		
FortressLibrary.fss	705	ZZ32	<	opr <(self, b:ZZ32):Boolean	Int$Less	A	simpleIntArith.intLT		
FortressLibrary.fss	712	ZZ32	-	opr -(self):ZZ32	Int$Negate	A	simpleIntArith.intOverflowingNeg		
FortressLibrary.fss	714	ZZ32	DOTMINUS	opr DOTMINUS(self):ZZ32	Int$WrappingNegate	B	simpleIntArith.intWrappingNeg	the compiler prelude binds this name to another helper: simpleIntArith.intSaturatingNeg	
FortressLibrary.fss	716	ZZ32	+	opr +(self,b:ZZ32):ZZ32	Int$Add	A	simpleIntArith.intOverflowingAdd		
FortressLibrary.fss	718	ZZ32	DOTPLUS	opr DOTPLUS(self,b:ZZ32):ZZ32	Int$WrappingAdd	B	simpleIntArith.intWrappingAdd	the compiler prelude binds this name to another helper: simpleIntArith.intSaturatingAdd	
FortressLibrary.fss	720	ZZ32	-	opr -(self,b:ZZ32):ZZ32	Int$Sub	A	simpleIntArith.intOverflowingSub		
FortressLibrary.fss	722	ZZ32	DOTMINUS	opr DOTMINUS(self,b:ZZ32):ZZ32	Int$WrappingSub	B	simpleIntArith.intWrappingSub	the compiler prelude binds this name to another helper: simpleIntArith.intSaturatingSub	
FortressLibrary.fss	724	ZZ32	DOT	opr DOT(self,b:ZZ32):ZZ32	Int$Mul	A	simpleIntArith.intOverflowingMul		
FortressLibrary.fss	726	ZZ32	TIMES	opr TIMES(self,b:ZZ32):ZZ32	Int$Mul	B	simpleIntArith.intOverflowingMul		
FortressLibrary.fss	728	ZZ32	juxtaposition	opr juxtaposition(self,b:ZZ32):ZZ32	Int$Mul	A	simpleIntArith.intOverflowingMul		
FortressLibrary.fss	730	ZZ32	DOTTIMES	opr DOTTIMES(self,b:ZZ32):ZZ32	Int$WrappingMul	B	simpleIntArith.intWrappingMul		
FortressLibrary.fss	732	ZZ32	DIV	opr DIV(self,b:ZZ32):ZZ32	Int$Div	A	simpleIntArith.intOverflowingDiv		
FortressLibrary.fss	734	ZZ32	REM	opr REM(self,b:ZZ32):ZZ32	Int$Rem	C			
FortressLibrary.fss	736	ZZ32	MOD	opr MOD(self,b:ZZ32):ZZ32	Int$Mod	C			
FortressLibrary.fss	738	ZZ32	GCD	opr GCD(self,b:ZZ32):ZZ32	Int$Gcd	C			
FortressLibrary.fss	740	ZZ32	LCM	opr LCM(self,b:ZZ32):ZZ32	Int$Lcm	C			
FortressLibrary.fss	742	ZZ32	CHOOSE	opr CHOOSE(self,b:ZZ32):ZZ32	Int$Choose	A	simpleIntArith.intOverflowingChoose		
FortressLibrary.fss	744	ZZ32	BITAND	opr BITAND(self,b:ZZ32):ZZ32	Int$BitAnd	A	simpleIntArith.intBitAnd		
FortressLibrary.fss	746	ZZ32	BITOR	opr BITOR(self,b:ZZ32):ZZ32	Int$BitOr	A	simpleIntArith.intBitOr		
FortressLibrary.fss	748	ZZ32	BITXOR	opr BITXOR(self,b:ZZ32):ZZ32	Int$BitXor	A	simpleIntArith.intBitXor		
FortressLibrary.fss	750	ZZ32	LSHIFT	opr LSHIFT(self,b:AnyIntegral):ZZ32	Int$LShift	B	simpleIntArith.intBitLeftShift	the compiler prelude declares this name at another signature: opr LSHIFT(self, other:ZZ32): ZZ32 -> simpleIntArith.intBitLeftShift	AnyIntegral
FortressLibrary.fss	752	ZZ32	RSHIFT	opr RSHIFT(self,b:AnyIntegral):ZZ32	Int$RShift	B	simpleIntArith.intBitRightShift	the compiler prelude declares this name at another signature: opr RSHIFT(self, other:ZZ32): ZZ32 -> simpleIntArith.intBitRightShift	AnyIntegral
FortressLibrary.fss	754	ZZ32	BITNOT	opr BITNOT(self):ZZ32	Int$BitNot	A	simpleIntArith.intBitNot		
FortressLibrary.fss	756	ZZ32	^	opr ^(self, b:AnyIntegral):RR64	Int$Pow	C			AnyIntegral
FortressLibrary.fss	758	ZZ32	widen	widen(self):ZZ64	Int$ToLong	A	simpleLongArith.intToLong		
FortressLibrary.fss	760	ZZ32	partitionL	partitionL(self):ZZ32	Int$Partition	C			
FortressLibrary.fss	762	ZZ32	unsigned	unsigned(self):NN32	ZZ32$ToNN32	A	simpleUnsignedIntArith.makeNN32FromZZ32WithSpecialCompilerHackForNN32ResultType		
FortressLibrary.fss	765	ZZ32	big	big(self):ZZ	Long$ToBigNum	B	simpleArbitraryPrecisionArith.makeZZfromZZ64		
FortressLibrary.fss	782	ZZ64	=	opr =(self, b:ZZ64):Boolean	Long$Eq	A	simpleLongArith.longEQ		
FortressLibrary.fss	784	ZZ64	<	opr <(self, b:ZZ64):Boolean	Long$Less	A	simpleLongArith.longLT		
FortressLibrary.fss	800	ZZ64	-	opr -(self):ZZ64	Long$Negate	A	simpleLongArith.longOverflowingNeg		
FortressLibrary.fss	802	ZZ64	DOTMINUS	opr DOTMINUS(self):ZZ64	Long$WrappingNegate	B	simpleLongArith.longWrappingNeg	the compiler prelude binds this name to another helper: simpleLongArith.longSaturatingNeg	
FortressLibrary.fss	804	ZZ64	+	opr +(self,b:ZZ64):ZZ64	Long$Add	A	simpleLongArith.longOverflowingAdd		
FortressLibrary.fss	806	ZZ64	DOTPLUS	opr DOTPLUS(self,b:ZZ64):ZZ64	Long$WrappingAdd	B	simpleLongArith.longWrappingAdd	the compiler prelude binds this name to another helper: simpleLongArith.longSaturatingAdd	
FortressLibrary.fss	808	ZZ64	-	opr -(self,b:ZZ64):ZZ64	Long$Sub	A	simpleLongArith.longOverflowingSub		
FortressLibrary.fss	810	ZZ64	DOTMINUS	opr DOTMINUS(self,b:ZZ64):ZZ64	Long$WrappingSub	B	simpleLongArith.longWrappingSub	the compiler prelude binds this name to another helper: simpleLongArith.longSaturatingSub	
FortressLibrary.fss	812	ZZ64	DOT	opr DOT(self,b:ZZ64):ZZ64	Long$Mul	A	simpleLongArith.longOverflowingMul		
FortressLibrary.fss	814	ZZ64	TIMES	opr TIMES(self,b:ZZ64):ZZ64	Long$Mul	B	simpleLongArith.longOverflowingMul		
FortressLibrary.fss	816	ZZ64	juxtaposition	opr juxtaposition(self,b:ZZ64):ZZ64	Long$Mul	A	simpleLongArith.longOverflowingMul		
FortressLibrary.fss	818	ZZ64	DOTTIMES	opr DOTTIMES(self,b:ZZ64):ZZ64	Long$WrappingMul	B	simpleLongArith.longWrappingMul		
FortressLibrary.fss	820	ZZ64	DIV	opr DIV(self,b:ZZ64):ZZ64	Long$Div	A	simpleLongArith.longOverflowingDiv		
FortressLibrary.fss	822	ZZ64	REM	opr REM(self,b:ZZ64):ZZ64	Long$Rem	C			
FortressLibrary.fss	824	ZZ64	MOD	opr MOD(self,b:ZZ64):ZZ64	Long$Mod	C			
FortressLibrary.fss	826	ZZ64	GCD	opr GCD(self,b:ZZ64):ZZ64	Long$Gcd	C			
FortressLibrary.fss	828	ZZ64	LCM	opr LCM(self,b:ZZ64):ZZ64	Long$Lcm	C			
FortressLibrary.fss	830	ZZ64	CHOOSE	opr CHOOSE(self,b:ZZ64):ZZ64	Long$Choose	A	simpleLongArith.longOverflowingChoose		
FortressLibrary.fss	832	ZZ64	BITAND	opr BITAND(self,b:ZZ64):ZZ64	Long$BitAnd	A	simpleLongArith.longBitAnd		
FortressLibrary.fss	834	ZZ64	BITOR	opr BITOR(self,b:ZZ64):ZZ64	Long$BitOr	A	simpleLongArith.longBitOr		
FortressLibrary.fss	836	ZZ64	BITXOR	opr BITXOR(self,b:ZZ64):ZZ64	Long$BitXor	A	simpleLongArith.longBitXor		
FortressLibrary.fss	838	ZZ64	LSHIFT	opr LSHIFT(self,b:AnyIntegral):ZZ64	Long$LShift	B	simpleLongArith.longBitLeftShift	the compiler prelude declares this name at another signature: opr LSHIFT(self, other:ZZ64): ZZ64 -> simpleLongArith.longBitLeftShift	AnyIntegral
FortressLibrary.fss	840	ZZ64	RSHIFT	opr RSHIFT(self,b:AnyIntegral):ZZ64	Long$RShift	B	simpleLongArith.longBitRightShift	the compiler prelude declares this name at another signature: opr RSHIFT(self, other:ZZ64): ZZ64 -> simpleLongArith.longBitRightShift	AnyIntegral
FortressLibrary.fss	842	ZZ64	BITNOT	opr BITNOT(self):ZZ64	Long$BitNot	A	simpleLongArith.longBitNot		
FortressLibrary.fss	844	ZZ64	^	opr ^(self, b:AnyIntegral):RR64	Long$Pow	C			AnyIntegral
FortressLibrary.fss	846	ZZ64	partitionL	partitionL(self):ZZ64	Long$Partition	C			
FortressLibrary.fss	848	ZZ64	narrow	narrow(self):ZZ32	Long$FromLong	A	simpleIntArith.longWrappingToInt		
FortressLibrary.fss	850	ZZ64	unsigned	unsigned(self):NN64	Long$ToUnsignedLong	A	simpleUnsignedLongArith.makeNN64FromZZ64WithSpecialCompilerHackForNN64ResultType		
FortressLibrary.fss	852	ZZ64	big	big(self):ZZ	Long$ToBigNum	B	simpleArbitraryPrecisionArith.makeZZfromZZ64		
FortressLibrary.fss	863	NN64	=	opr =(self, b:NN64):Boolean	UnsignedLong$Eq	A	simpleUnsignedLongArith.unsignedLongEQ		
FortressLibrary.fss	865	NN64	<	opr <(self, b:NN64):Boolean	UnsignedLong$Less	A	simpleUnsignedLongArith.unsignedLongLT		
FortressLibrary.fss	871	NN64	-	opr -(self):NN64	UnsignedLong$Negate	B	simpleUnsignedLongArith.unsignedLongOverflowingNeg	the compiler prelude declares this name at another signature: opr -(self, other:NN64): NN64 -> simpleUnsignedLongArith.makeNN64FromZZ64WithSpecialCompilerHackForNN64ResultType simpleUnsignedLongArith.unsignedLongOverflowingSub simpleUnsignedLongArith.makeZZ64FromNN64WithSpecialCompilerHackForNN64ArgumentType	
FortressLibrary.fss	873	NN64	DOTMINUS	opr DOTMINUS(self):NN64	UnsignedLong$WrappingNegate	B	simpleUnsignedLongArith.unsignedLongWrappingNeg	the compiler prelude binds this name to another helper: simpleUnsignedLongArith.makeNN64FromZZ64WithSpecialCompilerHackForNN64ResultType simpleUnsignedLongArith.unsignedLongSaturatingNeg simpleUnsignedLongArith.makeZZ64FromNN64WithSpecialCompilerHackForNN64ArgumentType	
FortressLibrary.fss	875	NN64	+	opr +(self,b:NN64):NN64	UnsignedLong$Add	A	simpleUnsignedLongArith.unsignedLongOverflowingAdd		
FortressLibrary.fss	877	NN64	DOTPLUS	opr DOTPLUS(self,b:NN64):NN64	UnsignedLong$WrappingAdd	B	simpleUnsignedLongArith.unsignedLongWrappingAdd	the compiler prelude binds this name to another helper: simpleUnsignedLongArith.makeNN64FromZZ64WithSpecialCompilerHackForNN64ResultType simpleUnsignedLongArith.unsignedLongSaturatingAdd simpleUnsignedLongArith.makeZZ64FromNN64WithSpecialCompilerHackForNN64ArgumentType	
FortressLibrary.fss	879	NN64	-	opr -(self,b:NN64):NN64	UnsignedLong$Sub	A	simpleUnsignedLongArith.unsignedLongOverflowingSub		
FortressLibrary.fss	881	NN64	DOTMINUS	opr DOTMINUS(self,b:NN64):NN64	UnsignedLong$WrappingSub	B	simpleUnsignedLongArith.unsignedLongWrappingSub	the compiler prelude binds this name to another helper: simpleUnsignedLongArith.makeNN64FromZZ64WithSpecialCompilerHackForNN64ResultType simpleUnsignedLongArith.unsignedLongSaturatingSub simpleUnsignedLongArith.makeZZ64FromNN64WithSpecialCompilerHackForNN64ArgumentType	
FortressLibrary.fss	883	NN64	DOT	opr DOT(self,b:NN64):NN64	UnsignedLong$Mul	A	simpleUnsignedLongArith.unsignedLongOverflowingMul		
FortressLibrary.fss	885	NN64	TIMES	opr TIMES(self,b:NN64):NN64	UnsignedLong$Mul	B	simpleUnsignedLongArith.unsignedLongOverflowingMul		
FortressLibrary.fss	887	NN64	juxtaposition	opr juxtaposition(self,b:NN64):NN64	UnsignedLong$Mul	A	simpleUnsignedLongArith.unsignedLongOverflowingMul		
FortressLibrary.fss	889	NN64	DOTTIMES	opr DOTTIMES(self,b:NN64):NN64	UnsignedLong$WrappingMul	B	simpleUnsignedLongArith.unsignedLongWrappingMul		
FortressLibrary.fss	891	NN64	DIV	opr DIV(self,b:NN64):NN64	UnsignedLong$Div	A	simpleUnsignedLongArith.unsignedLongOverflowingDiv		
FortressLibrary.fss	893	NN64	REM	opr REM(self,b:NN64):NN64	UnsignedLong$Rem	C			
FortressLibrary.fss	895	NN64	MOD	opr MOD(self,b:NN64):NN64	UnsignedLong$Mod	C			
FortressLibrary.fss	897	NN64	GCD	opr GCD(self,b:NN64):NN64	UnsignedLong$Gcd	C			
FortressLibrary.fss	899	NN64	LCM	opr LCM(self,b:NN64):NN64	UnsignedLong$Lcm	C			
FortressLibrary.fss	901	NN64	CHOOSE	opr CHOOSE(self,b:NN64):NN64	UnsignedLong$Choose	C			
FortressLibrary.fss	903	NN64	BITAND	opr BITAND(self,b:NN64):NN64	UnsignedLong$BitAnd	A	simpleUnsignedLongArith.unsignedLongBitAnd		
FortressLibrary.fss	905	NN64	BITOR	opr BITOR(self,b:NN64):NN64	UnsignedLong$BitOr	A	simpleUnsignedLongArith.unsignedLongBitOr		
FortressLibrary.fss	907	NN64	BITXOR	opr BITXOR(self,b:NN64):NN64	UnsignedLong$BitXor	A	simpleUnsignedLongArith.unsignedLongBitXor		
FortressLibrary.fss	909	NN64	LSHIFT	opr LSHIFT(self,b:AnyIntegral):NN64	UnsignedLong$LShift	C			AnyIntegral
FortressLibrary.fss	911	NN64	RSHIFT	opr RSHIFT(self,b:AnyIntegral):NN64	UnsignedLong$RShift	C			AnyIntegral
FortressLibrary.fss	913	NN64	BITNOT	opr BITNOT(self):NN64	UnsignedLong$BitNot	A	simpleUnsignedLongArith.unsignedLongBitNot		
FortressLibrary.fss	915	NN64	^	opr ^(self, b:AnyIntegral):RR64	UnsignedLong$Pow	C			AnyIntegral
FortressLibrary.fss	917	NN64	partitionL	partitionL(self):NN64	UnsignedLong$Partition	C			
FortressLibrary.fss	919	NN64	narrow	narrow(self):NN32	UnsignedLong$FromLong	A	simpleUnsignedIntArith.longWrappingToUnsignedInt		
FortressLibrary.fss	921	NN64	signed	signed(self):NN64	UnsignedLong$ToLong	B	simpleUnsignedLongArith.makeZZ64FromNN64WithSpecialCompilerHackForNN64ArgumentType	the compiler prelude declares this name at another signature: signed(self): ZZ64 -> simpleUnsignedLongArith.makeZZ64FromNN64WithSpecialCompilerHackForNN64ArgumentType	
FortressLibrary.fss	941	ZZ	=	opr =(self, b: ZZ):Boolean	BigNum$Eq	A	simpleArbitraryPrecisionArith.eq		
FortressLibrary.fss	952	ZZ	cmp	cmp(b:ZZ): ZZ32	BigNum$Cmp	C			
FortressLibrary.fss	955	ZZ	-	opr -(self): ZZ	BigNum$Negate	A	simpleArbitraryPrecisionArith.neg		
FortressLibrary.fss	957	ZZ	DOTMINUS	opr DOTMINUS(self): ZZ	BigNum$Negate	A	simpleArbitraryPrecisionArith.neg		
FortressLibrary.fss	959	ZZ	+	opr +(self, b: ZZ): ZZ	BigNum$Add	A	simpleArbitraryPrecisionArith.add		
FortressLibrary.fss	961	ZZ	DOTPLUS	opr DOTPLUS(self, b: ZZ): ZZ	BigNum$Add	A	simpleArbitraryPrecisionArith.add		
FortressLibrary.fss	963	ZZ	-	opr -(self, b: ZZ): ZZ	BigNum$Sub	A	simpleArbitraryPrecisionArith.sub		
FortressLibrary.fss	965	ZZ	DOTMINUS	opr DOTMINUS(self, b: ZZ): ZZ	BigNum$Sub	A	simpleArbitraryPrecisionArith.sub		
FortressLibrary.fss	967	ZZ	DOT	opr DOT(self, b: ZZ): ZZ	BigNum$Mul	A	simpleArbitraryPrecisionArith.mul		
FortressLibrary.fss	969	ZZ	juxtaposition	opr juxtaposition(self, b: ZZ): ZZ	BigNum$Mul	A	simpleArbitraryPrecisionArith.mul		
FortressLibrary.fss	971	ZZ	TIMES	opr TIMES(self, b: ZZ): ZZ	BigNum$Mul	B	simpleArbitraryPrecisionArith.mul		
FortressLibrary.fss	973	ZZ	DOTTIMES	opr DOTTIMES(self, b: ZZ): ZZ	BigNum$Mul	B	simpleArbitraryPrecisionArith.mul		
FortressLibrary.fss	983	ZZ	DIV	opr DIV(self, b: ZZ): ZZ	BigNum$Div	A	simpleArbitraryPrecisionArith.div		
FortressLibrary.fss	985	ZZ	REM	opr REM(self, b: ZZ): ZZ	BigNum$Rem	C			
FortressLibrary.fss	987	ZZ	MOD	opr MOD(self, b: ZZ): ZZ	BigNum$Mod	C			
FortressLibrary.fss	989	ZZ	GCD	opr GCD(self, b: ZZ): ZZ	BigNum$Gcd	C			
FortressLibrary.fss	991	ZZ	LCM	opr LCM(self, b: ZZ): ZZ	BigNum$Lcm	C			
FortressLibrary.fss	993	ZZ	CHOOSE	opr CHOOSE(self, b: ZZ): ZZ	BigNum$Choose	C			
FortressLibrary.fss	995	ZZ	BITAND	opr BITAND(self, b: ZZ): ZZ	BigNum$BitAnd	A	simpleArbitraryPrecisionArith.and		
FortressLibrary.fss	997	ZZ	BITOR	opr BITOR(self, b: ZZ): ZZ	BigNum$BitOr	A	simpleArbitraryPrecisionArith.oor		
FortressLibrary.fss	999	ZZ	BITXOR	opr BITXOR(self, b: ZZ): ZZ	BigNum$BitXor	A	simpleArbitraryPrecisionArith.xor		
FortressLibrary.fss	1001	ZZ	LSHIFT	opr LSHIFT(self, b:AnyIntegral): ZZ	BigNum$LShift	B	simpleArbitraryPrecisionArith.shiftLeft		AnyIntegral
FortressLibrary.fss	1003	ZZ	RSHIFT	opr RSHIFT(self, b:AnyIntegral): ZZ	BigNum$RShift	C			AnyIntegral
FortressLibrary.fss	1005	ZZ	shift	shift(self, k:AnyIntegral): ZZ	BigNum$LShift	B	simpleArbitraryPrecisionArith.shiftLeft		AnyIntegral
FortressLibrary.fss	1007	ZZ	BITNOT	opr BITNOT(self): ZZ	BigNum$BitNot	A	simpleArbitraryPrecisionArith.not		
FortressLibrary.fss	1009	ZZ	^	opr ^(self, b:AnyIntegral):RR64	BigNum$Pow	C			AnyIntegral
FortressLibrary.fss	1011	ZZ	narrow	narrow(self):ZZ32	BigNum$ToZZ32	C			
FortressLibrary.fss	1014	ZZ	widen	widen(self):ZZ64	BigNum$ToZZ64	C			
FortressLibrary.fss	4225	(top)	nanoTime	nanoTime():ZZ64	Long$NanoTime	C			
FortressLibrary.fss	4226	(top)	printTaskTrace	printTaskTrace():()	StringPrim$PrintTaskTrace	D2		the interpreter's task structures	
FortressLibrary.fss	4238	(top)	fromRawBits	fromRawBits(a:ZZ64):RR64	Float$FromRawBits	C			
FortressLibrary.fss	4240	(top)	random	random(a:Number):RR64	Float$Random	B	LocalRandom.localRandomDouble	the compiler prelude declares this name at another signature: random(i:RR64): RR64 -> LocalRandom.localRandomDouble	Number
FortressLibrary.fss	4243	(top)	char	char(a:ZZ32):Char	Char$Chr	B	simpleChar.charMakeCharacterWithSpecialCompilerHackForCharacterResultType		
FortressLibrary.fss	4318	(top)	match	match(regex:FlatString,some:FlatString):Boolean	StringPrim$Match	C			
FortressLibrary.fss	4331	(top)	printThreadInfo	printThreadInfo(a:String):()	StringPrim$PrintThreadInfo	C			
FortressLibrary.fss	4332	(top)	printThreadInfo	printThreadInfo(a:Number):()	StringPrim$PrintThreadInfo	C			Number
FortressLibrary.fss	4334	(top)	printWithThread	printWithThread(a:String):()	StringPrim$PrintWithThread	C			
FortressLibrary.fss	4335	(top)	printlnWithThread	printlnWithThread(a:String):()	StringPrim$PrintlnWithThread	B	simplePrintln.nativePrintlnWithThreadInfo		
FortressLibrary.fss	4341	(top)	SEQV	opr SEQV(a:Any, b:Any):Boolean	AnyPrim$SEquiv	B	equality.sEquiv		Any,Any
FortressBuiltin.fss	38	Object	ilkName	getter ilkName(): String	ObjectPrims$ClassName	B	stringOps.typeName		
FortressBuiltin.fss	40	Object	asString	getter asString(): String	ObjectPrims$ToString	A	stringOps.defaultAsString		
FortressBuiltin.fss	55	Float	asString	getter asString(): String	Float$ToString	A	simpleDoubleArith.doubleToString		
FortressBuiltin.fss	57	Float	asExprString	getter asExprString(): String	Float$ToString	B	simpleDoubleArith.doubleToString		
FortressBuiltin.fss	60	Float	isNaN	getter isNaN(): Boolean	Float$isNaN	C			
FortressBuiltin.fss	63	Float	isInfinite	getter isInfinite(): Boolean	Float$isInfinite	C			
FortressBuiltin.fss	66	Float	rawBits	getter rawBits():ZZ64	Float$RawBits	C			
FortressBuiltin.fss	70	Float	nextUp	getter nextUp():RR64	Float$NextUp	C			
FortressBuiltin.fss	73	Float	nextDown	getter nextDown():RR64	Float$NextDown	C			
FortressBuiltin.fss	77	Float	narrow	narrow(self): RR32	Float$Narrow	C			
FortressBuiltin.fss	79	Float	|self|	opr |self| : Number	Float$Abs	B	simpleDoubleArith.doubleAbs	the compiler prelude declares this name at another signature: opr |self| : RR64 -> simpleDoubleArith.doubleAbs	
FortressBuiltin.fss	81	Float	=	opr =(self, b:Float):Boolean	Float$Eq	A	simpleDoubleArith.doubleEQ		
FortressBuiltin.fss	83	Float	=/=	opr =/=(self, b:Float):Boolean	Float$NEq	C			
FortressBuiltin.fss	85	Float	<	opr <(self, b:Float):Boolean	Float$Less	A	simpleDoubleArith.doubleLT		
FortressBuiltin.fss	87	Float	<=	opr <=(self, b:Float):Boolean	Float$LessEq	A	simpleDoubleArith.doubleLE		
FortressBuiltin.fss	89	Float	>	opr >(self, b:Float):Boolean	Float$Greater	A	simpleDoubleArith.doubleGT		
FortressBuiltin.fss	91	Float	>=	opr >=(self, b:Float):Boolean	Float$GreaterEq	A	simpleDoubleArith.doubleGE		
FortressBuiltin.fss	95	Float	MIN	opr MIN(self, b:Float):RR64	Float$Min	C			
FortressBuiltin.fss	97	Float	MAX	opr MAX(self, b:Float):RR64	Float$Max	C			
FortressBuiltin.fss	101	Float	-	opr -(self):RR64	Float$Negate	A	simpleDoubleArith.doubleNeg		
FortressBuiltin.fss	103	Float	+	opr +(self,b:Float):RR64	Float$Add	A	simpleDoubleArith.doubleAdd		
FortressBuiltin.fss	105	Float	-	opr -(self,b:Float):RR64	Float$Sub	A	simpleDoubleArith.doubleSub		
FortressBuiltin.fss	107	Float	DOT	opr DOT(self,b:Float):RR64	Float$Mul	A	simpleDoubleArith.doubleMul		
FortressBuiltin.fss	109	Float	TIMES	opr TIMES(self,b:Float):RR64	Float$Mul	B	simpleDoubleArith.doubleMul		
FortressBuiltin.fss	111	Float	juxtaposition	opr juxtaposition (self,b:Float):RR64	Float$Mul	A	simpleDoubleArith.doubleMul		
FortressBuiltin.fss	114	Float	/	opr /(self,b:Float):RR64	Float$Div	A	simpleDoubleArith.doubleDiv		
FortressBuiltin.fss	116	Float	SQRT	opr SQRT(self):RR64	Float$Sqrt	A	simpleDoubleArith.doubleSQRT		
FortressBuiltin.fss	118	Float	PLUS_UP	opr PLUS_UP(self,b:Float):RR64	Float$AddUpNoNaN	C			
FortressBuiltin.fss	120	Float	MINUS_UP	opr MINUS_UP(self,b:Float):RR64	Float$SubUpNoNaN	C			
FortressBuiltin.fss	122	Float	DOT_UP	opr DOT_UP(self,b:Float):RR64	Float$MulUpNoNaN	C			
FortressBuiltin.fss	124	Float	SLASH_UP	opr SLASH_UP(self,b:Float):RR64	Float$DivUpNoNaN	C			
FortressBuiltin.fss	126	Float	SQRT_UP	opr SQRT_UP(self):RR64	Float$SqrtUp	C			
FortressBuiltin.fss	128	Float	PLUS_DOWN	opr PLUS_DOWN(self,b:Float):RR64	Float$AddDownNoNaN	C			
FortressBuiltin.fss	130	Float	MINUS_DOWN	opr MINUS_DOWN(self,b:Float):RR64	Float$SubDownNoNaN	C			
FortressBuiltin.fss	132	Float	DOT_DOWN	opr DOT_DOWN(self,b:Float):RR64	Float$MulDownNoNaN	C			
FortressBuiltin.fss	134	Float	SLASH_DOWN	opr SLASH_DOWN(self,b:Float):RR64	Float$DivDownNoNaN	C			
FortressBuiltin.fss	136	Float	SQRT_DOWN	opr SQRT_DOWN(self):RR64	Float$SqrtDown	C			
FortressBuiltin.fss	138	Float	IEEE_PLUS_UP	opr IEEE_PLUS_UP(self,b:Float):RR64	Float$AddUp	C			
FortressBuiltin.fss	140	Float	IEEE_MINUS_UP	opr IEEE_MINUS_UP(self,b:Float):RR64	Float$SubUp	C			
FortressBuiltin.fss	142	Float	IEEE_DOT_UP	opr IEEE_DOT_UP(self,b:Float):RR64	Float$MulUp	C			
FortressBuiltin.fss	144	Float	IEEE_SLASH_UP	opr IEEE_SLASH_UP(self,b:Float):RR64	Float$DivUp	C			
FortressBuiltin.fss	146	Float	IEEE_PLUS_DOWN	opr IEEE_PLUS_DOWN(self,b:Float):RR64	Float$AddDown	C			
FortressBuiltin.fss	148	Float	IEEE_MINUS_DOWN	opr IEEE_MINUS_DOWN(self,b:Float):RR64	Float$SubDown	C			
FortressBuiltin.fss	150	Float	IEEE_DOT_DOWN	opr IEEE_DOT_DOWN(self,b:Float):RR64	Float$MulDown	C			
FortressBuiltin.fss	152	Float	IEEE_SLASH_DOWN	opr IEEE_SLASH_DOWN(self,b:Float):RR64	Float$DivDown	C			
FortressBuiltin.fss	154	Float	^	opr ^(self, b:Float):RR64	Float$Pow	A	simpleDoubleArith.doublePow		
FortressBuiltin.fss	156	Float	^	opr ^(self, b:RR32):RR64	Float$Pow	B	simpleDoubleArith.doublePow	the compiler prelude declares this name at another signature: opr ^(self, other:RR64): RR64 -> simpleDoubleArith.doublePow	
FortressBuiltin.fss	160	Float	^	opr ^(self, b:AnyIntegral):RR64	Float$Pow	B	simpleDoubleArith.doublePow	the compiler prelude declares this name at another signature: opr ^(self, other:RR64): RR64 -> simpleDoubleArith.doublePow	AnyIntegral
FortressBuiltin.fss	162	Float	sin	sin(self):RR64	Float$Sin	A	simpleDoubleArith.doubleSin		
FortressBuiltin.fss	164	Float	cos	cos(self):RR64	Float$Cos	A	simpleDoubleArith.doubleCos		
FortressBuiltin.fss	166	Float	tan	tan(self):RR64	Float$Tan	A	simpleDoubleArith.doubleTan		
FortressBuiltin.fss	168	Float	asin	asin(self):RR64	Float$ASin	A	simpleDoubleArith.doubleASin		
FortressBuiltin.fss	170	Float	acos	acos(self):RR64	Float$ACos	A	simpleDoubleArith.doubleACos		
FortressBuiltin.fss	172	Float	atan	atan(self):RR64	Float$ATan	A	simpleDoubleArith.doubleATan		
FortressBuiltin.fss	174	Float	atan2	atan2(self,x:Number):RR64	Float$ATan2	B	simpleDoubleArith.doubleATan2	the compiler prelude declares this name at another signature: atan2(self, x:RR64):RR64 -> simpleDoubleArith.doubleATan2	Number
FortressBuiltin.fss	176	Float	log	log(self):RR64	Float$Log	A	simpleDoubleArith.doubleLog		
FortressBuiltin.fss	178	Float	exp	exp(self):RR64	Float$Exp	A	simpleDoubleArith.doubleExp		
FortressBuiltin.fss	180	Float	floor	floor(self):RR64	Float$Floor	A	simpleDoubleArith.doubleFloor		
FortressBuiltin.fss	182	Float	|	opr |\self/| : ZZ64	Float$IFloor	A	simpleDoubleArith.doubleCeiling		
FortressBuiltin.fss	184	Float	ceiling	ceiling(self):RR64	Float$Ceiling	A	simpleDoubleArith.doubleCeiling		
FortressBuiltin.fss	186	Float	|	opr |/self\| : ZZ64	Float$ICeiling	A	simpleDoubleArith.doubleCeiling		
FortressBuiltin.fss	188	Float	truncate	truncate(self):ZZ64	Float$Truncate	A	simpleDoubleArith.doubleTruncate		
FortressBuiltin.fss	190	Float	round	round(self):ZZ64	Float$Round	A	simpleDoubleArith.doubleRound		
FortressBuiltin.fss	195	FloatLiteral	asString	getter asString(): String	FloatLiteral$ToString	C			
FortressBuiltin.fss	197	FloatLiteral	asExprString	getter asExprString(): String	FloatLiteral$ToString	C			
FortressBuiltin.fss	199	FloatLiteral	asFloat	asFloat(self): Float	FloatLiteral$AsFloat	C			
FortressBuiltin.fss	206	RR32	asString	getter asString(): String	RR32$ToString	C			
FortressBuiltin.fss	208	RR32	asExprString	getter asExprString(): String	RR32$ToString	C			
FortressBuiltin.fss	212	RR32	isNaN	getter isNaN(): Boolean	RR32$isNaN	C			
FortressBuiltin.fss	215	RR32	isInfinite	getter isInfinite(): Boolean	RR32$isInfinite	C			
FortressBuiltin.fss	228	RR32	rawBits	getter rawBits():ZZ32	RR32$RawBits	C			
FortressBuiltin.fss	232	RR32	nextUp	getter nextUp():RR32	RR32$NextUp	C			
FortressBuiltin.fss	235	RR32	nextDown	getter nextDown():RR32	RR32$NextDown	C			
FortressBuiltin.fss	238	RR32	asFloat	asFloat(self): Float	RR32$AsFloat	B	simpleDoubleArith.floatToDouble		
FortressBuiltin.fss	241	RR32	|self|	opr |self| : Number	RR32$Abs	C			
FortressBuiltin.fss	243	RR32	=	opr =(self, b:RR64):Boolean	RR32$Eq	C			
FortressBuiltin.fss	245	RR32	=/=	opr =/=(self, b:RR64):Boolean	RR32$NEq	C			
FortressBuiltin.fss	247	RR32	<	opr <(self, b:RR64):Boolean	RR32$Less	C			
FortressBuiltin.fss	249	RR32	<=	opr <=(self, b:RR64):Boolean	RR32$LessEq	C			
FortressBuiltin.fss	251	RR32	>	opr >(self, b:RR64):Boolean	RR32$Greater	C			
FortressBuiltin.fss	253	RR32	>=	opr >=(self, b:RR64):Boolean	RR32$GreaterEq	C			
FortressBuiltin.fss	263	RR32	MIN	opr MIN(self, b:RR64):RR64	RR32$Min	C			
FortressBuiltin.fss	265	RR32	MAX	opr MAX(self, b:RR64):RR64	RR32$Max	C			
FortressBuiltin.fss	270	RR32	-	opr -(self):RR32	RR32$Negate	C			
FortressBuiltin.fss	272	RR32	+	opr +(self,b:RR64):RR32	RR32$Add	C			
FortressBuiltin.fss	274	RR32	-	opr -(self,b:RR64):RR32	RR32$Sub	C			
FortressBuiltin.fss	276	RR32	DOT	opr DOT(self,b:RR64):RR32	RR32$Mul	C			
FortressBuiltin.fss	278	RR32	TIMES	opr TIMES(self,b:RR64):RR32	RR32$Mul	C			
FortressBuiltin.fss	280	RR32	juxtaposition	opr juxtaposition (self,b:RR64):RR32	RR32$Mul	C			
FortressBuiltin.fss	283	RR32	/	opr /(self,b:RR64):RR32	RR32$Div	C			
FortressBuiltin.fss	285	RR32	SQRT	opr SQRT(self):RR32	RR32$Sqrt	C			
FortressBuiltin.fss	287	RR32	PLUS_UP	opr PLUS_UP(self,b:RR64):RR32	RR32$AddUpNoNaN	C			
FortressBuiltin.fss	289	RR32	MINUS_UP	opr MINUS_UP(self,b:RR64):RR32	RR32$SubUpNoNaN	C			
FortressBuiltin.fss	291	RR32	DOT_UP	opr DOT_UP(self,b:RR64):RR32	RR32$MulUpNoNaN	C			
FortressBuiltin.fss	293	RR32	SLASH_UP	opr SLASH_UP(self,b:RR64):RR32	RR32$DivUpNoNaN	C			
FortressBuiltin.fss	295	RR32	SQRT_UP	opr SQRT_UP(self):RR32	RR32$SqrtUp	C			
FortressBuiltin.fss	297	RR32	PLUS_DOWN	opr PLUS_DOWN(self,b:RR64):RR32	RR32$AddDownNoNaN	C			
FortressBuiltin.fss	299	RR32	MINUS_DOWN	opr MINUS_DOWN(self,b:RR64):RR32	RR32$SubDownNoNaN	C			
FortressBuiltin.fss	301	RR32	DOT_DOWN	opr DOT_DOWN(self,b:RR64):RR32	RR32$MulDownNoNaN	C			
FortressBuiltin.fss	303	RR32	SLASH_DOWN	opr SLASH_DOWN(self,b:RR64):RR32	RR32$DivDownNoNaN	C			
FortressBuiltin.fss	305	RR32	SQRT_DOWN	opr SQRT_DOWN(self):RR32	RR32$SqrtDown	C			
FortressBuiltin.fss	307	RR32	IEEE_PLUS_UP	opr IEEE_PLUS_UP(self,b:RR64):RR32	RR32$AddUp	C			
FortressBuiltin.fss	309	RR32	IEEE_MINUS_UP	opr IEEE_MINUS_UP(self,b:RR64):RR32	RR32$SubUp	C			
FortressBuiltin.fss	311	RR32	IEEE_DOT_UP	opr IEEE_DOT_UP(self,b:RR64):RR32	RR32$MulUp	C			
FortressBuiltin.fss	313	RR32	IEEE_SLASH_UP	opr IEEE_SLASH_UP(self,b:RR64):RR32	RR32$DivUp	C			
FortressBuiltin.fss	315	RR32	IEEE_PLUS_DOWN	opr IEEE_PLUS_DOWN(self,b:RR64):RR32	RR32$AddDown	C			
FortressBuiltin.fss	317	RR32	IEEE_MINUS_DOWN	opr IEEE_MINUS_DOWN(self,b:RR64):RR32	RR32$SubDown	C			
FortressBuiltin.fss	319	RR32	IEEE_DOT_DOWN	opr IEEE_DOT_DOWN(self,b:RR64):RR32	RR32$MulDown	C			
FortressBuiltin.fss	321	RR32	IEEE_SLASH_DOWN	opr IEEE_SLASH_DOWN(self,b:RR64):RR32	RR32$DivDown	C			
FortressBuiltin.fss	323	RR32	^	opr ^(self, b:RR32):RR32	RR32$Pow	C			
FortressBuiltin.fss	325	RR32	^	opr ^(self, b:Float):RR64	Float$Pow	B	simpleDoubleArith.doublePow		
FortressBuiltin.fss	329	RR32	^	opr ^(self, b:ZZ64):RR32	RR32$Pow	C			
FortressBuiltin.fss	331	RR32	floor	floor(self):RR32	RR32$Floor	C			
FortressBuiltin.fss	333	RR32	|	opr |\self/| : ZZ64	RR32$IFloor	C			
FortressBuiltin.fss	335	RR32	ceiling	ceiling(self):RR32	RR32$Ceiling	C			
FortressBuiltin.fss	337	RR32	|	opr |/self\| : ZZ64	RR32$ICeiling	C			
FortressBuiltin.fss	339	RR32	truncate	truncate(self):ZZ64	RR32$Truncate	C			
FortressBuiltin.fss	341	RR32	round	round(self):ZZ64	RR32$Round	C			
FortressBuiltin.fss	370	Int	asString	getter asString(): String	Int$ToString	A	simpleIntArith.intToString		
FortressBuiltin.fss	372	Int	asExprString	getter asExprString(): String	Int$ToString	B	simpleIntArith.intToString		
FortressBuiltin.fss	374	Int	asFloat	asFloat(self): Float	Int$AsFloat	B	simpleIntArith.intToDouble		
FortressBuiltin.fss	379	Long	asString	getter asString(): String	Long$ToString	A	simpleLongArith.longToString		
FortressBuiltin.fss	381	Long	asExprString	getter asExprString(): String	Long$ToString	B	simpleLongArith.longToString		
FortressBuiltin.fss	383	Long	asFloat	asFloat(self): Float	Long$AsFloat	C			
FortressBuiltin.fss	390	NN32	asString	getter asString(): String	NN32$ToString	A	simpleUnsignedIntArith.unsignedIntToString		
FortressBuiltin.fss	392	NN32	asExprString	getter asExprString(): String	NN32$ToString	B	simpleUnsignedIntArith.unsignedIntToString		
FortressBuiltin.fss	395	NN32	asFloat	asFloat(self): Float	NN32$AsFloat	B	simpleUnsignedIntArith.unsignedIntToDouble		
FortressBuiltin.fss	399	NN32	=	opr =(self, b:NN32):Boolean	NN32$Eq	B	simpleUnsignedIntArith.unsignedIntEQ	the compiler prelude binds this name to another helper: simpleIntArith.intEQ simpleUnsignedIntArith.makeZZ32FromNN32WithSpecialCompilerHackForNN32ArgumentType	
FortressBuiltin.fss	401	NN32	<	opr <(self, b:NN32):Boolean	NN32$Less	A	simpleUnsignedIntArith.unsignedIntLT		
FortressBuiltin.fss	408	NN32	-	opr -(self):NN32	NN32$Negate	B	simpleUnsignedIntArith.unsignedIntOverflowingNeg	the compiler prelude declares this name at another signature: opr -(self, other:NN32): NN32 -> simpleUnsignedIntArith.makeNN32FromZZ32WithSpecialCompilerHackForNN32ResultType simpleUnsignedIntArith.unsignedIntOverflowingSub simpleUnsignedIntArith.makeZZ32FromNN32WithSpecialCompilerHackForNN32ArgumentType	
FortressBuiltin.fss	410	NN32	DOTMINUS	opr DOTMINUS(self):NN32	NN32$WrappingNegate	B	simpleUnsignedIntArith.unsignedIntWrappingNeg	the compiler prelude binds this name to another helper: simpleUnsignedIntArith.makeNN32FromZZ32WithSpecialCompilerHackForNN32ResultType simpleUnsignedIntArith.unsignedIntSaturatingNeg simpleUnsignedIntArith.makeZZ32FromNN32WithSpecialCompilerHackForNN32ArgumentType	
FortressBuiltin.fss	412	NN32	+	opr +(self,b:NN32):NN32	NN32$Add	A	simpleUnsignedIntArith.unsignedIntOverflowingAdd		
FortressBuiltin.fss	414	NN32	DOTPLUS	opr DOTPLUS(self,b:NN32):NN32	NN32$WrappingAdd	B	simpleUnsignedIntArith.unsignedIntWrappingAdd	the compiler prelude binds this name to another helper: simpleUnsignedIntArith.makeNN32FromZZ32WithSpecialCompilerHackForNN32ResultType simpleUnsignedIntArith.unsignedIntSaturatingAdd simpleUnsignedIntArith.makeZZ32FromNN32WithSpecialCompilerHackForNN32ArgumentType	
FortressBuiltin.fss	416	NN32	-	opr -(self,b:NN32):NN32	NN32$Sub	A	simpleUnsignedIntArith.unsignedIntOverflowingSub		
FortressBuiltin.fss	418	NN32	DOTMINUS	opr DOTMINUS(self,b:NN32):NN32	NN32$WrappingSub	B	simpleUnsignedIntArith.unsignedIntWrappingSub	the compiler prelude binds this name to another helper: simpleUnsignedIntArith.makeNN32FromZZ32WithSpecialCompilerHackForNN32ResultType simpleUnsignedIntArith.unsignedIntSaturatingSub simpleUnsignedIntArith.makeZZ32FromNN32WithSpecialCompilerHackForNN32ArgumentType	
FortressBuiltin.fss	420	NN32	DOT	opr DOT(self,b:NN32):NN32	NN32$Mul	A	simpleUnsignedIntArith.unsignedIntOverflowingMul		
FortressBuiltin.fss	422	NN32	TIMES	opr TIMES(self,b:NN32):NN32	NN32$Mul	B	simpleUnsignedIntArith.unsignedIntOverflowingMul		
FortressBuiltin.fss	424	NN32	juxtaposition	opr juxtaposition(self,b:NN32):NN32	NN32$Mul	A	simpleUnsignedIntArith.unsignedIntOverflowingMul		
FortressBuiltin.fss	426	NN32	DOTTIMES	opr DOTTIMES(self,b:NN32):NN32	NN32$WrappingMul	B	simpleUnsignedIntArith.unsignedIntWrappingMul		
FortressBuiltin.fss	428	NN32	DIV	opr DIV(self,b:NN32):NN32	NN32$Div	A	simpleUnsignedIntArith.unsignedIntOverflowingDiv		
FortressBuiltin.fss	430	NN32	REM	opr REM(self,b:NN32):NN32	NN32$Rem	C			
FortressBuiltin.fss	432	NN32	MOD	opr MOD(self,b:NN32):NN32	NN32$Mod	C			
FortressBuiltin.fss	434	NN32	GCD	opr GCD(self,b:NN32):NN32	NN32$Gcd	C			
FortressBuiltin.fss	436	NN32	LCM	opr LCM(self,b:NN32):NN32	NN32$Lcm	C			
FortressBuiltin.fss	438	NN32	CHOOSE	opr CHOOSE(self,b:NN32):NN32	NN32$Choose	A	simpleUnsignedIntArith.unsignedIntOverflowingChoose		
FortressBuiltin.fss	440	NN32	BITAND	opr BITAND(self,b:NN32):NN32	NN32$BitAnd	A	simpleUnsignedIntArith.unsignedIntBitAnd		
FortressBuiltin.fss	442	NN32	BITOR	opr BITOR(self,b:NN32):NN32	NN32$BitOr	A	simpleUnsignedIntArith.unsignedIntBitOr		
FortressBuiltin.fss	444	NN32	BITXOR	opr BITXOR(self,b:NN32):NN32	NN32$BitXor	A	simpleUnsignedIntArith.unsignedIntBitXor		
FortressBuiltin.fss	446	NN32	LSHIFT	opr LSHIFT(self,b:AnyIntegral):NN32	NN32$LShift	C			AnyIntegral
FortressBuiltin.fss	448	NN32	RSHIFT	opr RSHIFT(self,b:AnyIntegral):NN32	NN32$RShift	C			AnyIntegral
FortressBuiltin.fss	450	NN32	BITNOT	opr BITNOT(self):NN32	NN32$BitNot	A	simpleUnsignedIntArith.unsignedIntBitNot		
FortressBuiltin.fss	452	NN32	^	opr ^(self, b:AnyIntegral):RR64	NN32$Pow	C			AnyIntegral
FortressBuiltin.fss	454	NN32	widen	widen(self):NN64	NN32$ToUnsignedLong	A	simpleUnsignedIntArith.toLong		
FortressBuiltin.fss	456	NN32	partitionL	partitionL(self):NN32	NN32$Partition	C			
FortressBuiltin.fss	458	NN32	signed	signed(self):ZZ32	NN32$ToInt	A	simpleUnsignedIntArith.makeZZ32FromNN32WithSpecialCompilerHackForNN32ArgumentType		
FortressBuiltin.fss	466	UnsignedLong	asString	getter asString(): String	UnsignedLong$ToString	A	simpleUnsignedLongArith.unsignedLongToString		
FortressBuiltin.fss	468	UnsignedLong	asExprString	getter asExprString(): String	UnsignedLong$ToString	B	simpleUnsignedLongArith.unsignedLongToString		
FortressBuiltin.fss	470	UnsignedLong	asFloat	asFloat(self): Float	UnsignedLong$AsFloat	C			
FortressBuiltin.fss	477	IntLiteral	asString	getter asString(): String	IntLiteral$ToString	C			
FortressBuiltin.fss	479	IntLiteral	asExprString	getter asExprString(): String	IntLiteral$ToString	C			
FortressBuiltin.fss	482	IntLiteral	asFloat	asFloat(self): Float	IntLiteral$AsFloat	C			
FortressBuiltin.fss	486	IntLiteral	=	opr =(self, b: IntLiteral):Boolean	IntLiteral$Eq	C			
FortressBuiltin.fss	493	IntLiteral	cmp	cmp(b:IntLiteral): ZZ32	IntLiteral$Cmp	C			
FortressBuiltin.fss	542	BigNum	asString	getter asString(): String	BigNum$ToString	A	simpleArbitraryPrecisionArith.toString		
FortressBuiltin.fss	544	BigNum	asExprString	getter asExprString(): String	BigNum$ToString	B	simpleArbitraryPrecisionArith.toString		
FortressBuiltin.fss	546	BigNum	asFloat	asFloat(self): Float	BigNum$AsFloat	C			
FortressBuiltin.fss	588	Char	asString	getter asString(): String	Char$ToString	A	simpleChar.charToString		
FortressBuiltin.fss	590	Char	asExprString	getter asExprString(): String	Char$ToExprString	A	simpleChar.charToExprString		
FortressBuiltin.fss	592	Char	codePoint	getter codePoint(): ZZ32	Char$CodePoint	A	simpleChar.charCodePointWithSpecialCompilerHackForCharacterArgumentType		
FortressBuiltin.fss	595	Char	=	opr =(self, other:Char): Boolean	Char$Eq	A	simpleChar.charEQ		
FortressBuiltin.fss	597	Char	<	opr <(self, other:Char): Boolean	Char$LessThan	A	simpleChar.charLT		
FortressBuiltin.fss	600	Char	SIMEQ	opr SIMEQ(self, other:Char): Boolean	Char$SimEq	A	simpleChar.charSimEq		
FortressBuiltin.fss	602	Char	NSIMEQ	opr NSIMEQ(self, other:Char): Boolean	Char$NotSimEq	A	simpleChar.charNotSimEq		
FortressBuiltin.fss	604	Char	LNSIM	opr LNSIM(self, other:Char): Boolean	Char$LessNotSim	A	simpleChar.charLessNotSim		
FortressBuiltin.fss	606	Char	LESSSIM	opr LESSSIM(self, other:Char): Boolean	Char$LessSim	A	simpleChar.charLessSim		
FortressBuiltin.fss	608	Char	GNSIM	opr GNSIM(self, other:Char): Boolean	Char$GreaterNotSim	A	simpleChar.charGreaterNotSim		
FortressBuiltin.fss	610	Char	GTRSIM	opr GTRSIM(self, other:Char): Boolean	Char$GreaterSim	A	simpleChar.charGreaterSim		
FortressBuiltin.fss	613	Char	javaDigit	javaDigit(self, radix:ZZ32): ZZ32	Char$JavaDigit	A	simpleChar.charJavaDigit		
FortressBuiltin.fss	641	Char	getDirectionality	getDirectionality(self): ZZ32	Char$GetDirectionality	A	simpleChar.charGetDirectionality		
FortressBuiltin.fss	643	Char	getNumericValue	getNumericValue(self): ZZ32	Char$GetNumericValue	A	simpleChar.charGetNumericValue		
FortressBuiltin.fss	645	Char	getType	getType(self): ZZ32	Char$GetType	A	simpleChar.charGetType		
FortressBuiltin.fss	647	Char	isDefined	isDefined(self): Boolean	Char$IsDefined	A	simpleChar.charIsDefined		
FortressBuiltin.fss	649	Char	isDigit	isDigit(self): Boolean	Char$IsDigit	A	simpleChar.charIsDigit		
FortressBuiltin.fss	651	Char	isFortressIdentifierPart	isFortressIdentifierPart(self): Boolean	Char$IsFortressIdentifierPart	A	simpleChar.charIsFortressIdentifierPart		
FortressBuiltin.fss	653	Char	isFortressIdentifierStart	isFortressIdentifierStart(self): Boolean	Char$IsFortressIdentifierStart	A	simpleChar.charIsFortressIdentifierStart		
FortressBuiltin.fss	655	Char	isHighSurrogate	isHighSurrogate(self): Boolean	Char$IsHighSurrogate	A	simpleChar.charIsHighSurrogate		
FortressBuiltin.fss	657	Char	isIdentifierIgnorable	isIdentifierIgnorable(self): Boolean	Char$IsIdentifierIgnorable	A	simpleChar.charIsIdentifierIgnorable		
FortressBuiltin.fss	659	Char	isISOControl	isISOControl(self): Boolean	Char$IsISOControl	A	simpleChar.charIsISOControl		
FortressBuiltin.fss	661	Char	isJavaIdentifierPart	isJavaIdentifierPart(self): Boolean	Char$IsJavaIdentifierPart	A	simpleChar.charIsJavaIdentifierPart		
FortressBuiltin.fss	663	Char	isJavaIdentifierStart	isJavaIdentifierStart(self): Boolean	Char$IsJavaIdentifierStart	A	simpleChar.charIsJavaIdentifierStart		
FortressBuiltin.fss	665	Char	isLetter	isLetter(self): Boolean	Char$IsLetter	A	simpleChar.charIsLetter		
FortressBuiltin.fss	667	Char	isLetterOrDigit	isLetterOrDigit(self): Boolean	Char$IsLetterOrDigit	A	simpleChar.charIsLetterOrDigit		
FortressBuiltin.fss	669	Char	isLowerCase	isLowerCase(self): Boolean	Char$IsLowerCase	A	simpleChar.charIsLowerCase		
FortressBuiltin.fss	671	Char	isLowSurrogate	isLowSurrogate(self): Boolean	Char$IsLowSurrogate	A	simpleChar.charIsLowSurrogate		
FortressBuiltin.fss	673	Char	isMirrored	isMirrored(self): Boolean	Char$IsMirrored	A	simpleChar.charIsMirrored		
FortressBuiltin.fss	675	Char	isSpaceChar	isSpaceChar(self): Boolean	Char$IsSpaceChar	A	simpleChar.charIsSpaceChar		
FortressBuiltin.fss	677	Char	isSupplementaryCodePoint	isSupplementaryCodePoint(self): Boolean	Char$IsSupplementaryCodePoint	A	simpleChar.charIsSupplementaryCodePoint		
FortressBuiltin.fss	679	Char	isSurrogatePair	isSurrogatePair(self, low:Char): Boolean	Char$IsSurrogatePair	A	simpleChar.charIsSurrogatePair		
FortressBuiltin.fss	681	Char	isTitleCase	isTitleCase(self): Boolean	Char$IsTitleCase	A	simpleChar.charIsTitleCase		
FortressBuiltin.fss	683	Char	isUnicodeIdentifierPart	isUnicodeIdentifierPart(self): Boolean	Char$IsUnicodeIdentifierPart	A	simpleChar.charIsUnicodeIdentifierPart		
FortressBuiltin.fss	685	Char	isUnicodeIdentifierStart	isUnicodeIdentifierStart(self): Boolean	Char$IsUnicodeIdentifierStart	A	simpleChar.charIsUnicodeIdentifierStart		
FortressBuiltin.fss	687	Char	isUpperCase	isUpperCase(self): Boolean	Char$IsUpperCase	A	simpleChar.charIsUpperCase		
FortressBuiltin.fss	689	Char	isValidCodePoint	isValidCodePoint(self): Boolean	Char$IsValidCodePoint	A	simpleChar.charIsValidCodePoint		
FortressBuiltin.fss	691	Char	isWhitespace	isWhitespace(self): Boolean	Char$IsWhitespace	A	simpleChar.charIsWhitespace		
FortressBuiltin.fss	693	Char	toLowerCase	toLowerCase(self): Char	Char$ToLowerCase	A	simpleChar.charToLowerCase		
FortressBuiltin.fss	695	Char	toTitleCase	toTitleCase(self): Char	Char$ToTitleCase	A	simpleChar.charToTitleCase		
FortressBuiltin.fss	697	Char	toUpperCase	toUpperCase(self): Char	Char$ToUpperCase	A	simpleChar.charToUpperCase		
FortressBuiltin.fss	702	Thread	val	val():T	Thread$val	D2		the Thread object of spawn: a task representation	
FortressBuiltin.fss	704	Thread	wait	wait():()	Thread$wait	D2		the Thread object of spawn: a task representation	
FortressBuiltin.fss	706	Thread	ready	ready():Boolean	Thread$ready	D2		the Thread object of spawn: a task representation	
FortressBuiltin.fss	708	Thread	stop	stop():()	Thread$stop	D2		the Thread object of spawn: a task representation	
FortressBuiltin.fss	712	(top)	abort	abort():()	Thread$abort	D2		the Thread object of spawn: a task representation	
Reflect.fss	23	Type	asString	getter asString(): String	Reflect$ToString	D2		reflection over run-time Fortress types	
Reflect.fss	29	Type	=	opr =(self, other:Type): Boolean	Reflect$Eq	D2		reflection over run-time Fortress types	Type
Reflect.fss	34	Type	<	opr <(self, other:Type): Boolean	Reflect$Less	D2		reflection over run-time Fortress types	Type
Reflect.fss	38	Type	SUBTYPEOF	opr SUBTYPEOF(self, other:Type): Boolean	Reflect$SubtypeOf	D2		reflection over run-time Fortress types	Type
Reflect.fss	48	Type	join0	join0(self, other:Type): ReflectCollection	Reflect$Join	D2		reflection over run-time Fortress types	Type
Reflect.fss	55	Type	meet0	meet0(self, other:Type): ReflectCollection	Reflect$Meet	D2		reflection over run-time Fortress types	Type
Reflect.fss	67	GenericType	staticParams0	getter staticParams0(): ReflectCollection	Reflect$StaticParams	D2		reflection over run-time Fortress types	
Reflect.fss	94	ObjectOrTraitType	typeExtends0	getter typeExtends0(): ReflectCollection	Reflect$Extends	D2		reflection over run-time Fortress types	
Reflect.fss	102	ObjectOrTraitType	typeExcludes0	getter typeExcludes0(): ReflectCollection	Reflect$Excludes	D2		reflection over run-time Fortress types	
Reflect.fss	113	ObjectOrTraitType	staticArgs0	getter staticArgs0(): ReflectCollection	Reflect$StaticArgs	D2		reflection over run-time Fortress types	
Reflect.fss	119	ObjectOrTraitType	generic	getter generic(): Type	Reflect$Generic	D2		reflection over run-time Fortress types	
Reflect.fss	133	ObjectOrTraitType	members0	getter members0(): ReflectCollection	Reflect$Members	D2		reflection over run-time Fortress types	
Reflect.fss	158	TraitType	typeComprises0	getter typeComprises0(): Generator[\ObjectOrTraitType\]	Reflect$Comprises	D2		reflection over run-time Fortress types	
Reflect.fss	234	ReflectCollection	size	getter size(): ZZ32	ReflectCollection$Size	D2		reflection over run-time Fortress types	
Reflect.fss	238	ReflectCollection	?	opr [i:ZZ32]: Any	ReflectCollection$Get	D2		reflection over run-time Fortress types	
Reflect.fss	243	ReflectCollection	generate0	generate0[\R\](empty:()->R, join':(R,R)->R, body:Any->R): R	ReflectCollection$Generate	D2		reflection over run-time Fortress types	()->R,R)->R,Any->R
Reflect.fss	257	ReflectMethod	apply	apply(selfobj:Object, sargs:Any, args:Any): Any	ReflectMethod$Apply	D2		reflection over run-time Fortress types	Object,Any,Any
Reflect.fss	306	Reflect	copy	copy(): Type	Reflect$Copy	D2		reflection over run-time Fortress types	
Reflect.fss	312	ReflectGeneric	apply	apply(args:Type...): Type	ReflectGeneric$TypeApply	D2		reflection over run-time Fortress types	Type...
Reflect.fss	318	ReflectGenericArrow	apply	apply(args:Type...): Type	ReflectGenericArrow$TypeApply	D2		reflection over run-time Fortress types	Type...
Reflect.fss	332	ReflectArrow	domain	getter domain(): Type	ReflectArrow$Domain	D2		reflection over run-time Fortress types	
Reflect.fss	334	ReflectArrow	range	getter range(): Type	ReflectArrow$Range	D2		reflection over run-time Fortress types	
Reflect.fss	340	ReflectTuple	types0	getter types0(): ReflectCollection	ReflectTuple$Types	D2		reflection over run-time Fortress types	
Reflect.fss	356	ReflectRest	base	getter base(): Type	ReflectRest$Base	D2		reflection over run-time Fortress types	
Reflect.fss	383	(top)	arrowType	arrowType(domain:Type, range:Type): ArrowType	ReflectArrow$Make	D2		reflection over run-time Fortress types	Type,Type
Reflect.fss	388	(top)	tupleType	tupleType(types:Type...): Type	ReflectTuple$Make	D2		reflection over run-time Fortress types	Type...
Reflect.fss	392	(top)	restType	restType(ty:Type): RestType	ReflectRest$Make	D2		reflection over run-time Fortress types	Type
Reflect.fss	402	(top)	typeOf	typeOf(obj:Any): Type	Reflect$TypeOf	D2		reflection over run-time Fortress types	Any
File.fss	24	FileReadStream	fileName	getter fileName():String	FileReadStream$fileName	D1		a native I/O object: a representation for the object, then helpers (fileOps has 17 over FortressBufferedReader/Writer)	
File.fss	28	FileReadStream	asString	getter asString():String	FileReadStream$toString	D1		a native I/O object: a representation for the object, then helpers (fileOps has 17 over FortressBufferedReader/Writer)	
File.fss	32	FileReadStream	eof	getter eof():Boolean	FileReadStream$eof	D1		a native I/O object: a representation for the object, then helpers (fileOps has 17 over FortressBufferedReader/Writer)	
File.fss	36	FileReadStream	ready	getter ready():Boolean	FileReadStream$ready	D1		a native I/O object: a representation for the object, then helpers (fileOps has 17 over FortressBufferedReader/Writer)	
File.fss	40	FileReadStream	whenUnconsumed	whenUnconsumed():()	FileReadStream$whenUnconsumed	D1		a native I/O object: a representation for the object, then helpers (fileOps has 17 over FortressBufferedReader/Writer)	
File.fss	43	FileReadStream	consume	consume():()	FileReadStream$consume	D1		a native I/O object: a representation for the object, then helpers (fileOps has 17 over FortressBufferedReader/Writer)	
File.fss	47	FileReadStream	uncheckedReadLine	uncheckedReadLine():String	FileReadStream$readLine	D1		a native I/O object: a representation for the object, then helpers (fileOps has 17 over FortressBufferedReader/Writer)	
File.fss	51	FileReadStream	uncheckedReadChar	uncheckedReadChar():ZZ32	FileReadStream$readChar	D1		a native I/O object: a representation for the object, then helpers (fileOps has 17 over FortressBufferedReader/Writer)	
File.fss	55	FileReadStream	uncheckedRead	uncheckedRead(k:ZZ32):String	FileReadStream$readk	D1		a native I/O object: a representation for the object, then helpers (fileOps has 17 over FortressBufferedReader/Writer)	
File.fss	59	FileReadStream	close	close():()	FileReadStream$close	D1		a native I/O object: a representation for the object, then helpers (fileOps has 17 over FortressBufferedReader/Writer)	
File.fss	67	FileWriteStream	fileName	getter fileName(): String	FileWriteStream$fileName	D1		a native I/O object: a representation for the object, then helpers (fileOps has 17 over FortressBufferedReader/Writer)	
File.fss	70	FileWriteStream	asString	getter asString(): String	FileWriteStream$toString	D1		a native I/O object: a representation for the object, then helpers (fileOps has 17 over FortressBufferedReader/Writer)	
File.fss	73	FileWriteStream	write	write(s:FlatString):()	FileWriteStream$write	D1		a native I/O object: a representation for the object, then helpers (fileOps has 17 over FortressBufferedReader/Writer)	
File.fss	76	FileWriteStream	write	write(c:Char):()	FileWriteStream$write	D1		a native I/O object: a representation for the object, then helpers (fileOps has 17 over FortressBufferedReader/Writer)	
File.fss	91	FileWriteStream	close	close():()	FileWriteStream$close	D1		a native I/O object: a representation for the object, then helpers (fileOps has 17 over FortressBufferedReader/Writer)	
FlatString.fss	25	(top)	natLineSeparator	private natLineSeparator(): String	Writer$LineSeparator	C			
FlatString.fss	35	FlatString	size	getter size() : ZZ32	FlatString$Size	B	simpleConcatenate.nativeStrlen		
FlatString.fss	37	FlatString	asExprString	getter asExprString() : String	FlatString$ToString	C			
FlatString.fss	52	FlatString	|self|	opr |self| : ZZ32	FlatString$Size	A	simpleConcatenate.nativeStrlen		
FlatString.fss	68	FlatString	=	opr =(self, other: FlatString): Boolean	FlatString$Eq	A	stringOps.compareTo		
FlatString.fss	81	FlatString	get	get(i:ZZ32): Char	FlatString$Index	B	stringOps.charAt		
FlatString.fss	83	FlatString	cmp	cmp(other:FlatString): ZZ32	FlatString$Cmp	B	stringOps.compareTo		
FlatString.fss	85	FlatString	cicmp	cicmp(other:FlatString): ZZ32	FlatString$CICmp	C			
FlatString.fss	87	FlatString	javaSubstr	javaSubstr(lo:ZZ32,hi:ZZ32): String	FlatString$Substr	B	stringOps.substring		
FlatString.fss	90	FlatString	javaIndexOf	javaIndexOf(c:Char): ZZ32	FlatString$IndexOf	B	stringOps.indexOf		
FlatString.fss	92	FlatString	flatConcat	flatConcat(self, b:FlatString):String	FlatString$Concat	B	simpleConcatenate.nativeConcatenate		
FlatString.fss	94	FlatString	flatConcat	flatConcat(self, b:Char):String	FlatString$Concat	B	simpleConcatenate.nativeConcatenate		
FlatString.fss	96	FlatString	javaRegExpMatches	javaRegExpMatches(m:FlatString): Boolean	FlatString$javaRegExpMatches	C			
FlatString.fss	98	FlatString	javaRegExpSplit	javaRegExpSplit(m:FlatString, i:ZZ32): String	FlatString$javaRegExpSplit	C			
Writer.fss	23	(top)	OutWriter	private OutWriter(): Writer	Writer$outputWriter	D1		a native I/O object: a representation for the object, then helpers (fileOps has 17 over FortressBufferedReader/Writer)	
Writer.fss	25	(top)	ErrWriter	private ErrWriter(): Writer	Writer$errorWriter	D1		a native I/O object: a representation for the object, then helpers (fileOps has 17 over FortressBufferedReader/Writer)	
Writer.fss	30	Writer	fileName	getter fileName(): String	Writer$fileName	D1		a native I/O object: a representation for the object, then helpers (fileOps has 17 over FortressBufferedReader/Writer)	
Writer.fss	33	Writer	write	write(s:FlatString):()	Writer$write	D1		a native I/O object: a representation for the object, then helpers (fileOps has 17 over FortressBufferedReader/Writer)	
Writer.fss	36	Writer	write	write(c:Char):()	Writer$write	D1		a native I/O object: a representation for the object, then helpers (fileOps has 17 over FortressBufferedReader/Writer)	
Writer.fss	39	Writer	flush	flush():()	Writer$flush	D1		a native I/O object: a representation for the object, then helpers (fileOps has 17 over FortressBufferedReader/Writer)	
Writer.fss	42	Writer	close	close():()	Writer$close	D1		a native I/O object: a representation for the object, then helpers (fileOps has 17 over FortressBufferedReader/Writer)	
Writer.fss	55	BufferedWriter	write	write(s: FlatString):()	BufferedWriter$write	D1		a native I/O object: a representation for the object, then helpers (fileOps has 17 over FortressBufferedReader/Writer)	
Writer.fss	58	BufferedWriter	write	write(c: Char):()	BufferedWriter$write	D1		a native I/O object: a representation for the object, then helpers (fileOps has 17 over FortressBufferedReader/Writer)	
Writer.fss	61	BufferedWriter	flush	flush():()	BufferedWriter$flush	D1		a native I/O object: a representation for the object, then helpers (fileOps has 17 over FortressBufferedReader/Writer)	
Writer.fss	64	BufferedWriter	close	close():()	BufferedWriter$close	D1		a native I/O object: a representation for the object, then helpers (fileOps has 17 over FortressBufferedReader/Writer)	
Reader.fss	22	(top)	InReader	private InReader(): Reader	Reader$inputReader	D1		a native I/O object: a representation for the object, then helpers (fileOps has 17 over FortressBufferedReader/Writer)	
Reader.fss	27	Reader	fileName	getter fileName(): String	Reader$fileName	D1		a native I/O object: a representation for the object, then helpers (fileOps has 17 over FortressBufferedReader/Writer)	
Reader.fss	31	Reader	eof	getter eof():Boolean	Reader$eof	D1		a native I/O object: a representation for the object, then helpers (fileOps has 17 over FortressBufferedReader/Writer)	
Reader.fss	35	Reader	isReady	getter isReady():Boolean	Reader$ready	D1		a native I/O object: a representation for the object, then helpers (fileOps has 17 over FortressBufferedReader/Writer)	
Reader.fss	39	Reader	whenUnconsumed	whenUnconsumed():()	Reader$whenUnconsumed	D1		a native I/O object: a representation for the object, then helpers (fileOps has 17 over FortressBufferedReader/Writer)	
Reader.fss	42	Reader	consume	consume():()	Reader$consume	D1		a native I/O object: a representation for the object, then helpers (fileOps has 17 over FortressBufferedReader/Writer)	
Reader.fss	46	Reader	uncheckedReadLine	uncheckedReadLine():String	Reader$readLine	D1		a native I/O object: a representation for the object, then helpers (fileOps has 17 over FortressBufferedReader/Writer)	
Reader.fss	50	Reader	uncheckedReadChar	uncheckedReadChar():ZZ32	Reader$readChar	D1		a native I/O object: a representation for the object, then helpers (fileOps has 17 over FortressBufferedReader/Writer)	
Reader.fss	54	Reader	uncheckedRead	uncheckedRead(k:ZZ32):String	Reader$readk	D1		a native I/O object: a representation for the object, then helpers (fileOps has 17 over FortressBufferedReader/Writer)	
Reader.fss	58	Reader	close	close():()	Reader$close	D1		a native I/O object: a representation for the object, then helpers (fileOps has 17 over FortressBufferedReader/Writer)	
NativeArray.fss	20	PrimitiveArray	get	get(i:ZZ32):T	PrimitiveArray$get	D2		the array representation (phase 5)	
NativeArray.fss	23	PrimitiveArray	put	put(i:ZZ32, v:T):()	PrimitiveArray$put	D2		the array representation (phase 5)	T
NativeArray.fss	25	PrimitiveArray	init00	init00(i:ZZ32, v:T):Boolean	PrimitiveArray$init0	D2		the array representation (phase 5)	T
NativeArray.fss	34	PrimImmutableArray	get	get(i:ZZ32):T	PrimImmutableArray$get	D2		the array representation (phase 5)	
NativeArray.fss	36	PrimImmutableArray	init00	init00(i:ZZ32, v:T):Boolean	PrimImmutableArray$init0	D2		the array representation (phase 5)	T
NativeArray.fss	45	PrimImmutableRR64Array	get	get(i:ZZ32):RR64	PrimImmutableRR64Array$get	D2		the array representation (phase 5)	
NativeArray.fss	47	PrimImmutableRR64Array	init00	init00(i:ZZ32, v:RR64):Boolean	PrimImmutableRR64Array$init0	D2		the array representation (phase 5)	
System.fss	30	(top)	getProgramArgsPrim	getProgramArgsPrim(): ImmutableArray[\String,ZZ32\]	StringPrim$GetProgramArgs	D2		returns an ImmutableArray: the array representation (phase 5)	
System.fss	40	(top)	getEnvironment	getEnvironment(name:String, defaultValue:String):String	StringPrim$GetEnvironment	C			
System.fss	45	(top)	getProperty	getProperty(name:String, defaultValue:String):String	StringPrim$GetProperty	A	systemOps.getProperty		
