file	line	owner	kind	name	header	alias	javamethod
ProjectFortress/LibraryBuiltin/CompilerBuiltin.fss	352	(top)	fn	nanoTime	nanoTime(): RR64	jNanoTime	com.sun.fortress.nativeHelpers.simpleDoubleArith.doubleNanoTime
ProjectFortress/LibraryBuiltin/CompilerBuiltin.fss	355	Object	getter	asString	getter asString(): String	jDefaultAsString	com.sun.fortress.nativeHelpers.stringOps.defaultAsString
ProjectFortress/LibraryBuiltin/CompilerBuiltin.fss	422	JavaString	getter	isEmpty	getter isEmpty(): Boolean	jStrlen	com.sun.fortress.nativeHelpers.simpleConcatenate.nativeStrlen
ProjectFortress/LibraryBuiltin/CompilerBuiltin.fss	425	JavaString	opr	|self|	opr |self| : ZZ32	jStrlen	com.sun.fortress.nativeHelpers.simpleConcatenate.nativeStrlen
ProjectFortress/LibraryBuiltin/CompilerBuiltin.fss	426	JavaString	opr	<	opr <(self, b: JavaString): Boolean	jCompareTo	com.sun.fortress.nativeHelpers.stringOps.compareTo
ProjectFortress/LibraryBuiltin/CompilerBuiltin.fss	427	JavaString	opr	>	opr >(self, b: JavaString): Boolean	jCompareTo	com.sun.fortress.nativeHelpers.stringOps.compareTo
ProjectFortress/LibraryBuiltin/CompilerBuiltin.fss	428	JavaString	opr	=	opr =(self, b: JavaString): Boolean	jCompareTo	com.sun.fortress.nativeHelpers.stringOps.compareTo
ProjectFortress/LibraryBuiltin/CompilerBuiltin.fss	429	JavaString	opr	<=	opr <=(self, b: JavaString): Boolean	jCompareTo	com.sun.fortress.nativeHelpers.stringOps.compareTo
ProjectFortress/LibraryBuiltin/CompilerBuiltin.fss	430	JavaString	opr	>=	opr >=(self, b: JavaString): Boolean	jCompareTo	com.sun.fortress.nativeHelpers.stringOps.compareTo
ProjectFortress/LibraryBuiltin/CompilerBuiltin.fss	431	JavaString	opr	=/=	opr =/=(self, b: JavaString): Boolean	jCompareTo	com.sun.fortress.nativeHelpers.stringOps.compareTo
ProjectFortress/LibraryBuiltin/CompilerBuiltin.fss	432	JavaString	opr	||	opr ||(self, b:Object): JavaString	jConcatenate	com.sun.fortress.nativeHelpers.simpleConcatenate.nativeConcatenate
ProjectFortress/LibraryBuiltin/CompilerBuiltin.fss	433	JavaString	opr	||	opr |||(self, b:Object): JavaString	jSmartConcatenate	com.sun.fortress.nativeHelpers.simpleConcatenate.nativeSmartConcatenate
ProjectFortress/LibraryBuiltin/CompilerBuiltin.fss	434	JavaString	opr	?	opr [i:ZZ32] : Character	jMakeCharacter	com.sun.fortress.nativeHelpers.simpleChar.charMakeCharacterWithSpecialCompilerHackForCharacterResultType
ProjectFortress/LibraryBuiltin/CompilerBuiltin.fss	435	JavaString	fn	substring	substring(lo:ZZ32, hi:ZZ32): JavaString	jSubstring	com.sun.fortress.nativeHelpers.stringOps.substring
ProjectFortress/LibraryBuiltin/CompilerBuiltin.fss	443	JavaString	fn	indexOf	indexOf(c: Character): Option[\ZZ32\]	jIndexOf	com.sun.fortress.nativeHelpers.stringOps.indexOf
ProjectFortress/LibraryBuiltin/CompilerBuiltin.fss	444	JavaString	fn	lastIndexOf	lastIndexOf(c: Character): Option[\ZZ32\]	jLastIndexOf	com.sun.fortress.nativeHelpers.stringOps.lastIndexOf
ProjectFortress/LibraryBuiltin/CompilerBuiltin.fss	445	JavaString	fn	upto	upto(c: Character): JavaString	jIndexOf	com.sun.fortress.nativeHelpers.stringOps.indexOf
ProjectFortress/LibraryBuiltin/CompilerBuiltin.fss	446	JavaString	fn	beyond	beyond(c: Character): JavaString	jIndexOf	com.sun.fortress.nativeHelpers.stringOps.indexOf
ProjectFortress/LibraryBuiltin/CompilerBuiltin.fss	447	JavaString	fn	backto	backto(c: Character): JavaString	jLastIndexOf	com.sun.fortress.nativeHelpers.stringOps.lastIndexOf
ProjectFortress/LibraryBuiltin/CompilerBuiltin.fss	448	JavaString	fn	before	before(c: Character): JavaString	jLastIndexOf	com.sun.fortress.nativeHelpers.stringOps.lastIndexOf
ProjectFortress/LibraryBuiltin/CompilerBuiltin.fss	452	(top)	fn	print	print(x:Object):()	jPrint	com.sun.fortress.nativeHelpers.simplePrintln.nativePrint
ProjectFortress/LibraryBuiltin/CompilerBuiltin.fss	460	(top)	fn	println	println(x:Object):()	jPrintln	com.sun.fortress.nativeHelpers.simplePrintln.nativePrintln
ProjectFortress/LibraryBuiltin/CompilerBuiltin.fss	471	(top)	fn	println	println(a: Any, b: Any): ()	jPrintln	com.sun.fortress.nativeHelpers.simplePrintln.nativePrintln
ProjectFortress/LibraryBuiltin/CompilerBuiltin.fss	472	(top)	fn	println	println(a: Any, b: Any, c: Any): ()	jPrintln	com.sun.fortress.nativeHelpers.simplePrintln.nativePrintln
ProjectFortress/LibraryBuiltin/CompilerBuiltin.fss	473	(top)	fn	println	println(a: Any, b: Any, c: Any, d: Any): ()	jPrintln	com.sun.fortress.nativeHelpers.simplePrintln.nativePrintln
ProjectFortress/LibraryBuiltin/CompilerBuiltin.fss	478	(top)	fn	errorPrintln	errorPrintln(x:Object):()	jErrorPrintln	com.sun.fortress.nativeHelpers.simplePrintln.nativeErrorPrintln
ProjectFortress/LibraryBuiltin/CompilerBuiltin.fss	508	(top)	fn	strToInt	strToInt(s:String):ZZ32	jParseInt	com.sun.fortress.nativeHelpers.simpleIntArith.parseInt
ProjectFortress/LibraryBuiltin/CompilerBuiltin.fss	523	ZZ	getter	asString	getter asString(): String	jAPToString	com.sun.fortress.nativeHelpers.simpleArbitraryPrecisionArith.toString
ProjectFortress/LibraryBuiltin/CompilerBuiltin.fss	524	ZZ	opr	|self|	opr |self| : ZZ	jAPAbs	com.sun.fortress.nativeHelpers.simpleArbitraryPrecisionArith.abs
ProjectFortress/LibraryBuiltin/CompilerBuiltin.fss	525	ZZ	opr	-	opr -(self): ZZ	jAPNeg	com.sun.fortress.nativeHelpers.simpleArbitraryPrecisionArith.neg
ProjectFortress/LibraryBuiltin/CompilerBuiltin.fss	526	ZZ	opr	BOXMINUS	opr BOXMINUS(self): ZZ	jAPNeg	com.sun.fortress.nativeHelpers.simpleArbitraryPrecisionArith.neg
ProjectFortress/LibraryBuiltin/CompilerBuiltin.fss	527	ZZ	opr	DOTMINUS	opr DOTMINUS(self): ZZ	jAPNeg	com.sun.fortress.nativeHelpers.simpleArbitraryPrecisionArith.neg
ProjectFortress/LibraryBuiltin/CompilerBuiltin.fss	528	ZZ	opr	+	opr +(self, other:ZZ): ZZ	jAPAdd	com.sun.fortress.nativeHelpers.simpleArbitraryPrecisionArith.add
ProjectFortress/LibraryBuiltin/CompilerBuiltin.fss	529	ZZ	opr	BOXPLUS	opr BOXPLUS(self, other:ZZ): ZZ	jAPAdd	com.sun.fortress.nativeHelpers.simpleArbitraryPrecisionArith.add
ProjectFortress/LibraryBuiltin/CompilerBuiltin.fss	530	ZZ	opr	DOTPLUS	opr DOTPLUS(self, other:ZZ): ZZ	jAPAdd	com.sun.fortress.nativeHelpers.simpleArbitraryPrecisionArith.add
ProjectFortress/LibraryBuiltin/CompilerBuiltin.fss	531	ZZ	opr	-	opr -(self, other:ZZ): ZZ	jAPSub	com.sun.fortress.nativeHelpers.simpleArbitraryPrecisionArith.sub
ProjectFortress/LibraryBuiltin/CompilerBuiltin.fss	532	ZZ	opr	BOXMINUS	opr BOXMINUS(self, other:ZZ): ZZ	jAPSub	com.sun.fortress.nativeHelpers.simpleArbitraryPrecisionArith.sub
ProjectFortress/LibraryBuiltin/CompilerBuiltin.fss	533	ZZ	opr	DOTMINUS	opr DOTMINUS(self, other:ZZ): ZZ	jAPSub	com.sun.fortress.nativeHelpers.simpleArbitraryPrecisionArith.sub
ProjectFortress/LibraryBuiltin/CompilerBuiltin.fss	534	ZZ	opr	DOT	opr DOT(self, other:ZZ): ZZ	jAPMul	com.sun.fortress.nativeHelpers.simpleArbitraryPrecisionArith.mul
ProjectFortress/LibraryBuiltin/CompilerBuiltin.fss	535	ZZ	opr	BOXDOT	opr BOXDOT(self, other:ZZ): ZZ	jAPMul	com.sun.fortress.nativeHelpers.simpleArbitraryPrecisionArith.mul
ProjectFortress/LibraryBuiltin/CompilerBuiltin.fss	536	ZZ	opr	CROSS	opr CROSS(self, other:ZZ): ZZ	jAPMul	com.sun.fortress.nativeHelpers.simpleArbitraryPrecisionArith.mul
ProjectFortress/LibraryBuiltin/CompilerBuiltin.fss	537	ZZ	opr	BOXCROSS	opr BOXCROSS(self, other:ZZ): ZZ	jAPMul	com.sun.fortress.nativeHelpers.simpleArbitraryPrecisionArith.mul
ProjectFortress/LibraryBuiltin/CompilerBuiltin.fss	538	ZZ	opr	DOTCROSS	opr DOTCROSS(self, other:ZZ): ZZ	jAPMul	com.sun.fortress.nativeHelpers.simpleArbitraryPrecisionArith.mul
ProjectFortress/LibraryBuiltin/CompilerBuiltin.fss	539	ZZ	opr	DIV	opr DIV(self, other:ZZ): ZZ	jAPDiv	com.sun.fortress.nativeHelpers.simpleArbitraryPrecisionArith.div
ProjectFortress/LibraryBuiltin/CompilerBuiltin.fss	540	ZZ	opr	<	opr <(self, other:ZZ): Boolean	jAPLt	com.sun.fortress.nativeHelpers.simpleArbitraryPrecisionArith.lt
ProjectFortress/LibraryBuiltin/CompilerBuiltin.fss	541	ZZ	opr	<=	opr <=(self, other:ZZ): Boolean	jAPLe	com.sun.fortress.nativeHelpers.simpleArbitraryPrecisionArith.le
ProjectFortress/LibraryBuiltin/CompilerBuiltin.fss	542	ZZ	opr	>	opr >(self, other:ZZ): Boolean	jAPGt	com.sun.fortress.nativeHelpers.simpleArbitraryPrecisionArith.gt
ProjectFortress/LibraryBuiltin/CompilerBuiltin.fss	543	ZZ	opr	>=	opr >=(self, other:ZZ): Boolean	jAPGe	com.sun.fortress.nativeHelpers.simpleArbitraryPrecisionArith.ge
ProjectFortress/LibraryBuiltin/CompilerBuiltin.fss	544	ZZ	opr	=	opr =(self, other:ZZ): Boolean	jAPEq	com.sun.fortress.nativeHelpers.simpleArbitraryPrecisionArith.eq
ProjectFortress/LibraryBuiltin/CompilerBuiltin.fss	546	ZZ	opr	juxtaposition	opr juxtaposition(self,other:ZZ)	jAPMul	com.sun.fortress.nativeHelpers.simpleArbitraryPrecisionArith.mul
ProjectFortress/LibraryBuiltin/CompilerBuiltin.fss	547	ZZ	opr	BITNOT	opr BITNOT(self): ZZ	jAPNot	com.sun.fortress.nativeHelpers.simpleArbitraryPrecisionArith.not
ProjectFortress/LibraryBuiltin/CompilerBuiltin.fss	548	ZZ	opr	BITAND	opr BITAND(self, other:ZZ): ZZ	jAPAnd	com.sun.fortress.nativeHelpers.simpleArbitraryPrecisionArith.and
ProjectFortress/LibraryBuiltin/CompilerBuiltin.fss	549	ZZ	opr	BITOR	opr BITOR(self, other:ZZ): ZZ	jAPOr	com.sun.fortress.nativeHelpers.simpleArbitraryPrecisionArith.oor
ProjectFortress/LibraryBuiltin/CompilerBuiltin.fss	550	ZZ	opr	BITXOR	opr BITXOR(self, other:ZZ): ZZ	jAPXor	com.sun.fortress.nativeHelpers.simpleArbitraryPrecisionArith.xor
ProjectFortress/LibraryBuiltin/CompilerBuiltin.fss	551	ZZ	opr	<<<	opr <<<(self, other:ZZ32): ZZ	jAPShiftLeft	com.sun.fortress.nativeHelpers.simpleArbitraryPrecisionArith.shiftLeft
ProjectFortress/LibraryBuiltin/CompilerBuiltin.fss	580	ZZ64	coerce	?	coerce(x: ZZ32)	jIntToLong	com.sun.fortress.nativeHelpers.simpleLongArith.intToLong
ProjectFortress/LibraryBuiltin/CompilerBuiltin.fss	581	ZZ64	getter	asZZ32	getter asZZ32(): ZZ32	jLongOverflowingToInt	com.sun.fortress.nativeHelpers.simpleIntArith.longOverflowingToInt
ProjectFortress/LibraryBuiltin/CompilerBuiltin.fss	582	ZZ64	getter	asZZ	getter asZZ(): ZZ	jMakeZZfromZZ64	com.sun.fortress.nativeHelpers.simpleArbitraryPrecisionArith.makeZZfromZZ64
ProjectFortress/LibraryBuiltin/CompilerBuiltin.fss	583	ZZ64	getter	bitsAsNN64	getter bitsAsNN64(): NN64	jMakeNN64FromZZ64	com.sun.fortress.nativeHelpers.simpleUnsignedLongArith.makeNN64FromZZ64WithSpecialCompilerHackForNN64ResultType
ProjectFortress/LibraryBuiltin/CompilerBuiltin.fss	584	ZZ64	getter	asString	getter asString(): String	jLongToString	com.sun.fortress.nativeHelpers.simpleLongArith.longToString
ProjectFortress/LibraryBuiltin/CompilerBuiltin.fss	585	ZZ64	opr	|self|	opr |self| : ZZ64	jLongOverflowingAbs	com.sun.fortress.nativeHelpers.simpleLongArith.longOverflowingAbs
ProjectFortress/LibraryBuiltin/CompilerBuiltin.fss	586	ZZ64	opr	-	opr -(self): ZZ64	jLongOverflowingNeg	com.sun.fortress.nativeHelpers.simpleLongArith.longOverflowingNeg
ProjectFortress/LibraryBuiltin/CompilerBuiltin.fss	587	ZZ64	opr	BOXMINUS	opr BOXMINUS(self): ZZ64	jLongWrappingNeg	com.sun.fortress.nativeHelpers.simpleLongArith.longWrappingNeg
ProjectFortress/LibraryBuiltin/CompilerBuiltin.fss	588	ZZ64	opr	DOTMINUS	opr DOTMINUS(self): ZZ64	jLongSaturatingNeg	com.sun.fortress.nativeHelpers.simpleLongArith.longSaturatingNeg
ProjectFortress/LibraryBuiltin/CompilerBuiltin.fss	589	ZZ64	opr	+	opr +(self, other:ZZ64): ZZ64	jLongOverflowingAdd	com.sun.fortress.nativeHelpers.simpleLongArith.longOverflowingAdd
ProjectFortress/LibraryBuiltin/CompilerBuiltin.fss	590	ZZ64	opr	BOXPLUS	opr BOXPLUS(self, other:ZZ64): ZZ64	jLongWrappingAdd	com.sun.fortress.nativeHelpers.simpleLongArith.longWrappingAdd
ProjectFortress/LibraryBuiltin/CompilerBuiltin.fss	591	ZZ64	opr	DOTPLUS	opr DOTPLUS(self, other:ZZ64): ZZ64	jLongSaturatingAdd	com.sun.fortress.nativeHelpers.simpleLongArith.longSaturatingAdd
ProjectFortress/LibraryBuiltin/CompilerBuiltin.fss	592	ZZ64	opr	-	opr -(self, other:ZZ64): ZZ64	jLongOverflowingSub	com.sun.fortress.nativeHelpers.simpleLongArith.longOverflowingSub
ProjectFortress/LibraryBuiltin/CompilerBuiltin.fss	593	ZZ64	opr	BOXMINUS	opr BOXMINUS(self, other:ZZ64): ZZ64	jLongWrappingSub	com.sun.fortress.nativeHelpers.simpleLongArith.longWrappingSub
ProjectFortress/LibraryBuiltin/CompilerBuiltin.fss	594	ZZ64	opr	DOTMINUS	opr DOTMINUS(self, other:ZZ64): ZZ64	jLongSaturatingSub	com.sun.fortress.nativeHelpers.simpleLongArith.longSaturatingSub
ProjectFortress/LibraryBuiltin/CompilerBuiltin.fss	595	ZZ64	opr	DOT	opr DOT(self, other:ZZ64): ZZ64	jLongOverflowingMul	com.sun.fortress.nativeHelpers.simpleLongArith.longOverflowingMul
ProjectFortress/LibraryBuiltin/CompilerBuiltin.fss	596	ZZ64	opr	BOXDOT	opr BOXDOT(self, other:ZZ64): ZZ64	jLongWrappingMul	com.sun.fortress.nativeHelpers.simpleLongArith.longWrappingMul
ProjectFortress/LibraryBuiltin/CompilerBuiltin.fss	597	ZZ64	opr	CROSS	opr CROSS(self, other:ZZ64): ZZ64	jLongOverflowingMul	com.sun.fortress.nativeHelpers.simpleLongArith.longOverflowingMul
ProjectFortress/LibraryBuiltin/CompilerBuiltin.fss	598	ZZ64	opr	BOXCROSS	opr BOXCROSS(self, other:ZZ64): ZZ64	jLongWrappingMul	com.sun.fortress.nativeHelpers.simpleLongArith.longWrappingMul
ProjectFortress/LibraryBuiltin/CompilerBuiltin.fss	599	ZZ64	opr	DOTCROSS	opr DOTCROSS(self, other:ZZ64): ZZ64	jLongSaturatingMul	com.sun.fortress.nativeHelpers.simpleLongArith.longSaturatingMul
ProjectFortress/LibraryBuiltin/CompilerBuiltin.fss	600	ZZ64	opr	DIV	opr DIV(self, other:ZZ64): ZZ64	jLongOverflowingDiv	com.sun.fortress.nativeHelpers.simpleLongArith.longOverflowingDiv
ProjectFortress/LibraryBuiltin/CompilerBuiltin.fss	624	ZZ64	opr	<	opr <(self, other:ZZ64): Boolean	jLongLT	com.sun.fortress.nativeHelpers.simpleLongArith.longLT
ProjectFortress/LibraryBuiltin/CompilerBuiltin.fss	625	ZZ64	opr	<=	opr <=(self, other:ZZ64): Boolean	jLongLE	com.sun.fortress.nativeHelpers.simpleLongArith.longLE
ProjectFortress/LibraryBuiltin/CompilerBuiltin.fss	626	ZZ64	opr	>	opr >(self, other:ZZ64): Boolean	jLongGT	com.sun.fortress.nativeHelpers.simpleLongArith.longGT
ProjectFortress/LibraryBuiltin/CompilerBuiltin.fss	627	ZZ64	opr	>=	opr >=(self, other:ZZ64): Boolean	jLongGE	com.sun.fortress.nativeHelpers.simpleLongArith.longGE
ProjectFortress/LibraryBuiltin/CompilerBuiltin.fss	628	ZZ64	opr	=	opr =(self, other:ZZ64): Boolean	jLongEQ	com.sun.fortress.nativeHelpers.simpleLongArith.longEQ
ProjectFortress/LibraryBuiltin/CompilerBuiltin.fss	630	ZZ64	opr	juxtaposition	opr juxtaposition(self, other:ZZ64): ZZ64	jLongOverflowingMul	com.sun.fortress.nativeHelpers.simpleLongArith.longOverflowingMul
ProjectFortress/LibraryBuiltin/CompilerBuiltin.fss	631	ZZ64	opr	BITNOT	opr BITNOT(self): ZZ64	jLongBitNot	com.sun.fortress.nativeHelpers.simpleLongArith.longBitNot
ProjectFortress/LibraryBuiltin/CompilerBuiltin.fss	632	ZZ64	opr	BITAND	opr BITAND(self, other:ZZ64): ZZ64	jLongBitAnd	com.sun.fortress.nativeHelpers.simpleLongArith.longBitAnd
ProjectFortress/LibraryBuiltin/CompilerBuiltin.fss	633	ZZ64	opr	BITOR	opr BITOR(self, other:ZZ64): ZZ64	jLongBitOr	com.sun.fortress.nativeHelpers.simpleLongArith.longBitOr
ProjectFortress/LibraryBuiltin/CompilerBuiltin.fss	634	ZZ64	opr	BITXOR	opr BITXOR(self, other:ZZ64): ZZ64	jLongBitXor	com.sun.fortress.nativeHelpers.simpleLongArith.longBitXor
ProjectFortress/LibraryBuiltin/CompilerBuiltin.fss	635	ZZ64	opr	<<	opr <<(self, other:ZZ32): ZZ64	jLongLeftShiftByIntMod64	com.sun.fortress.nativeHelpers.simpleLongArith.longLeftShiftByIntMod64
ProjectFortress/LibraryBuiltin/CompilerBuiltin.fss	636	ZZ64	opr	<<	opr <<(self, other:ZZ64): ZZ64	jLongLeftShiftByLongMod64	com.sun.fortress.nativeHelpers.simpleLongArith.longLeftShiftByLongMod64
ProjectFortress/LibraryBuiltin/CompilerBuiltin.fss	637	ZZ64	opr	<<	opr <<(self, other:NN32): ZZ64	jLongLeftShiftByIntMod64	com.sun.fortress.nativeHelpers.simpleLongArith.longLeftShiftByIntMod64
ProjectFortress/LibraryBuiltin/CompilerBuiltin.fss	638	ZZ64	opr	<<	opr <<(self, other:NN64): ZZ64	jLongLeftShiftByLongMod64	com.sun.fortress.nativeHelpers.simpleLongArith.longLeftShiftByLongMod64
ProjectFortress/LibraryBuiltin/CompilerBuiltin.fss	639	ZZ64	opr	>>	opr >>(self, other:ZZ32): ZZ64	jLongRightShiftByIntMod64	com.sun.fortress.nativeHelpers.simpleLongArith.longRightShiftByIntMod64
ProjectFortress/LibraryBuiltin/CompilerBuiltin.fss	640	ZZ64	opr	>>	opr >>(self, other:ZZ64): ZZ64	jLongRightShiftByLongMod64	com.sun.fortress.nativeHelpers.simpleLongArith.longRightShiftByLongMod64
ProjectFortress/LibraryBuiltin/CompilerBuiltin.fss	641	ZZ64	opr	>>	opr >>(self, other:NN32): ZZ64	jLongRightShiftByIntMod64	com.sun.fortress.nativeHelpers.simpleLongArith.longRightShiftByIntMod64
ProjectFortress/LibraryBuiltin/CompilerBuiltin.fss	642	ZZ64	opr	>>	opr >>(self, other:NN64): ZZ64	jLongRightShiftByLongMod64	com.sun.fortress.nativeHelpers.simpleLongArith.longRightShiftByLongMod64
ProjectFortress/LibraryBuiltin/CompilerBuiltin.fss	643	ZZ64	opr	<<<	opr <<<(self, other:ZZ32): ZZ64	jLongShift	com.sun.fortress.nativeHelpers.simpleLongArith.longShift
ProjectFortress/LibraryBuiltin/CompilerBuiltin.fss	644	ZZ64	opr	<<<	opr <<<(self, other:ZZ64): ZZ64	jLongShift	com.sun.fortress.nativeHelpers.simpleLongArith.longShift
ProjectFortress/LibraryBuiltin/CompilerBuiltin.fss	645	ZZ64	opr	<<<	opr <<<(self, other:NN32): ZZ64	jLongShift	com.sun.fortress.nativeHelpers.simpleLongArith.longShift
ProjectFortress/LibraryBuiltin/CompilerBuiltin.fss	646	ZZ64	opr	<<<	opr <<<(self, other:NN64): ZZ64	jLongShift	com.sun.fortress.nativeHelpers.simpleLongArith.longShift
ProjectFortress/LibraryBuiltin/CompilerBuiltin.fss	647	ZZ64	opr	LSHIFT	opr LSHIFT(self, other:ZZ64): ZZ64	jLongBitLeftShift	com.sun.fortress.nativeHelpers.simpleLongArith.longBitLeftShift
ProjectFortress/LibraryBuiltin/CompilerBuiltin.fss	648	ZZ64	opr	RSHIFT	opr RSHIFT(self, other:ZZ64): ZZ64	jLongBitRightShift	com.sun.fortress.nativeHelpers.simpleLongArith.longBitRightShift
ProjectFortress/LibraryBuiltin/CompilerBuiltin.fss	652	ZZ64	opr	CHOOSE	opr CHOOSE(self, other:ZZ64): ZZ64	jLongOverflowingChoose	com.sun.fortress.nativeHelpers.simpleLongArith.longOverflowingChoose
ProjectFortress/LibraryBuiltin/CompilerBuiltin.fss	659	ZZ64	fn	narrow	narrow(self): ZZ32	jLongWrappingToInt	com.sun.fortress.nativeHelpers.simpleIntArith.longWrappingToInt
ProjectFortress/LibraryBuiltin/CompilerBuiltin.fss	660	ZZ64	fn	unsigned	unsigned(self): NN64	jMakeNN64FromZZ64	com.sun.fortress.nativeHelpers.simpleUnsignedLongArith.makeNN64FromZZ64WithSpecialCompilerHackForNN64ResultType
ProjectFortress/LibraryBuiltin/CompilerBuiltin.fss	667	ZZ32	getter	asZZ	getter asZZ(): ZZ	jMakeZZfromZZ32	com.sun.fortress.nativeHelpers.simpleArbitraryPrecisionArith.makeZZfromZZ32
ProjectFortress/LibraryBuiltin/CompilerBuiltin.fss	668	ZZ32	getter	bitsAsNN32	getter bitsAsNN32(): NN32	jMakeNN32FromZZ32	com.sun.fortress.nativeHelpers.simpleUnsignedIntArith.makeNN32FromZZ32WithSpecialCompilerHackForNN32ResultType
ProjectFortress/LibraryBuiltin/CompilerBuiltin.fss	669	ZZ32	getter	asString	getter asString(): String	jIntToString	com.sun.fortress.nativeHelpers.simpleIntArith.intToString
ProjectFortress/LibraryBuiltin/CompilerBuiltin.fss	670	ZZ32	opr	|self|	opr |self| : ZZ32	jIntOverflowingAbs	com.sun.fortress.nativeHelpers.simpleIntArith.intOverflowingAbs
ProjectFortress/LibraryBuiltin/CompilerBuiltin.fss	671	ZZ32	opr	-	opr -(self): ZZ32	jIntOverflowingNeg	com.sun.fortress.nativeHelpers.simpleIntArith.intOverflowingNeg
ProjectFortress/LibraryBuiltin/CompilerBuiltin.fss	672	ZZ32	opr	BOXMINUS	opr BOXMINUS(self): ZZ32	jIntWrappingNeg	com.sun.fortress.nativeHelpers.simpleIntArith.intWrappingNeg
ProjectFortress/LibraryBuiltin/CompilerBuiltin.fss	673	ZZ32	opr	DOTMINUS	opr DOTMINUS(self): ZZ32	jIntSaturatingNeg	com.sun.fortress.nativeHelpers.simpleIntArith.intSaturatingNeg
ProjectFortress/LibraryBuiltin/CompilerBuiltin.fss	674	ZZ32	opr	+	opr +(self, other:ZZ32): ZZ32	jIntOverflowingAdd	com.sun.fortress.nativeHelpers.simpleIntArith.intOverflowingAdd
ProjectFortress/LibraryBuiltin/CompilerBuiltin.fss	675	ZZ32	opr	BOXPLUS	opr BOXPLUS(self, other:ZZ32): ZZ32	jIntWrappingAdd	com.sun.fortress.nativeHelpers.simpleIntArith.intWrappingAdd
ProjectFortress/LibraryBuiltin/CompilerBuiltin.fss	676	ZZ32	opr	DOTPLUS	opr DOTPLUS(self, other:ZZ32): ZZ32	jIntSaturatingAdd	com.sun.fortress.nativeHelpers.simpleIntArith.intSaturatingAdd
ProjectFortress/LibraryBuiltin/CompilerBuiltin.fss	677	ZZ32	opr	-	opr -(self, other:ZZ32): ZZ32	jIntOverflowingSub	com.sun.fortress.nativeHelpers.simpleIntArith.intOverflowingSub
ProjectFortress/LibraryBuiltin/CompilerBuiltin.fss	678	ZZ32	opr	BOXMINUS	opr BOXMINUS(self, other:ZZ32): ZZ32	jIntWrappingSub	com.sun.fortress.nativeHelpers.simpleIntArith.intWrappingSub
ProjectFortress/LibraryBuiltin/CompilerBuiltin.fss	679	ZZ32	opr	DOTMINUS	opr DOTMINUS(self, other:ZZ32): ZZ32	jIntSaturatingSub	com.sun.fortress.nativeHelpers.simpleIntArith.intSaturatingSub
ProjectFortress/LibraryBuiltin/CompilerBuiltin.fss	680	ZZ32	opr	DOT	opr DOT(self, other:ZZ32): ZZ32	jIntOverflowingMul	com.sun.fortress.nativeHelpers.simpleIntArith.intOverflowingMul
ProjectFortress/LibraryBuiltin/CompilerBuiltin.fss	681	ZZ32	opr	BOXDOT	opr BOXDOT(self, other:ZZ32): ZZ32	jIntWrappingMul	com.sun.fortress.nativeHelpers.simpleIntArith.intWrappingMul
ProjectFortress/LibraryBuiltin/CompilerBuiltin.fss	682	ZZ32	opr	CROSS	opr CROSS(self, other:ZZ32): ZZ32	jIntOverflowingMul	com.sun.fortress.nativeHelpers.simpleIntArith.intOverflowingMul
ProjectFortress/LibraryBuiltin/CompilerBuiltin.fss	683	ZZ32	opr	BOXCROSS	opr BOXCROSS(self, other:ZZ32): ZZ32	jIntWrappingMul	com.sun.fortress.nativeHelpers.simpleIntArith.intWrappingMul
ProjectFortress/LibraryBuiltin/CompilerBuiltin.fss	684	ZZ32	opr	DOTCROSS	opr DOTCROSS(self, other:ZZ32): ZZ32	jIntSaturatingMul	com.sun.fortress.nativeHelpers.simpleIntArith.intSaturatingMul
ProjectFortress/LibraryBuiltin/CompilerBuiltin.fss	685	ZZ32	opr	DIV	opr DIV(self, other:ZZ32): ZZ32	jIntOverflowingDiv	com.sun.fortress.nativeHelpers.simpleIntArith.intOverflowingDiv
ProjectFortress/LibraryBuiltin/CompilerBuiltin.fss	709	ZZ32	opr	<	opr <(self, other:ZZ32): Boolean	jIntLT	com.sun.fortress.nativeHelpers.simpleIntArith.intLT
ProjectFortress/LibraryBuiltin/CompilerBuiltin.fss	710	ZZ32	opr	<=	opr <=(self, other:ZZ32): Boolean	jIntLE	com.sun.fortress.nativeHelpers.simpleIntArith.intLE
ProjectFortress/LibraryBuiltin/CompilerBuiltin.fss	711	ZZ32	opr	>	opr >(self, other:ZZ32): Boolean	jIntGT	com.sun.fortress.nativeHelpers.simpleIntArith.intGT
ProjectFortress/LibraryBuiltin/CompilerBuiltin.fss	712	ZZ32	opr	>=	opr >=(self, other:ZZ32): Boolean	jIntGE	com.sun.fortress.nativeHelpers.simpleIntArith.intGE
ProjectFortress/LibraryBuiltin/CompilerBuiltin.fss	713	ZZ32	opr	=	opr =(self, other:ZZ32): Boolean	jIntEQ	com.sun.fortress.nativeHelpers.simpleIntArith.intEQ
ProjectFortress/LibraryBuiltin/CompilerBuiltin.fss	719	ZZ32	opr	juxtaposition	opr juxtaposition(self, other:ZZ32): ZZ32	jIntOverflowingMul	com.sun.fortress.nativeHelpers.simpleIntArith.intOverflowingMul
ProjectFortress/LibraryBuiltin/CompilerBuiltin.fss	720	ZZ32	opr	BITNOT	opr BITNOT(self): ZZ32	jIntBitNot	com.sun.fortress.nativeHelpers.simpleIntArith.intBitNot
ProjectFortress/LibraryBuiltin/CompilerBuiltin.fss	721	ZZ32	opr	BITAND	opr BITAND(self, other:ZZ32): ZZ32	jIntBitAnd	com.sun.fortress.nativeHelpers.simpleIntArith.intBitAnd
ProjectFortress/LibraryBuiltin/CompilerBuiltin.fss	722	ZZ32	opr	BITOR	opr BITOR(self, other:ZZ32): ZZ32	jIntBitOr	com.sun.fortress.nativeHelpers.simpleIntArith.intBitOr
ProjectFortress/LibraryBuiltin/CompilerBuiltin.fss	723	ZZ32	opr	BITXOR	opr BITXOR(self, other:ZZ32): ZZ32	jIntBitXor	com.sun.fortress.nativeHelpers.simpleIntArith.intBitXor
ProjectFortress/LibraryBuiltin/CompilerBuiltin.fss	724	ZZ32	opr	<<	opr <<(self, other:ZZ32): ZZ32	jIntLeftShiftByIntMod32	com.sun.fortress.nativeHelpers.simpleIntArith.intLeftShiftByIntMod32
ProjectFortress/LibraryBuiltin/CompilerBuiltin.fss	725	ZZ32	opr	<<	opr <<(self, other:ZZ64): ZZ32	jIntLeftShiftByLongMod32	com.sun.fortress.nativeHelpers.simpleIntArith.intLeftShiftByLongMod32
ProjectFortress/LibraryBuiltin/CompilerBuiltin.fss	726	ZZ32	opr	<<	opr <<(self, other:NN32): ZZ32	jIntLeftShiftByIntMod32	com.sun.fortress.nativeHelpers.simpleIntArith.intLeftShiftByIntMod32
ProjectFortress/LibraryBuiltin/CompilerBuiltin.fss	727	ZZ32	opr	<<	opr <<(self, other:NN64): ZZ32	jIntLeftShiftByLongMod32	com.sun.fortress.nativeHelpers.simpleIntArith.intLeftShiftByLongMod32
ProjectFortress/LibraryBuiltin/CompilerBuiltin.fss	728	ZZ32	opr	>>	opr >>(self, other:ZZ32): ZZ32	jIntRightShiftByIntMod32	com.sun.fortress.nativeHelpers.simpleIntArith.intRightShiftByIntMod32
ProjectFortress/LibraryBuiltin/CompilerBuiltin.fss	729	ZZ32	opr	>>	opr >>(self, other:ZZ64): ZZ32	jIntRightShiftByLongMod32	com.sun.fortress.nativeHelpers.simpleIntArith.intRightShiftByLongMod32
ProjectFortress/LibraryBuiltin/CompilerBuiltin.fss	730	ZZ32	opr	>>	opr >>(self, other:NN32): ZZ32	jIntRightShiftByIntMod32	com.sun.fortress.nativeHelpers.simpleIntArith.intRightShiftByIntMod32
ProjectFortress/LibraryBuiltin/CompilerBuiltin.fss	731	ZZ32	opr	>>	opr >>(self, other:NN64): ZZ32	jIntRightShiftByLongMod32	com.sun.fortress.nativeHelpers.simpleIntArith.intRightShiftByLongMod32
ProjectFortress/LibraryBuiltin/CompilerBuiltin.fss	732	ZZ32	opr	<<<	opr <<<(self, other:ZZ32): ZZ32	jIntShift	com.sun.fortress.nativeHelpers.simpleIntArith.intShift
ProjectFortress/LibraryBuiltin/CompilerBuiltin.fss	733	ZZ32	opr	<<<	opr <<<(self, other:ZZ64): ZZ32	jIntShift	com.sun.fortress.nativeHelpers.simpleIntArith.intShift
ProjectFortress/LibraryBuiltin/CompilerBuiltin.fss	734	ZZ32	opr	<<<	opr <<<(self, other:NN32): ZZ32	jIntShift	com.sun.fortress.nativeHelpers.simpleIntArith.intShift
ProjectFortress/LibraryBuiltin/CompilerBuiltin.fss	735	ZZ32	opr	<<<	opr <<<(self, other:NN64): ZZ32	jIntShift	com.sun.fortress.nativeHelpers.simpleIntArith.intShift
ProjectFortress/LibraryBuiltin/CompilerBuiltin.fss	736	ZZ32	opr	LSHIFT	opr LSHIFT(self, other:ZZ32): ZZ32	jIntBitLeftShift	com.sun.fortress.nativeHelpers.simpleIntArith.intBitLeftShift
ProjectFortress/LibraryBuiltin/CompilerBuiltin.fss	737	ZZ32	opr	RSHIFT	opr RSHIFT(self, other:ZZ32): ZZ32	jIntBitRightShift	com.sun.fortress.nativeHelpers.simpleIntArith.intBitRightShift
ProjectFortress/LibraryBuiltin/CompilerBuiltin.fss	741	ZZ32	opr	CHOOSE	opr CHOOSE(self, other:ZZ32): ZZ32	jIntOverflowingChoose	com.sun.fortress.nativeHelpers.simpleIntArith.intOverflowingChoose
ProjectFortress/LibraryBuiltin/CompilerBuiltin.fss	744	ZZ32	opr	^	opr ^(self, other:ZZ32):ZZ32	jIntExp	com.sun.fortress.nativeHelpers.simpleIntArith.intExp
ProjectFortress/LibraryBuiltin/CompilerBuiltin.fss	745	ZZ32	fn	asRR64	asRR64(): RR64	jIntToDouble	com.sun.fortress.nativeHelpers.simpleIntArith.intToDouble
ProjectFortress/LibraryBuiltin/CompilerBuiltin.fss	750	ZZ32	fn	widen	widen(self): ZZ64	jIntToLong	com.sun.fortress.nativeHelpers.simpleLongArith.intToLong
ProjectFortress/LibraryBuiltin/CompilerBuiltin.fss	751	ZZ32	fn	unsigned	unsigned(self): NN32	jMakeNN32FromZZ32	com.sun.fortress.nativeHelpers.simpleUnsignedIntArith.makeNN32FromZZ32WithSpecialCompilerHackForNN32ResultType
ProjectFortress/LibraryBuiltin/CompilerBuiltin.fss	757	NN32	getter	asZZ	getter asZZ(): ZZ	jMakeZZfromNN32	com.sun.fortress.nativeHelpers.simpleArbitraryPrecisionArith.makeZZfromNN32
ProjectFortress/LibraryBuiltin/CompilerBuiltin.fss	758	NN32	getter	bitsAsZZ32	getter bitsAsZZ32(): ZZ32	jMakeZZ32FromNN32	com.sun.fortress.nativeHelpers.simpleUnsignedIntArith.makeZZ32FromNN32WithSpecialCompilerHackForNN32ArgumentType
ProjectFortress/LibraryBuiltin/CompilerBuiltin.fss	759	NN32	getter	asString	getter asString(): String	jUnsignedIntToString	com.sun.fortress.nativeHelpers.simpleUnsignedIntArith.unsignedIntToString
ProjectFortress/LibraryBuiltin/CompilerBuiltin.fss	766	NN32	opr	BOXMINUS	opr BOXMINUS(self): NN32	jMakeNN32FromZZ32	com.sun.fortress.nativeHelpers.simpleUnsignedIntArith.makeNN32FromZZ32WithSpecialCompilerHackForNN32ResultType
ProjectFortress/LibraryBuiltin/CompilerBuiltin.fss	767	NN32	opr	DOTMINUS	opr DOTMINUS(self): NN32	jMakeNN32FromZZ32	com.sun.fortress.nativeHelpers.simpleUnsignedIntArith.makeNN32FromZZ32WithSpecialCompilerHackForNN32ResultType
ProjectFortress/LibraryBuiltin/CompilerBuiltin.fss	768	NN32	opr	+	opr +(self, other:NN32): NN32	jMakeNN32FromZZ32	com.sun.fortress.nativeHelpers.simpleUnsignedIntArith.makeNN32FromZZ32WithSpecialCompilerHackForNN32ResultType
ProjectFortress/LibraryBuiltin/CompilerBuiltin.fss	769	NN32	opr	BOXPLUS	opr BOXPLUS(self, other:NN32): NN32	jMakeNN32FromZZ32	com.sun.fortress.nativeHelpers.simpleUnsignedIntArith.makeNN32FromZZ32WithSpecialCompilerHackForNN32ResultType
ProjectFortress/LibraryBuiltin/CompilerBuiltin.fss	770	NN32	opr	DOTPLUS	opr DOTPLUS(self, other:NN32): NN32	jMakeNN32FromZZ32	com.sun.fortress.nativeHelpers.simpleUnsignedIntArith.makeNN32FromZZ32WithSpecialCompilerHackForNN32ResultType
ProjectFortress/LibraryBuiltin/CompilerBuiltin.fss	771	NN32	opr	-	opr -(self, other:NN32): NN32	jMakeNN32FromZZ32	com.sun.fortress.nativeHelpers.simpleUnsignedIntArith.makeNN32FromZZ32WithSpecialCompilerHackForNN32ResultType
ProjectFortress/LibraryBuiltin/CompilerBuiltin.fss	772	NN32	opr	BOXMINUS	opr BOXMINUS(self, other:NN32): NN32	jMakeNN32FromZZ32	com.sun.fortress.nativeHelpers.simpleUnsignedIntArith.makeNN32FromZZ32WithSpecialCompilerHackForNN32ResultType
ProjectFortress/LibraryBuiltin/CompilerBuiltin.fss	773	NN32	opr	DOTMINUS	opr DOTMINUS(self, other:NN32): NN32	jMakeNN32FromZZ32	com.sun.fortress.nativeHelpers.simpleUnsignedIntArith.makeNN32FromZZ32WithSpecialCompilerHackForNN32ResultType
ProjectFortress/LibraryBuiltin/CompilerBuiltin.fss	774	NN32	opr	DOT	opr DOT(self, other:NN32): NN32	jMakeNN32FromZZ32	com.sun.fortress.nativeHelpers.simpleUnsignedIntArith.makeNN32FromZZ32WithSpecialCompilerHackForNN32ResultType
ProjectFortress/LibraryBuiltin/CompilerBuiltin.fss	775	NN32	opr	BOXDOT	opr BOXDOT(self, other:NN32): NN32	jMakeNN32FromZZ32	com.sun.fortress.nativeHelpers.simpleUnsignedIntArith.makeNN32FromZZ32WithSpecialCompilerHackForNN32ResultType
ProjectFortress/LibraryBuiltin/CompilerBuiltin.fss	776	NN32	opr	CROSS	opr CROSS(self, other:NN32): NN32	jMakeNN32FromZZ32	com.sun.fortress.nativeHelpers.simpleUnsignedIntArith.makeNN32FromZZ32WithSpecialCompilerHackForNN32ResultType
ProjectFortress/LibraryBuiltin/CompilerBuiltin.fss	777	NN32	opr	BOXCROSS	opr BOXCROSS(self, other:NN32): NN32	jMakeNN32FromZZ32	com.sun.fortress.nativeHelpers.simpleUnsignedIntArith.makeNN32FromZZ32WithSpecialCompilerHackForNN32ResultType
ProjectFortress/LibraryBuiltin/CompilerBuiltin.fss	778	NN32	opr	DOTCROSS	opr DOTCROSS(self, other:NN32): NN32	jMakeNN32FromZZ32	com.sun.fortress.nativeHelpers.simpleUnsignedIntArith.makeNN32FromZZ32WithSpecialCompilerHackForNN32ResultType
ProjectFortress/LibraryBuiltin/CompilerBuiltin.fss	779	NN32	opr	DIV	opr DIV(self, other:NN32): NN32	jMakeNN32FromZZ32	com.sun.fortress.nativeHelpers.simpleUnsignedIntArith.makeNN32FromZZ32WithSpecialCompilerHackForNN32ResultType
ProjectFortress/LibraryBuiltin/CompilerBuiltin.fss	780	NN32	opr	<	opr <(self, other:NN32): Boolean	jUnsignedIntLT	com.sun.fortress.nativeHelpers.simpleUnsignedIntArith.unsignedIntLT
ProjectFortress/LibraryBuiltin/CompilerBuiltin.fss	781	NN32	opr	<=	opr <=(self, other:NN32): Boolean	jUnsignedIntLE	com.sun.fortress.nativeHelpers.simpleUnsignedIntArith.unsignedIntLE
ProjectFortress/LibraryBuiltin/CompilerBuiltin.fss	782	NN32	opr	>	opr >(self, other:NN32): Boolean	jUnsignedIntGT	com.sun.fortress.nativeHelpers.simpleUnsignedIntArith.unsignedIntGT
ProjectFortress/LibraryBuiltin/CompilerBuiltin.fss	783	NN32	opr	>=	opr >=(self, other:NN32): Boolean	jUnsignedIntGE	com.sun.fortress.nativeHelpers.simpleUnsignedIntArith.unsignedIntGE
ProjectFortress/LibraryBuiltin/CompilerBuiltin.fss	784	NN32	opr	=	opr =(self, other:NN32): Boolean	jIntEQ	com.sun.fortress.nativeHelpers.simpleIntArith.intEQ
ProjectFortress/LibraryBuiltin/CompilerBuiltin.fss	785	NN32	opr	=/=	opr =/=(self, other:NN32): Boolean	jMakeZZ32FromNN32	com.sun.fortress.nativeHelpers.simpleUnsignedIntArith.makeZZ32FromNN32WithSpecialCompilerHackForNN32ArgumentType
ProjectFortress/LibraryBuiltin/CompilerBuiltin.fss	786	NN32	opr	juxtaposition	opr juxtaposition(self, other:NN32): NN32	jMakeNN32FromZZ32	com.sun.fortress.nativeHelpers.simpleUnsignedIntArith.makeNN32FromZZ32WithSpecialCompilerHackForNN32ResultType
ProjectFortress/LibraryBuiltin/CompilerBuiltin.fss	787	NN32	opr	BITNOT	opr BITNOT(self): NN32	jMakeNN32FromZZ32	com.sun.fortress.nativeHelpers.simpleUnsignedIntArith.makeNN32FromZZ32WithSpecialCompilerHackForNN32ResultType
ProjectFortress/LibraryBuiltin/CompilerBuiltin.fss	788	NN32	opr	BITAND	opr BITAND(self, other:NN32): NN32	jMakeNN32FromZZ32	com.sun.fortress.nativeHelpers.simpleUnsignedIntArith.makeNN32FromZZ32WithSpecialCompilerHackForNN32ResultType
ProjectFortress/LibraryBuiltin/CompilerBuiltin.fss	789	NN32	opr	BITOR	opr BITOR(self, other:NN32): NN32	jMakeNN32FromZZ32	com.sun.fortress.nativeHelpers.simpleUnsignedIntArith.makeNN32FromZZ32WithSpecialCompilerHackForNN32ResultType
ProjectFortress/LibraryBuiltin/CompilerBuiltin.fss	790	NN32	opr	BITXOR	opr BITXOR(self, other:NN32): NN32	jMakeNN32FromZZ32	com.sun.fortress.nativeHelpers.simpleUnsignedIntArith.makeNN32FromZZ32WithSpecialCompilerHackForNN32ResultType
ProjectFortress/LibraryBuiltin/CompilerBuiltin.fss	791	NN32	opr	<<	opr <<(self, other:ZZ32): NN32	jMakeNN32FromZZ32	com.sun.fortress.nativeHelpers.simpleUnsignedIntArith.makeNN32FromZZ32WithSpecialCompilerHackForNN32ResultType
ProjectFortress/LibraryBuiltin/CompilerBuiltin.fss	792	NN32	opr	<<	opr <<(self, other:ZZ64): NN32	jMakeNN32FromZZ32	com.sun.fortress.nativeHelpers.simpleUnsignedIntArith.makeNN32FromZZ32WithSpecialCompilerHackForNN32ResultType
ProjectFortress/LibraryBuiltin/CompilerBuiltin.fss	793	NN32	opr	<<	opr <<(self, other:NN32): NN32	jMakeNN32FromZZ32	com.sun.fortress.nativeHelpers.simpleUnsignedIntArith.makeNN32FromZZ32WithSpecialCompilerHackForNN32ResultType
ProjectFortress/LibraryBuiltin/CompilerBuiltin.fss	794	NN32	opr	<<	opr <<(self, other:NN64): NN32	jMakeNN32FromZZ32	com.sun.fortress.nativeHelpers.simpleUnsignedIntArith.makeNN32FromZZ32WithSpecialCompilerHackForNN32ResultType
ProjectFortress/LibraryBuiltin/CompilerBuiltin.fss	795	NN32	opr	>>	opr >>(self, other:ZZ32): NN32	jMakeNN32FromZZ32	com.sun.fortress.nativeHelpers.simpleUnsignedIntArith.makeNN32FromZZ32WithSpecialCompilerHackForNN32ResultType
ProjectFortress/LibraryBuiltin/CompilerBuiltin.fss	796	NN32	opr	>>	opr >>(self, other:ZZ64): NN32	jMakeNN32FromZZ32	com.sun.fortress.nativeHelpers.simpleUnsignedIntArith.makeNN32FromZZ32WithSpecialCompilerHackForNN32ResultType
ProjectFortress/LibraryBuiltin/CompilerBuiltin.fss	797	NN32	opr	>>	opr >>(self, other:NN32): NN32	jMakeNN32FromZZ32	com.sun.fortress.nativeHelpers.simpleUnsignedIntArith.makeNN32FromZZ32WithSpecialCompilerHackForNN32ResultType
ProjectFortress/LibraryBuiltin/CompilerBuiltin.fss	798	NN32	opr	>>	opr >>(self, other:NN64): NN32	jMakeNN32FromZZ32	com.sun.fortress.nativeHelpers.simpleUnsignedIntArith.makeNN32FromZZ32WithSpecialCompilerHackForNN32ResultType
ProjectFortress/LibraryBuiltin/CompilerBuiltin.fss	799	NN32	opr	<<<	opr <<<(self, other:ZZ32): NN32	jMakeNN32FromZZ32	com.sun.fortress.nativeHelpers.simpleUnsignedIntArith.makeNN32FromZZ32WithSpecialCompilerHackForNN32ResultType
ProjectFortress/LibraryBuiltin/CompilerBuiltin.fss	800	NN32	opr	<<<	opr <<<(self, other:ZZ64): NN32	jMakeNN32FromZZ32	com.sun.fortress.nativeHelpers.simpleUnsignedIntArith.makeNN32FromZZ32WithSpecialCompilerHackForNN32ResultType
ProjectFortress/LibraryBuiltin/CompilerBuiltin.fss	801	NN32	opr	<<<	opr <<<(self, other:NN32): NN32	jMakeNN32FromZZ32	com.sun.fortress.nativeHelpers.simpleUnsignedIntArith.makeNN32FromZZ32WithSpecialCompilerHackForNN32ResultType
ProjectFortress/LibraryBuiltin/CompilerBuiltin.fss	802	NN32	opr	<<<	opr <<<(self, other:NN64): NN32	jMakeNN32FromZZ32	com.sun.fortress.nativeHelpers.simpleUnsignedIntArith.makeNN32FromZZ32WithSpecialCompilerHackForNN32ResultType
ProjectFortress/LibraryBuiltin/CompilerBuiltin.fss	806	NN32	opr	CHOOSE	opr CHOOSE(self, other:NN32): NN32	jMakeNN32FromZZ32	com.sun.fortress.nativeHelpers.simpleUnsignedIntArith.makeNN32FromZZ32WithSpecialCompilerHackForNN32ResultType
ProjectFortress/LibraryBuiltin/CompilerBuiltin.fss	809	NN32	opr	^	opr ^(self, other:NN32):NN32	jMakeNN32FromZZ32	com.sun.fortress.nativeHelpers.simpleUnsignedIntArith.makeNN32FromZZ32WithSpecialCompilerHackForNN32ResultType
ProjectFortress/LibraryBuiltin/CompilerBuiltin.fss	810	NN32	fn	asRR64	asRR64(): RR64	jUnsignedIntToDouble	com.sun.fortress.nativeHelpers.simpleUnsignedIntArith.unsignedIntToDouble
ProjectFortress/LibraryBuiltin/CompilerBuiltin.fss	815	NN32	fn	widen	widen(self): NN64	jMakeNN64FromZZ64	com.sun.fortress.nativeHelpers.simpleUnsignedLongArith.makeNN64FromZZ64WithSpecialCompilerHackForNN64ResultType
ProjectFortress/LibraryBuiltin/CompilerBuiltin.fss	816	NN32	fn	signed	signed(self): ZZ32	jMakeZZ32FromNN32	com.sun.fortress.nativeHelpers.simpleUnsignedIntArith.makeZZ32FromNN32WithSpecialCompilerHackForNN32ArgumentType
ProjectFortress/LibraryBuiltin/CompilerBuiltin.fss	821	NN64	coerce	?	coerce(x: NN32)	jMakeNN64FromZZ64	com.sun.fortress.nativeHelpers.simpleUnsignedLongArith.makeNN64FromZZ64WithSpecialCompilerHackForNN64ResultType
ProjectFortress/LibraryBuiltin/CompilerBuiltin.fss	823	NN64	getter	asZZ	getter asZZ(): ZZ	jMakeZZfromNN64	com.sun.fortress.nativeHelpers.simpleArbitraryPrecisionArith.makeZZfromNN64
ProjectFortress/LibraryBuiltin/CompilerBuiltin.fss	824	NN64	getter	bitsAsZZ64	getter bitsAsZZ64(): ZZ64	jMakeZZ64FromNN64	com.sun.fortress.nativeHelpers.simpleUnsignedLongArith.makeZZ64FromNN64WithSpecialCompilerHackForNN64ArgumentType
ProjectFortress/LibraryBuiltin/CompilerBuiltin.fss	825	NN64	getter	asString	getter asString(): String	junsignedLongToString	com.sun.fortress.nativeHelpers.simpleUnsignedLongArith.unsignedLongToString
ProjectFortress/LibraryBuiltin/CompilerBuiltin.fss	832	NN64	opr	BOXMINUS	opr BOXMINUS(self): NN64	jMakeNN64FromZZ64	com.sun.fortress.nativeHelpers.simpleUnsignedLongArith.makeNN64FromZZ64WithSpecialCompilerHackForNN64ResultType
ProjectFortress/LibraryBuiltin/CompilerBuiltin.fss	833	NN64	opr	DOTMINUS	opr DOTMINUS(self): NN64	jMakeNN64FromZZ64	com.sun.fortress.nativeHelpers.simpleUnsignedLongArith.makeNN64FromZZ64WithSpecialCompilerHackForNN64ResultType
ProjectFortress/LibraryBuiltin/CompilerBuiltin.fss	834	NN64	opr	+	opr +(self, other:NN64): NN64	jMakeNN64FromZZ64	com.sun.fortress.nativeHelpers.simpleUnsignedLongArith.makeNN64FromZZ64WithSpecialCompilerHackForNN64ResultType
ProjectFortress/LibraryBuiltin/CompilerBuiltin.fss	835	NN64	opr	BOXPLUS	opr BOXPLUS(self, other:NN64): NN64	jMakeNN64FromZZ64	com.sun.fortress.nativeHelpers.simpleUnsignedLongArith.makeNN64FromZZ64WithSpecialCompilerHackForNN64ResultType
ProjectFortress/LibraryBuiltin/CompilerBuiltin.fss	836	NN64	opr	DOTPLUS	opr DOTPLUS(self, other:NN64): NN64	jMakeNN64FromZZ64	com.sun.fortress.nativeHelpers.simpleUnsignedLongArith.makeNN64FromZZ64WithSpecialCompilerHackForNN64ResultType
ProjectFortress/LibraryBuiltin/CompilerBuiltin.fss	837	NN64	opr	-	opr -(self, other:NN64): NN64	jMakeNN64FromZZ64	com.sun.fortress.nativeHelpers.simpleUnsignedLongArith.makeNN64FromZZ64WithSpecialCompilerHackForNN64ResultType
ProjectFortress/LibraryBuiltin/CompilerBuiltin.fss	838	NN64	opr	BOXMINUS	opr BOXMINUS(self, other:NN64): NN64	jMakeNN64FromZZ64	com.sun.fortress.nativeHelpers.simpleUnsignedLongArith.makeNN64FromZZ64WithSpecialCompilerHackForNN64ResultType
ProjectFortress/LibraryBuiltin/CompilerBuiltin.fss	839	NN64	opr	DOTMINUS	opr DOTMINUS(self, other:NN64): NN64	jMakeNN64FromZZ64	com.sun.fortress.nativeHelpers.simpleUnsignedLongArith.makeNN64FromZZ64WithSpecialCompilerHackForNN64ResultType
ProjectFortress/LibraryBuiltin/CompilerBuiltin.fss	840	NN64	opr	DOT	opr DOT(self, other:NN64): NN64	jMakeNN64FromZZ64	com.sun.fortress.nativeHelpers.simpleUnsignedLongArith.makeNN64FromZZ64WithSpecialCompilerHackForNN64ResultType
ProjectFortress/LibraryBuiltin/CompilerBuiltin.fss	841	NN64	opr	BOXDOT	opr BOXDOT(self, other:NN64): NN64	jMakeNN64FromZZ64	com.sun.fortress.nativeHelpers.simpleUnsignedLongArith.makeNN64FromZZ64WithSpecialCompilerHackForNN64ResultType
ProjectFortress/LibraryBuiltin/CompilerBuiltin.fss	842	NN64	opr	CROSS	opr CROSS(self, other:NN64): NN64	jMakeNN64FromZZ64	com.sun.fortress.nativeHelpers.simpleUnsignedLongArith.makeNN64FromZZ64WithSpecialCompilerHackForNN64ResultType
ProjectFortress/LibraryBuiltin/CompilerBuiltin.fss	843	NN64	opr	BOXCROSS	opr BOXCROSS(self, other:NN64): NN64	jMakeNN64FromZZ64	com.sun.fortress.nativeHelpers.simpleUnsignedLongArith.makeNN64FromZZ64WithSpecialCompilerHackForNN64ResultType
ProjectFortress/LibraryBuiltin/CompilerBuiltin.fss	844	NN64	opr	DOTCROSS	opr DOTCROSS(self, other:NN64): NN64	jMakeNN64FromZZ64	com.sun.fortress.nativeHelpers.simpleUnsignedLongArith.makeNN64FromZZ64WithSpecialCompilerHackForNN64ResultType
ProjectFortress/LibraryBuiltin/CompilerBuiltin.fss	845	NN64	opr	DIV	opr DIV(self, other:NN64): NN64	jMakeNN64FromZZ64	com.sun.fortress.nativeHelpers.simpleUnsignedLongArith.makeNN64FromZZ64WithSpecialCompilerHackForNN64ResultType
ProjectFortress/LibraryBuiltin/CompilerBuiltin.fss	846	NN64	opr	<	opr <(self, other:NN64): Boolean	junsignedLongLT	com.sun.fortress.nativeHelpers.simpleUnsignedLongArith.unsignedLongLT
ProjectFortress/LibraryBuiltin/CompilerBuiltin.fss	847	NN64	opr	<=	opr <=(self, other:NN64): Boolean	junsignedLongLE	com.sun.fortress.nativeHelpers.simpleUnsignedLongArith.unsignedLongLE
ProjectFortress/LibraryBuiltin/CompilerBuiltin.fss	848	NN64	opr	>	opr >(self, other:NN64): Boolean	junsignedLongGT	com.sun.fortress.nativeHelpers.simpleUnsignedLongArith.unsignedLongGT
ProjectFortress/LibraryBuiltin/CompilerBuiltin.fss	849	NN64	opr	>=	opr >=(self, other:NN64): Boolean	junsignedLongGE	com.sun.fortress.nativeHelpers.simpleUnsignedLongArith.unsignedLongGE
ProjectFortress/LibraryBuiltin/CompilerBuiltin.fss	850	NN64	opr	=	opr =(self, other:NN64): Boolean	junsignedLongEQ	com.sun.fortress.nativeHelpers.simpleUnsignedLongArith.unsignedLongEQ
ProjectFortress/LibraryBuiltin/CompilerBuiltin.fss	851	NN64	opr	=/=	opr =/=(self, other:NN64): Boolean	jMakeZZ64FromNN64	com.sun.fortress.nativeHelpers.simpleUnsignedLongArith.makeZZ64FromNN64WithSpecialCompilerHackForNN64ArgumentType
ProjectFortress/LibraryBuiltin/CompilerBuiltin.fss	852	NN64	opr	juxtaposition	opr juxtaposition(self, other:NN64): NN64	jMakeNN64FromZZ64	com.sun.fortress.nativeHelpers.simpleUnsignedLongArith.makeNN64FromZZ64WithSpecialCompilerHackForNN64ResultType
ProjectFortress/LibraryBuiltin/CompilerBuiltin.fss	853	NN64	opr	BITNOT	opr BITNOT(self): NN64	jMakeNN64FromZZ64	com.sun.fortress.nativeHelpers.simpleUnsignedLongArith.makeNN64FromZZ64WithSpecialCompilerHackForNN64ResultType
ProjectFortress/LibraryBuiltin/CompilerBuiltin.fss	854	NN64	opr	BITAND	opr BITAND(self, other:NN64): NN64	jMakeNN64FromZZ64	com.sun.fortress.nativeHelpers.simpleUnsignedLongArith.makeNN64FromZZ64WithSpecialCompilerHackForNN64ResultType
ProjectFortress/LibraryBuiltin/CompilerBuiltin.fss	855	NN64	opr	BITOR	opr BITOR(self, other:NN64): NN64	jMakeNN64FromZZ64	com.sun.fortress.nativeHelpers.simpleUnsignedLongArith.makeNN64FromZZ64WithSpecialCompilerHackForNN64ResultType
ProjectFortress/LibraryBuiltin/CompilerBuiltin.fss	856	NN64	opr	BITXOR	opr BITXOR(self, other:NN64): NN64	jMakeNN64FromZZ64	com.sun.fortress.nativeHelpers.simpleUnsignedLongArith.makeNN64FromZZ64WithSpecialCompilerHackForNN64ResultType
ProjectFortress/LibraryBuiltin/CompilerBuiltin.fss	857	NN64	opr	<<	opr <<(self, other:ZZ32): NN64	jMakeNN64FromZZ64	com.sun.fortress.nativeHelpers.simpleUnsignedLongArith.makeNN64FromZZ64WithSpecialCompilerHackForNN64ResultType
ProjectFortress/LibraryBuiltin/CompilerBuiltin.fss	858	NN64	opr	<<	opr <<(self, other:ZZ64): NN64	jMakeNN64FromZZ64	com.sun.fortress.nativeHelpers.simpleUnsignedLongArith.makeNN64FromZZ64WithSpecialCompilerHackForNN64ResultType
ProjectFortress/LibraryBuiltin/CompilerBuiltin.fss	859	NN64	opr	<<	opr <<(self, other:NN32): NN64	jMakeNN64FromZZ64	com.sun.fortress.nativeHelpers.simpleUnsignedLongArith.makeNN64FromZZ64WithSpecialCompilerHackForNN64ResultType
ProjectFortress/LibraryBuiltin/CompilerBuiltin.fss	860	NN64	opr	<<	opr <<(self, other:NN64): NN64	jMakeNN64FromZZ64	com.sun.fortress.nativeHelpers.simpleUnsignedLongArith.makeNN64FromZZ64WithSpecialCompilerHackForNN64ResultType
ProjectFortress/LibraryBuiltin/CompilerBuiltin.fss	861	NN64	opr	>>	opr >>(self, other:ZZ32): NN64	jMakeNN64FromZZ64	com.sun.fortress.nativeHelpers.simpleUnsignedLongArith.makeNN64FromZZ64WithSpecialCompilerHackForNN64ResultType
ProjectFortress/LibraryBuiltin/CompilerBuiltin.fss	862	NN64	opr	>>	opr >>(self, other:ZZ64): NN64	jMakeNN64FromZZ64	com.sun.fortress.nativeHelpers.simpleUnsignedLongArith.makeNN64FromZZ64WithSpecialCompilerHackForNN64ResultType
ProjectFortress/LibraryBuiltin/CompilerBuiltin.fss	863	NN64	opr	>>	opr >>(self, other:NN32): NN64	jMakeNN64FromZZ64	com.sun.fortress.nativeHelpers.simpleUnsignedLongArith.makeNN64FromZZ64WithSpecialCompilerHackForNN64ResultType
ProjectFortress/LibraryBuiltin/CompilerBuiltin.fss	864	NN64	opr	>>	opr >>(self, other:NN64): NN64	jMakeNN64FromZZ64	com.sun.fortress.nativeHelpers.simpleUnsignedLongArith.makeNN64FromZZ64WithSpecialCompilerHackForNN64ResultType
ProjectFortress/LibraryBuiltin/CompilerBuiltin.fss	865	NN64	opr	<<<	opr <<<(self, other:ZZ32): NN64	jMakeNN64FromZZ64	com.sun.fortress.nativeHelpers.simpleUnsignedLongArith.makeNN64FromZZ64WithSpecialCompilerHackForNN64ResultType
ProjectFortress/LibraryBuiltin/CompilerBuiltin.fss	866	NN64	opr	<<<	opr <<<(self, other:ZZ64): NN64	jMakeNN64FromZZ64	com.sun.fortress.nativeHelpers.simpleUnsignedLongArith.makeNN64FromZZ64WithSpecialCompilerHackForNN64ResultType
ProjectFortress/LibraryBuiltin/CompilerBuiltin.fss	867	NN64	opr	<<<	opr <<<(self, other:NN32): NN64	jMakeNN64FromZZ64	com.sun.fortress.nativeHelpers.simpleUnsignedLongArith.makeNN64FromZZ64WithSpecialCompilerHackForNN64ResultType
ProjectFortress/LibraryBuiltin/CompilerBuiltin.fss	868	NN64	opr	<<<	opr <<<(self, other:NN64): NN64	jMakeNN64FromZZ64	com.sun.fortress.nativeHelpers.simpleUnsignedLongArith.makeNN64FromZZ64WithSpecialCompilerHackForNN64ResultType
ProjectFortress/LibraryBuiltin/CompilerBuiltin.fss	878	NN64	opr	^	opr ^(self, other:NN64):NN64	jMakeNN64FromZZ64	com.sun.fortress.nativeHelpers.simpleUnsignedLongArith.makeNN64FromZZ64WithSpecialCompilerHackForNN64ResultType
ProjectFortress/LibraryBuiltin/CompilerBuiltin.fss	879	NN64	fn	narrow	narrow(self): NN32	jMakeNN32FromZZ32	com.sun.fortress.nativeHelpers.simpleUnsignedIntArith.makeNN32FromZZ32WithSpecialCompilerHackForNN32ResultType
ProjectFortress/LibraryBuiltin/CompilerBuiltin.fss	880	NN64	fn	signed	signed(self): ZZ64	jMakeZZ64FromNN64	com.sun.fortress.nativeHelpers.simpleUnsignedLongArith.makeZZ64FromNN64WithSpecialCompilerHackForNN64ArgumentType
ProjectFortress/LibraryBuiltin/CompilerBuiltin.fss	897	IntLiteral	opr	-	opr -(self): IntLiteral	jIntLiteralNeg	com.sun.fortress.nativeHelpers.simpleIntLiteralArith.neg
ProjectFortress/LibraryBuiltin/CompilerBuiltin.fss	900	IntLiteral	opr	+	opr +(self, other:IntLiteral): IntLiteral	jIntLiteralAdd	com.sun.fortress.nativeHelpers.simpleIntLiteralArith.add
ProjectFortress/LibraryBuiltin/CompilerBuiltin.fss	903	IntLiteral	opr	-	opr -(self, other:IntLiteral): IntLiteral	jIntLiteralSub	com.sun.fortress.nativeHelpers.simpleIntLiteralArith.sub
ProjectFortress/LibraryBuiltin/CompilerBuiltin.fss	918	IntLiteral	opr	juxtaposition	opr juxtaposition(self, other:IntLiteral): IntLiteral	jIntLiteralMul	com.sun.fortress.nativeHelpers.simpleIntLiteralArith.mul
ProjectFortress/LibraryBuiltin/CompilerBuiltin.fss	933	RR64	coerce	?	coerce(x: RR32)	jFloatToDouble	com.sun.fortress.nativeHelpers.simpleDoubleArith.floatToDouble
ProjectFortress/LibraryBuiltin/CompilerBuiltin.fss	934	RR64	getter	asString	getter asString(): String	jDoubleToString	com.sun.fortress.nativeHelpers.simpleDoubleArith.doubleToString
ProjectFortress/LibraryBuiltin/CompilerBuiltin.fss	936	RR64	opr	|self|	opr |self| : RR64	jDoubleAbs	com.sun.fortress.nativeHelpers.simpleDoubleArith.doubleAbs
ProjectFortress/LibraryBuiltin/CompilerBuiltin.fss	937	RR64	opr	-	opr -(self): RR64	jDoubleNeg	com.sun.fortress.nativeHelpers.simpleDoubleArith.doubleNeg
ProjectFortress/LibraryBuiltin/CompilerBuiltin.fss	938	RR64	opr	+	opr +(self, other:RR64): RR64	jDoubleAdd	com.sun.fortress.nativeHelpers.simpleDoubleArith.doubleAdd
ProjectFortress/LibraryBuiltin/CompilerBuiltin.fss	939	RR64	opr	-	opr -(self, other:RR64): RR64	jDoubleSub	com.sun.fortress.nativeHelpers.simpleDoubleArith.doubleSub
ProjectFortress/LibraryBuiltin/CompilerBuiltin.fss	940	RR64	opr	<	opr <(self, other:RR64): Boolean	jDoubleLT	com.sun.fortress.nativeHelpers.simpleDoubleArith.doubleLT
ProjectFortress/LibraryBuiltin/CompilerBuiltin.fss	941	RR64	opr	<=	opr <=(self, other:RR64): Boolean	jDoubleLE	com.sun.fortress.nativeHelpers.simpleDoubleArith.doubleLE
ProjectFortress/LibraryBuiltin/CompilerBuiltin.fss	942	RR64	opr	>	opr >(self, other:RR64): Boolean	jDoubleGT	com.sun.fortress.nativeHelpers.simpleDoubleArith.doubleGT
ProjectFortress/LibraryBuiltin/CompilerBuiltin.fss	943	RR64	opr	>=	opr >=(self, other:RR64): Boolean	jDoubleGE	com.sun.fortress.nativeHelpers.simpleDoubleArith.doubleGE
ProjectFortress/LibraryBuiltin/CompilerBuiltin.fss	944	RR64	opr	=	opr =(self, other:RR64): Boolean	jDoubleEQ	com.sun.fortress.nativeHelpers.simpleDoubleArith.doubleEQ
ProjectFortress/LibraryBuiltin/CompilerBuiltin.fss	945	RR64	opr	juxtaposition	opr juxtaposition(self, other:RR64): RR64	jDoubleMul	com.sun.fortress.nativeHelpers.simpleDoubleArith.doubleMul
ProjectFortress/LibraryBuiltin/CompilerBuiltin.fss	946	RR64	opr	DOT	opr DOT(self, other:RR64): RR64	jDoubleMul	com.sun.fortress.nativeHelpers.simpleDoubleArith.doubleMul
ProjectFortress/LibraryBuiltin/CompilerBuiltin.fss	947	RR64	opr	/	opr /(self, other:RR64): RR64	jDoubleDiv	com.sun.fortress.nativeHelpers.simpleDoubleArith.doubleDiv
ProjectFortress/LibraryBuiltin/CompilerBuiltin.fss	954	RR64	opr	^	opr ^(self, other:RR64): RR64	jDoublePow	com.sun.fortress.nativeHelpers.simpleDoubleArith.doublePow
ProjectFortress/LibraryBuiltin/CompilerBuiltin.fss	973	RR64	opr	|	opr |/self\| :RR64	jDoubleCeiling	com.sun.fortress.nativeHelpers.simpleDoubleArith.doubleCeiling
ProjectFortress/LibraryBuiltin/CompilerBuiltin.fss	974	RR64	opr	|	opr |\self/| :RR64	jDoubleFloor	com.sun.fortress.nativeHelpers.simpleDoubleArith.doubleFloor
ProjectFortress/LibraryBuiltin/CompilerBuiltin.fss	975	RR64	fn	sin	sin(self):RR64	jDoubleSin	com.sun.fortress.nativeHelpers.simpleDoubleArith.doubleSin
ProjectFortress/LibraryBuiltin/CompilerBuiltin.fss	976	RR64	fn	cos	cos(self):RR64	jDoubleCos	com.sun.fortress.nativeHelpers.simpleDoubleArith.doubleCos
ProjectFortress/LibraryBuiltin/CompilerBuiltin.fss	977	RR64	fn	tan	tan(self):RR64	jDoubleTan	com.sun.fortress.nativeHelpers.simpleDoubleArith.doubleTan
ProjectFortress/LibraryBuiltin/CompilerBuiltin.fss	978	RR64	fn	asin	asin(self):RR64	jDoubleASin	com.sun.fortress.nativeHelpers.simpleDoubleArith.doubleASin
ProjectFortress/LibraryBuiltin/CompilerBuiltin.fss	979	RR64	fn	acos	acos(self):RR64	jDoubleACos	com.sun.fortress.nativeHelpers.simpleDoubleArith.doubleACos
ProjectFortress/LibraryBuiltin/CompilerBuiltin.fss	980	RR64	fn	atan	atan(self):RR64	jDoubleATan	com.sun.fortress.nativeHelpers.simpleDoubleArith.doubleATan
ProjectFortress/LibraryBuiltin/CompilerBuiltin.fss	981	RR64	fn	atan2	atan2(self, x:RR64):RR64	jDoubleATan2	com.sun.fortress.nativeHelpers.simpleDoubleArith.doubleATan2
ProjectFortress/LibraryBuiltin/CompilerBuiltin.fss	982	RR64	fn	log	log(self):RR64	jDoubleLog	com.sun.fortress.nativeHelpers.simpleDoubleArith.doubleLog
ProjectFortress/LibraryBuiltin/CompilerBuiltin.fss	983	RR64	fn	exp	exp(self):RR64	jDoubleExp	com.sun.fortress.nativeHelpers.simpleDoubleArith.doubleExp
ProjectFortress/LibraryBuiltin/CompilerBuiltin.fss	984	RR64	fn	floor	floor(self):RR64	jDoubleFloor	com.sun.fortress.nativeHelpers.simpleDoubleArith.doubleFloor
ProjectFortress/LibraryBuiltin/CompilerBuiltin.fss	985	RR64	fn	ceiling	ceiling(self):RR64	jDoubleCeiling	com.sun.fortress.nativeHelpers.simpleDoubleArith.doubleCeiling
ProjectFortress/LibraryBuiltin/CompilerBuiltin.fss	986	RR64	fn	truncate	truncate(self):ZZ64	jDoubleTruncate	com.sun.fortress.nativeHelpers.simpleDoubleArith.doubleTruncate
ProjectFortress/LibraryBuiltin/CompilerBuiltin.fss	987	RR64	fn	round	round(self):ZZ64	jDoubleRound	com.sun.fortress.nativeHelpers.simpleDoubleArith.doubleRound
ProjectFortress/LibraryBuiltin/CompilerBuiltin.fss	988	RR64	opr	SQRT	opr SQRT(self):RR64	jDoubleSQRT	com.sun.fortress.nativeHelpers.simpleDoubleArith.doubleSQRT
ProjectFortress/LibraryBuiltin/CompilerBuiltin.fss	1031	Boolean	opr	NOT	opr NOT(self):Boolean	jBooleanNot	com.sun.fortress.nativeHelpers.simpleBoolean.booleanNot
ProjectFortress/LibraryBuiltin/CompilerBuiltin.fss	1032	Boolean	opr	AND	opr AND(self, other:Boolean):Boolean	jBooleanAnd	com.sun.fortress.nativeHelpers.simpleBoolean.booleanAnd
ProjectFortress/LibraryBuiltin/CompilerBuiltin.fss	1034	Boolean	opr	OR	opr OR(self, other:Boolean):Boolean	jBooleanOr	com.sun.fortress.nativeHelpers.simpleBoolean.booleanOr
ProjectFortress/LibraryBuiltin/CompilerBuiltin.fss	1036	Boolean	opr	XOR	opr XOR(self, other:Boolean):Boolean	jBooleanXor	com.sun.fortress.nativeHelpers.simpleBoolean.booleanXor
ProjectFortress/LibraryBuiltin/CompilerBuiltin.fss	1037	Boolean	opr	OPLUS	opr OPLUS(self, other:Boolean):Boolean	jBooleanXor	com.sun.fortress.nativeHelpers.simpleBoolean.booleanXor
ProjectFortress/LibraryBuiltin/CompilerBuiltin.fss	1038	Boolean	opr	NEQV	opr NEQV(self, other:Boolean):Boolean	jBooleanXor	com.sun.fortress.nativeHelpers.simpleBoolean.booleanXor
ProjectFortress/LibraryBuiltin/CompilerBuiltin.fss	1039	Boolean	opr	EQV	opr EQV(self, other:Boolean):Boolean	jBooleanEqv	com.sun.fortress.nativeHelpers.simpleBoolean.booleanEqv
ProjectFortress/LibraryBuiltin/CompilerBuiltin.fss	1040	Boolean	opr	<->	opr <->(self, other:Boolean):Boolean	jBooleanEqv	com.sun.fortress.nativeHelpers.simpleBoolean.booleanEqv
ProjectFortress/LibraryBuiltin/CompilerBuiltin.fss	1045	Boolean	opr	=	opr =(self, other:Boolean): Boolean	jBooleanEqv	com.sun.fortress.nativeHelpers.simpleBoolean.booleanEqv
ProjectFortress/LibraryBuiltin/CompilerBuiltin.fss	1065	Character	getter	asString	getter asString() : String	jCharToString	com.sun.fortress.nativeHelpers.simpleChar.charToString
ProjectFortress/LibraryBuiltin/CompilerBuiltin.fss	1066	Character	getter	asExprString	getter asExprString() : String	jCharToExprString	com.sun.fortress.nativeHelpers.simpleChar.charToExprString
ProjectFortress/LibraryBuiltin/CompilerBuiltin.fss	1067	Character	getter	codePoint	getter codePoint(): ZZ32	jCodePoint	com.sun.fortress.nativeHelpers.simpleChar.charCodePointWithSpecialCompilerHackForCharacterArgumentType
ProjectFortress/LibraryBuiltin/CompilerBuiltin.fss	1069	Character	opr	<	opr <(self, other:Character): Boolean	jCharLT	com.sun.fortress.nativeHelpers.simpleChar.charLT
ProjectFortress/LibraryBuiltin/CompilerBuiltin.fss	1070	Character	opr	<=	opr <=(self, other:Character): Boolean	jCharLE	com.sun.fortress.nativeHelpers.simpleChar.charLE
ProjectFortress/LibraryBuiltin/CompilerBuiltin.fss	1071	Character	opr	>	opr >(self, other:Character): Boolean	jCharGT	com.sun.fortress.nativeHelpers.simpleChar.charGT
ProjectFortress/LibraryBuiltin/CompilerBuiltin.fss	1072	Character	opr	>=	opr >=(self, other:Character): Boolean	jCharGE	com.sun.fortress.nativeHelpers.simpleChar.charGE
ProjectFortress/LibraryBuiltin/CompilerBuiltin.fss	1073	Character	opr	=	opr =(self, other:Character): Boolean	jCharEQ	com.sun.fortress.nativeHelpers.simpleChar.charEQ
ProjectFortress/LibraryBuiltin/CompilerBuiltin.fss	1074	Character	opr	=/=	opr =/=(self, other:Character): Boolean	jCharNE	com.sun.fortress.nativeHelpers.simpleChar.charNE
ProjectFortress/LibraryBuiltin/CompilerBuiltin.fss	1076	Character	opr	LNSIM	opr LNSIM(self, other:Character): Boolean	jCharLessNotSim	com.sun.fortress.nativeHelpers.simpleChar.charLessNotSim
ProjectFortress/LibraryBuiltin/CompilerBuiltin.fss	1077	Character	opr	LESSSIM	opr LESSSIM(self, other:Character): Boolean	jCharLessSim	com.sun.fortress.nativeHelpers.simpleChar.charLessSim
ProjectFortress/LibraryBuiltin/CompilerBuiltin.fss	1078	Character	opr	GNSIM	opr GNSIM(self, other:Character): Boolean	jCharGreaterNotSim	com.sun.fortress.nativeHelpers.simpleChar.charGreaterNotSim
ProjectFortress/LibraryBuiltin/CompilerBuiltin.fss	1079	Character	opr	GTRSIM	opr GTRSIM(self, other:Character): Boolean	jCharGreaterSim	com.sun.fortress.nativeHelpers.simpleChar.charGreaterSim
ProjectFortress/LibraryBuiltin/CompilerBuiltin.fss	1080	Character	opr	SIMEQ	opr SIMEQ(self, other:Character): Boolean	jCharSimEq	com.sun.fortress.nativeHelpers.simpleChar.charSimEq
ProjectFortress/LibraryBuiltin/CompilerBuiltin.fss	1081	Character	opr	NSIMEQ	opr NSIMEQ(self, other:Character): Boolean	jCharNotSimEq	com.sun.fortress.nativeHelpers.simpleChar.charNotSimEq
ProjectFortress/LibraryBuiltin/CompilerBuiltin.fss	1083	Character	fn	getDirectionality	getDirectionality(self): ZZ32	jCharGetDirectionality	com.sun.fortress.nativeHelpers.simpleChar.charGetDirectionality
ProjectFortress/LibraryBuiltin/CompilerBuiltin.fss	1084	Character	fn	getNumericValue	getNumericValue(self): ZZ32	jCharGetNumericValue	com.sun.fortress.nativeHelpers.simpleChar.charGetNumericValue
ProjectFortress/LibraryBuiltin/CompilerBuiltin.fss	1085	Character	fn	getType	getType(self): ZZ32	jCharGetType	com.sun.fortress.nativeHelpers.simpleChar.charGetType
ProjectFortress/LibraryBuiltin/CompilerBuiltin.fss	1086	Character	fn	isDefined	isDefined(self): Boolean	jCharIsDefined	com.sun.fortress.nativeHelpers.simpleChar.charIsDefined
ProjectFortress/LibraryBuiltin/CompilerBuiltin.fss	1087	Character	fn	isDigit	isDigit(self): Boolean	jCharIsDigit	com.sun.fortress.nativeHelpers.simpleChar.charIsDigit
ProjectFortress/LibraryBuiltin/CompilerBuiltin.fss	1088	Character	fn	isFortressIdentifierPart	isFortressIdentifierPart(self): Boolean	jCharIsFortressIdentifierPart	com.sun.fortress.nativeHelpers.simpleChar.charIsFortressIdentifierPart
ProjectFortress/LibraryBuiltin/CompilerBuiltin.fss	1089	Character	fn	isFortressIdentifierStart	isFortressIdentifierStart(self): Boolean	jCharIsFortressIdentifierStart	com.sun.fortress.nativeHelpers.simpleChar.charIsFortressIdentifierStart
ProjectFortress/LibraryBuiltin/CompilerBuiltin.fss	1090	Character	fn	isHighSurrogate	isHighSurrogate(self): Boolean	jCharIsHighSurrogate	com.sun.fortress.nativeHelpers.simpleChar.charIsHighSurrogate
ProjectFortress/LibraryBuiltin/CompilerBuiltin.fss	1091	Character	fn	isIdentifierIgnorable	isIdentifierIgnorable(self): Boolean	jCharIsIdentifierIgnorable	com.sun.fortress.nativeHelpers.simpleChar.charIsIdentifierIgnorable
ProjectFortress/LibraryBuiltin/CompilerBuiltin.fss	1092	Character	fn	isISOControl	isISOControl(self): Boolean	jCharIsISOControl	com.sun.fortress.nativeHelpers.simpleChar.charIsISOControl
ProjectFortress/LibraryBuiltin/CompilerBuiltin.fss	1093	Character	fn	isJavaIdentifierPart	isJavaIdentifierPart(self): Boolean	jCharIsJavaIdentifierPart	com.sun.fortress.nativeHelpers.simpleChar.charIsJavaIdentifierPart
ProjectFortress/LibraryBuiltin/CompilerBuiltin.fss	1094	Character	fn	isJavaIdentifierStart	isJavaIdentifierStart(self): Boolean	jCharIsJavaIdentifierStart	com.sun.fortress.nativeHelpers.simpleChar.charIsJavaIdentifierStart
ProjectFortress/LibraryBuiltin/CompilerBuiltin.fss	1095	Character	fn	isLetter	isLetter(self): Boolean	jCharIsLetter	com.sun.fortress.nativeHelpers.simpleChar.charIsLetter
ProjectFortress/LibraryBuiltin/CompilerBuiltin.fss	1096	Character	fn	isLetterOrDigit	isLetterOrDigit(self): Boolean	jCharIsLetterOrDigit	com.sun.fortress.nativeHelpers.simpleChar.charIsLetterOrDigit
ProjectFortress/LibraryBuiltin/CompilerBuiltin.fss	1097	Character	fn	isLowerCase	isLowerCase(self): Boolean	jCharIsLowerCase	com.sun.fortress.nativeHelpers.simpleChar.charIsLowerCase
ProjectFortress/LibraryBuiltin/CompilerBuiltin.fss	1098	Character	fn	isLowSurrogate	isLowSurrogate(self): Boolean	jCharIsLowSurrogate	com.sun.fortress.nativeHelpers.simpleChar.charIsLowSurrogate
ProjectFortress/LibraryBuiltin/CompilerBuiltin.fss	1099	Character	fn	isMirrored	isMirrored(self): Boolean	jCharIsMirrored	com.sun.fortress.nativeHelpers.simpleChar.charIsMirrored
ProjectFortress/LibraryBuiltin/CompilerBuiltin.fss	1100	Character	fn	isSpaceChar	isSpaceChar(self): Boolean	jCharIsSpaceChar	com.sun.fortress.nativeHelpers.simpleChar.charIsSpaceChar
ProjectFortress/LibraryBuiltin/CompilerBuiltin.fss	1101	Character	fn	isSupplementaryCodePoint	isSupplementaryCodePoint(self): Boolean	jCharIsSupplementaryCodePoint	com.sun.fortress.nativeHelpers.simpleChar.charIsSupplementaryCodePoint
ProjectFortress/LibraryBuiltin/CompilerBuiltin.fss	1102	Character	fn	isSurrogatePair	isSurrogatePair(self, low: Character): Boolean	jCharIsSurrogatePair	com.sun.fortress.nativeHelpers.simpleChar.charIsSurrogatePair
ProjectFortress/LibraryBuiltin/CompilerBuiltin.fss	1103	Character	fn	isTitleCase	isTitleCase(self): Boolean	jCharIsTitleCase	com.sun.fortress.nativeHelpers.simpleChar.charIsTitleCase
ProjectFortress/LibraryBuiltin/CompilerBuiltin.fss	1104	Character	fn	isUnicodeIdentifierPart	isUnicodeIdentifierPart(self): Boolean	jCharIsUnicodeIdentifierPart	com.sun.fortress.nativeHelpers.simpleChar.charIsUnicodeIdentifierPart
ProjectFortress/LibraryBuiltin/CompilerBuiltin.fss	1105	Character	fn	isUnicodeIdentifierStart	isUnicodeIdentifierStart(self): Boolean	jCharIsUnicodeIdentifierStart	com.sun.fortress.nativeHelpers.simpleChar.charIsUnicodeIdentifierStart
ProjectFortress/LibraryBuiltin/CompilerBuiltin.fss	1106	Character	fn	isUpperCase	isUpperCase(self): Boolean	jCharIsUpperCase	com.sun.fortress.nativeHelpers.simpleChar.charIsUpperCase
ProjectFortress/LibraryBuiltin/CompilerBuiltin.fss	1107	Character	fn	isValidCodePoint	isValidCodePoint(self): Boolean	jCharIsValidCodePoint	com.sun.fortress.nativeHelpers.simpleChar.charIsValidCodePoint
ProjectFortress/LibraryBuiltin/CompilerBuiltin.fss	1108	Character	fn	isWhitespace	isWhitespace(self): Boolean	jCharIsWhitespace	com.sun.fortress.nativeHelpers.simpleChar.charIsWhitespace
ProjectFortress/LibraryBuiltin/CompilerBuiltin.fss	1109	Character	fn	javaDigit	javaDigit(self, radix: ZZ32): ZZ32	jCharJavaDigit	com.sun.fortress.nativeHelpers.simpleChar.charJavaDigit
ProjectFortress/LibraryBuiltin/CompilerBuiltin.fss	1110	Character	fn	toLowerCase	toLowerCase(self): Character	jMakeCharacter	com.sun.fortress.nativeHelpers.simpleChar.charMakeCharacterWithSpecialCompilerHackForCharacterResultType
ProjectFortress/LibraryBuiltin/CompilerBuiltin.fss	1111	Character	fn	toTitleCase	toTitleCase(self): Character	jMakeCharacter	com.sun.fortress.nativeHelpers.simpleChar.charMakeCharacterWithSpecialCompilerHackForCharacterResultType
ProjectFortress/LibraryBuiltin/CompilerBuiltin.fss	1112	Character	fn	toUpperCase	toUpperCase(self): Character	jMakeCharacter	com.sun.fortress.nativeHelpers.simpleChar.charMakeCharacterWithSpecialCompilerHackForCharacterResultType
ProjectFortress/LibraryBuiltin/CompilerBuiltin.fss	1116	ZZ32Vector	getter	asString	getter asString(): String	jIntVectorAsString	com.sun.fortress.nativeHelpers.simpleIntVector.asString
ProjectFortress/LibraryBuiltin/CompilerBuiltin.fss	1117	ZZ32Vector	getter	shape	getter shape(): (ZZ32, ZZ32)	jIntVectorGetRows	com.sun.fortress.nativeHelpers.simpleIntVector.getRows
ProjectFortress/LibraryBuiltin/CompilerBuiltin.fss	1118	ZZ32Vector	getter	nrows	getter nrows(): ZZ32	jIntVectorGetRows	com.sun.fortress.nativeHelpers.simpleIntVector.getRows
ProjectFortress/LibraryBuiltin/CompilerBuiltin.fss	1119	ZZ32Vector	getter	ncols	getter ncols(): ZZ32	jIntVectorGetCols	com.sun.fortress.nativeHelpers.simpleIntVector.getCols
ProjectFortress/LibraryBuiltin/CompilerBuiltin.fss	1121	ZZ32Vector	fn	getValue	getValue(i:ZZ32): ZZ32	jIntVectorGet	com.sun.fortress.nativeHelpers.simpleIntVector.getIndexedValue
ProjectFortress/LibraryBuiltin/CompilerBuiltin.fss	1122	ZZ32Vector	fn	getValue	getValue(i:ZZ32, j:ZZ32): ZZ32	jIntVectorGet	com.sun.fortress.nativeHelpers.simpleIntVector.getIndexedValue
ProjectFortress/LibraryBuiltin/CompilerBuiltin.fss	1123	ZZ32Vector	fn	putValue	putValue(i:ZZ32, v:ZZ32): ()	jIntVectorPut	com.sun.fortress.nativeHelpers.simpleIntVector.putIndexedValue
ProjectFortress/LibraryBuiltin/CompilerBuiltin.fss	1124	ZZ32Vector	fn	putValue	putValue(i:ZZ32, j:ZZ32, v:ZZ32): ()	jIntVectorPut	com.sun.fortress.nativeHelpers.simpleIntVector.putIndexedValue
ProjectFortress/LibraryBuiltin/CompilerBuiltin.fss	1129	ZZ32Vector	opr	|self|	opr |self| : ZZ32	jIntVectorGetSize	com.sun.fortress.nativeHelpers.simpleIntVector.getSize
ProjectFortress/LibraryBuiltin/CompilerBuiltin.fss	1150	(top)	fn	__makeZZ32Vector	__makeZZ32Vector(l1: ZZ32, d1: ZZ32, l2: ZZ32, d2: ZZ32): ZZ32Vector	jIntVectorMake	com.sun.fortress.nativeHelpers.simpleIntVector.make
ProjectFortress/LibraryBuiltin/CompilerBuiltin.fss	1152	(top)	fn	makeStringVector	makeStringVector(i:ZZ32): StringVector	jStringVectorMake	com.sun.fortress.nativeHelpers.simpleStringVector.make
ProjectFortress/LibraryBuiltin/CompilerBuiltin.fss	1155	StringVector	fn	getValue	getValue(i:ZZ32): String	jStringVectorGet	com.sun.fortress.nativeHelpers.simpleStringVector.getIndexedValue
ProjectFortress/LibraryBuiltin/CompilerBuiltin.fss	1156	StringVector	fn	putValue	putValue(i:ZZ32, v:String): ()	jStringVectorPut	com.sun.fortress.nativeHelpers.simpleStringVector.putIndexedValue
ProjectFortress/LibraryBuiltin/CompilerBuiltin.fss	1158	StringVector	opr	|self|	opr |self| : ZZ32	jStringVectorGetSize	com.sun.fortress.nativeHelpers.simpleStringVector.getSize
ProjectFortress/LibraryBuiltin/CompilerBuiltin.fss	1162	JavaBufferedReader	getter	asString	getter asString(): String	jJavaBufferedReaderAsString	com.sun.fortress.nativeHelpers.fileOps.jbrAsString
ProjectFortress/LibraryBuiltin/CompilerBuiltin.fss	1163	JavaBufferedReader	fn	read	read(): Character throws IOException	jMakeCharacter	com.sun.fortress.nativeHelpers.simpleChar.charMakeCharacterWithSpecialCompilerHackForCharacterResultType
ProjectFortress/LibraryBuiltin/CompilerBuiltin.fss	1164	JavaBufferedReader	fn	readLine	readLine(): String throws IOException	jJavaBufferedReaderReadLine	com.sun.fortress.nativeHelpers.fileOps.jbrReadLine
ProjectFortress/LibraryBuiltin/CompilerBuiltin.fss	1165	JavaBufferedReader	fn	readk	readk(k: ZZ32): String throws IOException	jJavaBufferedReaderReadk	com.sun.fortress.nativeHelpers.fileOps.jbrReadk
ProjectFortress/LibraryBuiltin/CompilerBuiltin.fss	1166	JavaBufferedReader	fn	eof	eof(): Boolean	jJavaBufferedReaderEof	com.sun.fortress.nativeHelpers.fileOps.jbrEof
ProjectFortress/LibraryBuiltin/CompilerBuiltin.fss	1167	JavaBufferedReader	fn	ready	ready(): Boolean throws IOException	jJavaBufferedReaderReady	com.sun.fortress.nativeHelpers.fileOps.jbrReady
ProjectFortress/LibraryBuiltin/CompilerBuiltin.fss	1168	JavaBufferedReader	fn	close	close(): () throws IOException	jJavaBufferedReaderClose	com.sun.fortress.nativeHelpers.fileOps.jbrClose
ProjectFortress/LibraryBuiltin/CompilerBuiltin.fss	1169	JavaBufferedReader	fn	whenUnconsumed	whenUnconsumed(): () throws IOException	jJavaBufferedReaderWhenUnconsumed	com.sun.fortress.nativeHelpers.fileOps.jbrWhenUnconsumed
ProjectFortress/LibraryBuiltin/CompilerBuiltin.fss	1170	JavaBufferedReader	fn	consume	consume(): ()	jJavaBufferedReaderConsume	com.sun.fortress.nativeHelpers.fileOps.jbrConsume
ProjectFortress/LibraryBuiltin/CompilerBuiltin.fss	1173	(top)	fn	makeJavaBufferedReader	makeJavaBufferedReader(s: String): JavaBufferedReader throws FileNotFoundException	jJavaBufferedReaderOpen	com.sun.fortress.nativeHelpers.fileOps.jbrOpen
ProjectFortress/LibraryBuiltin/CompilerBuiltin.fss	1176	JavaBufferedWriter	getter	asString	getter asString(): String	jJavaBufferedWriterAsString	com.sun.fortress.nativeHelpers.fileOps.jbwAsString
ProjectFortress/LibraryBuiltin/CompilerBuiltin.fss	1177	JavaBufferedWriter	fn	write	write(c: Character): () throws IOException	jJavaBufferedWriterWriteChar	com.sun.fortress.nativeHelpers.fileOps.jbwWriteChar
ProjectFortress/LibraryBuiltin/CompilerBuiltin.fss	1178	JavaBufferedWriter	fn	write	write(s: String): () throws IOException	jJavaBufferedWriterWriteString	com.sun.fortress.nativeHelpers.fileOps.jbwWriteString
ProjectFortress/LibraryBuiltin/CompilerBuiltin.fss	1179	JavaBufferedWriter	fn	newLine	newLine(): () throws IOException	jJavaBufferedWriterNewLine	com.sun.fortress.nativeHelpers.fileOps.jbwNewLine
ProjectFortress/LibraryBuiltin/CompilerBuiltin.fss	1180	JavaBufferedWriter	fn	flush	flush(): () throws IOException	jJavaBufferedWriterFlush	com.sun.fortress.nativeHelpers.fileOps.jbwFlush
ProjectFortress/LibraryBuiltin/CompilerBuiltin.fss	1181	JavaBufferedWriter	fn	close	close(): () throws IOException	jJavaBufferedWriterClose	com.sun.fortress.nativeHelpers.fileOps.jbwClose
ProjectFortress/LibraryBuiltin/CompilerBuiltin.fss	1184	(top)	fn	makeJavaBufferedWriter	makeJavaBufferedWriter(s: String): JavaBufferedWriter throws FileNotFoundException	jJavaBufferedWriterOpen	com.sun.fortress.nativeHelpers.fileOps.jbwOpen
ProjectFortress/LibraryBuiltin/CompilerBuiltin.fss	1629	(top)	fn	random	random(i:RR64): RR64	jRandomDouble	com.sun.fortress.nativeHelpers.LocalRandom.localRandomDouble
ProjectFortress/LibraryBuiltin/CompilerBuiltin.fss	1630	(top)	fn	randomZZ32	randomZZ32(x:ZZ32): ZZ32	jRandomInt	com.sun.fortress.nativeHelpers.LocalRandom.localRandomInt
ProjectFortress/LibraryBuiltin/CompilerBuiltin.fss	1631	(top)	fn	drandom	drandom(i : RR64) : RR64	jDeterministicRandomDouble	com.sun.fortress.nativeHelpers.DeterministicRandom.deterministicRandomDouble
ProjectFortress/LibraryBuiltin/CompilerBuiltin.fss	1632	(top)	fn	drandomZZ32	drandomZZ32(x : ZZ32) : ZZ32	jDeterministicRandomInt	com.sun.fortress.nativeHelpers.DeterministicRandom.deterministicRandomInt
Library/CompilerLibrary.fss	63	(top)	opr	===	opr ===(a:Any, b:Any):Boolean	jSEQUIV	com.sun.fortress.nativeHelpers.equality.sEquiv
Library/CompilerSystem.fss	20	(top)	fn	getProperty	getProperty(what:String, ifMissing:String)	jGetProperty	com.sun.fortress.nativeHelpers.systemOps.getProperty
