file	line	object	javaclass
ProjectFortress/LibraryBuiltin/FortressBuiltin.fss	54	Float	com.sun.fortress.interpreter.glue.prim.Float
ProjectFortress/LibraryBuiltin/FortressBuiltin.fss	194	FloatLiteral	com.sun.fortress.interpreter.glue.prim.FloatLiteral
ProjectFortress/LibraryBuiltin/FortressBuiltin.fss	203	RR32	com.sun.fortress.interpreter.glue.prim.RR32
ProjectFortress/LibraryBuiltin/FortressBuiltin.fss	369	Int	com.sun.fortress.interpreter.glue.prim.Int
ProjectFortress/LibraryBuiltin/FortressBuiltin.fss	378	Long	com.sun.fortress.interpreter.glue.prim.Long
ProjectFortress/LibraryBuiltin/FortressBuiltin.fss	387	NN32	com.sun.fortress.interpreter.glue.prim.NN32
ProjectFortress/LibraryBuiltin/FortressBuiltin.fss	463	UnsignedLong	com.sun.fortress.interpreter.glue.prim.UnsignedLong
ProjectFortress/LibraryBuiltin/FortressBuiltin.fss	474	IntLiteral	com.sun.fortress.interpreter.glue.prim.IntLiteral
ProjectFortress/LibraryBuiltin/FortressBuiltin.fss	541	BigNum	com.sun.fortress.interpreter.glue.prim.BigNum
ProjectFortress/LibraryBuiltin/FortressBuiltin.fss	551	Boolean	com.sun.fortress.interpreter.glue.prim.Boolean
ProjectFortress/LibraryBuiltin/FortressBuiltin.fss	587	Char	com.sun.fortress.interpreter.glue.prim.Char
ProjectFortress/LibraryBuiltin/FortressBuiltin.fss	701	Thread	com.sun.fortress.interpreter.glue.prim.Thread
Library/Reflect.fss	233	ReflectCollection	com.sun.fortress.interpreter.glue.prim.ReflectCollection
Library/Reflect.fss	256	ReflectMethod	com.sun.fortress.interpreter.glue.prim.ReflectMethod
Library/Reflect.fss	304	Reflect	com.sun.fortress.interpreter.glue.prim.Reflect
Library/Reflect.fss	311	ReflectGeneric	com.sun.fortress.interpreter.glue.prim.ReflectGeneric
Library/Reflect.fss	317	ReflectGenericArrow	com.sun.fortress.interpreter.glue.prim.ReflectGenericArrow
Library/Reflect.fss	323	ReflectObject	com.sun.fortress.interpreter.glue.prim.ReflectObject
Library/Reflect.fss	327	ReflectTrait	com.sun.fortress.interpreter.glue.prim.ReflectTrait
Library/Reflect.fss	331	ReflectArrow	com.sun.fortress.interpreter.glue.prim.ReflectArrow
Library/Reflect.fss	339	ReflectTuple	com.sun.fortress.interpreter.glue.prim.ReflectTuple
Library/Reflect.fss	355	ReflectRest	com.sun.fortress.interpreter.glue.prim.ReflectRest
Library/Reflect.fss	361	ReflectBottom	com.sun.fortress.interpreter.glue.prim.ReflectBottom
Library/File.fss	22	FileReadStream	com.sun.fortress.interpreter.glue.prim.FileReadStream
Library/File.fss	66	FileWriteStream	com.sun.fortress.interpreter.glue.prim.FileWriteStream
Library/FlatString.fss	34	FlatString	com.sun.fortress.interpreter.glue.prim.FlatString
Library/Writer.fss	28	Writer	com.sun.fortress.interpreter.glue.prim.Writer
Library/Writer.fss	52	BufferedWriter	com.sun.fortress.interpreter.glue.prim.BufferedWriter
Library/Reader.fss	25	Reader	com.sun.fortress.interpreter.glue.prim.Reader
ProjectFortress/LibraryBuiltin/NativeArray.fss	18	PrimitiveArray	com.sun.fortress.interpreter.glue.prim.PrimitiveArray
ProjectFortress/LibraryBuiltin/NativeArray.fss	32	PrimImmutableArray	com.sun.fortress.interpreter.glue.prim.PrimImmutableArray
ProjectFortress/LibraryBuiltin/NativeArray.fss	43	PrimImmutableRR64Array	com.sun.fortress.interpreter.glue.prim.PrimImmutableRR64Array
