file,utc_day,class,added_chars,removed_chars,net_chars,commits
FACTS,2026-09-15,coordinator edit,7770,0,7770,1
FACTS,2026-09-15,worker (probe/judgement/review),5975,0,5975,5
FACTS,2026-09-16,coordinator edit,257,0,257,1
FACTS,2026-09-16,worker (probe/judgement/review),13504,0,13504,5
FACTS,2026-09-17,batch,20615,0,20615,9
FACTS,2026-09-17,coordinator edit,1093,0,1093,1
FACTS,2026-09-17,worker (probe/judgement/review),9972,0,9972,6
FACTS,2026-09-18,coordinator edit,2270,0,2270,3
FACTS,2026-09-19,batch,35014,0,35014,11
FACTS,2026-09-19,consolidation,0,-30728,-30728,1
FACTS,2026-09-19,coordinator edit,9562,0,9562,9
FACTS,2026-09-19,worker (probe/judgement/review),11152,0,11152,5
FACTS,2026-09-20,batch,17509,0,17509,6
FACTS,2026-09-20,consolidation,0,-54976,-54976,1
FACTS,2026-09-20,worker (probe/judgement/review),3623,0,3623,3
FACTS,2026-09-21,worker (probe/judgement/review),4103,0,4103,2
FACTS,2026-09-22,batch,2275,0,2275,1
FACTS,2026-09-22,coordinator edit,2454,0,2454,1
FACTS,2026-09-22,worker (probe/judgement/review),9325,0,9325,4
FACTS,2026-09-23,batch,14773,-8,14765,10
FACTS,2026-09-23,coordinator edit,5072,0,5072,3
FACTS,2026-09-24,batch,9066,-15,9051,5
FACTS,2026-09-24,consolidation,0,-20925,-20925,1
FACTS,2026-09-24,coordinator edit,804,0,804,1
FACTS,2026-09-24,worker (probe/judgement/review),13090,0,13090,6
FACTS,2026-09-25,coordinator edit,371,0,371,1
FACTS,2026-09-25,worker (probe/judgement/review),2623,0,2623,1
FACTS,2026-09-26,batch,26216,-51,26165,16
FACTS,2026-09-26,coordinator edit,8802,0,8802,6
FACTS,2026-09-26,worker (probe/judgement/review),24221,0,24221,13
FACTS,2026-09-27,batch,17924,-39,17885,11
FACTS,2026-09-27,consolidation,26843,-2033,24810,3
FACTS,2026-09-27,coordinator edit,2829,-44,2785,4
FACTS,2026-09-27,worker (probe/judgement/review),0,-646,-646,1
FACTS,2026-09-28,batch,43929,-60,43869,20
FACTS,2026-09-28,consolidation,20129,-199,19930,4
FACTS,2026-09-28,coordinator edit,1857,0,1857,2
FACTS,2026-09-29,batch,31237,-36,31201,12
FACTS,2026-09-29,consolidation,35903,-6760,29143,7
FACTS,2026-09-29,coordinator edit,363,0,363,1
FACTS,2026-09-30,batch,24789,-36,24753,6
FACTS,2026-09-30,consolidation,1394,-44117,-42723,2
FACTS,2026-09-30,coordinator edit,886,0,886,1
FACTS,2026-10-02,batch,6767,0,6767,4
FACTS,2026-10-02,consolidation,178,-92059,-91881,2
FACTS,2026-10-02,coordinator edit,4180,0,4180,7
FACTS,2026-10-03,batch,12046,-10,12036,11
FACTS,2026-10-03,consolidation,2591,-23,2568,2
FACTS,2026-10-03,coordinator edit,2701,-579,2122,6
FACTS,2026-10-03,worker (probe/judgement/review),556,0,556,1
FACTS,2026-10-04,coordinator edit,1438,0,1438,2
FACTS,2026-10-04,worker (probe/judgement/review),746,0,746,1
FACTS,2026-10-08,consolidation,1119,0,1119,1
FACTS,2026-10-08,coordinator edit,7955,0,7955,10
FACTS,2026-10-09,batch,33338,-4,33334,20
FACTS,2026-10-09,consolidation,2360,0,2360,2
FACTS,2026-10-09,coordinator edit,1409,0,1409,3
INDEX,2026-09-15,worker (probe/judgement/review),12328,0,12328,1
INDEX,2026-09-16,worker (probe/judgement/review),1774,0,1774,2
INDEX,2026-09-17,coordinator edit,2547,0,2547,4
INDEX,2026-09-17,worker (probe/judgement/review),3079,0,3079,3
INDEX,2026-09-18,coordinator edit,1362,-324,1038,4
INDEX,2026-09-19,consolidation,436,0,436,1
INDEX,2026-09-19,coordinator edit,4867,0,4867,7
INDEX,2026-09-19,worker (probe/judgement/review),2867,0,2867,4
INDEX,2026-09-20,worker (probe/judgement/review),970,0,970,2
INDEX,2026-09-21,consolidation,14942,0,14942,1
INDEX,2026-09-21,coordinator edit,1484,0,1484,3
INDEX,2026-09-21,worker (probe/judgement/review),1143,0,1143,2
INDEX,2026-09-22,coordinator edit,2347,0,2347,4
INDEX,2026-09-22,worker (probe/judgement/review),3027,0,3027,5
INDEX,2026-09-23,batch,1331,0,1331,1
INDEX,2026-09-23,coordinator edit,2661,-25,2636,6
INDEX,2026-09-23,worker (probe/judgement/review),4099,0,4099,7
INDEX,2026-09-24,consolidation,127,0,127,1
INDEX,2026-09-24,coordinator edit,267,0,267,1
INDEX,2026-09-24,worker (probe/judgement/review),3778,0,3778,7
INDEX,2026-09-25,coordinator edit,513,0,513,1
INDEX,2026-09-25,worker (probe/judgement/review),559,0,559,1
INDEX,2026-09-26,batch,544,0,544,1
INDEX,2026-09-26,coordinator edit,6907,0,6907,7
INDEX,2026-09-26,worker (probe/judgement/review),9731,0,9731,12
INDEX,2026-09-27,consolidation,932,0,932,1
INDEX,2026-09-27,coordinator edit,11352,-30,11322,13
INDEX,2026-09-27,worker (probe/judgement/review),3432,0,3432,8
INDEX,2026-09-28,coordinator edit,8175,0,8175,5
INDEX,2026-09-28,worker (probe/judgement/review),663,0,663,1
INDEX,2026-09-29,consolidation,2989,0,2989,1
INDEX,2026-09-29,coordinator edit,7043,0,7043,5
INDEX,2026-09-29,worker (probe/judgement/review),2161,0,2161,3
INDEX,2026-09-30,coordinator edit,1218,0,1218,3
INDEX,2026-09-30,worker (probe/judgement/review),424,0,424,1
INDEX,2026-10-02,coordinator edit,3824,0,3824,6
INDEX,2026-10-03,consolidation,1187,0,1187,1
INDEX,2026-10-03,coordinator edit,2266,0,2266,2
INDEX,2026-10-03,worker (probe/judgement/review),5974,0,5974,6
INDEX,2026-10-04,coordinator edit,925,0,925,2
INDEX,2026-10-04,worker (probe/judgement/review),651,0,651,1
INDEX,2026-10-05,coordinator edit,485,0,485,1
INDEX,2026-10-05,worker (probe/judgement/review),654,0,654,1
INDEX,2026-10-06,worker (probe/judgement/review),313,0,313,1
INDEX,2026-10-07,coordinator edit,993,0,993,2
INDEX,2026-10-08,coordinator edit,14711,0,14711,20
INDEX,2026-10-08,worker (probe/judgement/review),6210,0,6210,9
INDEX,2026-10-09,coordinator edit,14755,0,14755,19
POSITIONS,2026-09-15,coordinator edit,3846,0,3846,1
POSITIONS,2026-09-15,worker (probe/judgement/review),836,0,836,3
POSITIONS,2026-09-16,worker (probe/judgement/review),1357,0,1357,1
POSITIONS,2026-09-17,coordinator edit,2147,0,2147,3
POSITIONS,2026-09-18,coordinator edit,1552,0,1552,2
POSITIONS,2026-09-19,coordinator edit,4160,0,4160,6
POSITIONS,2026-09-20,coordinator edit,2360,0,2360,2
POSITIONS,2026-09-20,worker (probe/judgement/review),1424,0,1424,2
POSITIONS,2026-09-21,coordinator edit,9381,-1055,8326,11
POSITIONS,2026-09-22,coordinator edit,6399,0,6399,9
POSITIONS,2026-09-23,coordinator edit,4426,0,4426,6
POSITIONS,2026-09-24,consolidation,681,0,681,1
POSITIONS,2026-09-24,coordinator edit,14081,0,14081,16
POSITIONS,2026-09-25,coordinator edit,3479,0,3479,6
POSITIONS,2026-09-26,coordinator edit,33279,0,33279,36
POSITIONS,2026-09-26,worker (probe/judgement/review),1322,0,1322,3
POSITIONS,2026-09-27,consolidation,0,-25911,-25911,2
POSITIONS,2026-09-27,coordinator edit,11562,-26,11536,16
POSITIONS,2026-09-28,coordinator edit,10077,0,10077,12
POSITIONS,2026-09-29,consolidation,0,-8080,-8080,4
POSITIONS,2026-09-29,coordinator edit,20120,0,20120,16
POSITIONS,2026-09-30,consolidation,380,-34100,-33720,2
POSITIONS,2026-09-30,coordinator edit,978,0,978,3
POSITIONS,2026-10-02,batch,327,0,327,1
POSITIONS,2026-10-02,coordinator edit,3255,-5,3250,7
POSITIONS,2026-10-03,coordinator edit,2005,0,2005,4
POSITIONS,2026-10-04,coordinator edit,2164,0,2164,5
POSITIONS,2026-10-05,coordinator edit,1276,0,1276,2
POSITIONS,2026-10-05,worker (probe/judgement/review),1178,0,1178,1
POSITIONS,2026-10-06,coordinator edit,1168,0,1168,2
POSITIONS,2026-10-07,coordinator edit,2895,0,2895,4
POSITIONS,2026-10-08,coordinator edit,8282,-331,7951,17
POSITIONS,2026-10-08,worker (probe/judgement/review),181,0,181,1
POSITIONS,2026-10-09,coordinator edit,6375,0,6375,8
POSITIONS,2026-10-09,worker (probe/judgement/review),326,0,326,1
ledger,2026-09-09,worker (probe/judgement/review),39643,0,39643,1
ledger,2026-09-14,coordinator edit,5748,0,5748,1
ledger,2026-09-14,worker (probe/judgement/review),195996,0,195996,7
ledger,2026-09-15,coordinator edit,4311,0,4311,5
ledger,2026-09-15,worker (probe/judgement/review),36219,0,36219,2
ledger,2026-09-16,coordinator edit,43918,0,43918,1
ledger,2026-09-17,batch,19315,0,19315,8
ledger,2026-09-17,coordinator edit,32,-9,23,5
ledger,2026-09-17,worker (probe/judgement/review),38,0,38,1
ledger,2026-09-19,batch,60117,0,60117,10
ledger,2026-09-19,coordinator edit,18211,0,18211,3
ledger,2026-09-19,worker (probe/judgement/review),4557,0,4557,3
ledger,2026-09-20,batch,33451,0,33451,5
ledger,2026-09-21,coordinator edit,1208,0,1208,2
ledger,2026-09-22,batch,8112,0,8112,1
ledger,2026-09-22,coordinator edit,1858,0,1858,6
ledger,2026-09-23,batch,59977,-44,59933,10
ledger,2026-09-24,batch,33382,-42,33340,5
ledger,2026-09-24,coordinator edit,1285,0,1285,4
ledger,2026-09-24,worker (probe/judgement/review),0,0,0,1
ledger,2026-09-25,coordinator edit,742,0,742,1
ledger,2026-09-26,batch,86925,-36,86889,13
ledger,2026-09-26,coordinator edit,23220,0,23220,4
ledger,2026-09-26,worker (probe/judgement/review),556,0,556,1
ledger,2026-09-27,batch,76022,-51,75971,10
ledger,2026-09-27,consolidation,7041,0,7041,1
ledger,2026-09-28,batch,127506,-183,127323,21
ledger,2026-09-28,consolidation,6726,0,6726,2
ledger,2026-09-28,worker (probe/judgement/review),3079,0,3079,1
ledger,2026-09-29,batch,105042,-93,104949,11
ledger,2026-09-29,coordinator edit,9206,0,9206,2
ledger,2026-09-30,batch,68181,-135,68046,6
ledger,2026-10-02,batch,58531,-51,58480,6
ledger,2026-10-02,coordinator edit,251,0,251,1
ledger,2026-10-03,batch,106576,-120,106456,13
ledger,2026-10-03,coordinator edit,362,0,362,1
ledger,2026-10-08,coordinator edit,849,0,849,1
ledger,2026-10-08,worker (probe/judgement/review),809,-705887,-705078,2
ledger,2026-10-09,batch,54360,-16373,37987,17
ledger,2026-10-09,coordinator edit,1094,0,1094,2
