batch,landing_commit,landing_utc,ledger_rows,ledger_chars,facts_chars,positions_chars,index_chars,d_ledger_rows,d_ledger_chars,d_facts_chars,d_positions_chars,d_index_chars,code_commits
ladder climb,266e437a5,2026-09-17 14:38:04Z,317,345211,52901,6628,14871,317,345211,52901,6628,14871,1bd8d3ad1 cee79d3f1 4d419c9e8 b52a32ac2 9373985b4 54861b62a 2027f519b 40216550c
repair batch,ec68f731b,2026-09-19 03:20:02Z,327,367244,73945,9738,20766,10,22033,21044,3110,5895,42d51c474 6a63980bb
batch 1,261fedd71,2026-09-19 11:33:30Z,335,398949,98186,9738,21957,8,31705,24241,0,1191,b70ed4590 6823d52b6 d928b9a54 45cad71c3
batch 2,28f3f308a,2026-09-20 10:43:10Z,352,461547,103965,17092,28936,17,62598,5779,7354,6979,4e4b80253 d98024425 4ed46558d a27e27ef0
batch 3,99c4715ac,2026-09-23 04:36:13Z,376,532658,83947,33510,53423,24,71111,-20018,16418,24487,a7ced6764 c2b4e2c95 9782955b1 6bec1b004 d28cf74d0 763ba87bc 94325f0d5 5c1f44b82
batch 3.5,666a24d06,2026-09-24 04:49:01Z,385,565998,99657,38656,62168,9,33340,15710,5146,8745,ce0c7f453 d6faad28f c9faa7df4
batch 4,cb5bd2dd5,2026-09-26 07:02:38Z,402,618047,108179,57203,66844,17,52049,8522,18547,4676,3f297441c 57600bc27 b628871a2 b5acbe591
batch 5,ebc134652,2026-09-26 17:54:37Z,419,656425,140194,81737,78672,17,38378,32015,24534,11828,e893a3e00 3924e7ec3 396ee649f ab914b6e0 eb2d7e1e6 09d8dd4a1
batch 6,6d4179307,2026-09-27 07:52:01Z,444,715637,163060,64319,85250,25,59212,22866,-17418,6578,d846e3644 d9c415395 21c91d8e4 d65892d34
batch 6b,66c5fc7c8,2026-09-27 14:38:08Z,452,754661,175862,69384,95095,8,39024,12802,5065,9845,917bb7b32 519cb8ce3
batch 7,deadeba01,2026-09-28 04:04:09Z,472,799259,215319,75300,101504,20,44598,39457,5916,6409,de22fd928 952892a00 f3b62bc83
batch 7R,65f1e40ca,2026-09-28 11:57:37Z,485,835153,226761,78484,102583,13,35894,11442,3184,1079,3be1fecd7 17c6052bb efff9ff1d
batch 7C,cd9305c2d,2026-09-28 16:48:12Z,491,859824,243355,80455,102583,6,24671,16594,1971,0,079f54ea9 d8e0cd28e f052e82f5
batch 6.5,d9c62446e,2026-09-28 22:12:44Z,501,894238,260180,83477,102802,10,34414,16825,3022,219,fd5cb4864 581356f32 abc99d512
batch N,3fb0cd8c1,2026-09-29 09:44:08Z,517,964443,286982,88255,107865,16,70205,26802,4778,5063,8dc1a74d9 041682188 f54ffac90 2770550c3 47320a712
batch 6.5b,e3214cbf1,2026-09-29 17:34:08Z,531,1003779,303994,95117,109540,14,39336,17012,6862,1675,e455ccd98 413f36ac0 b6ee84f70
batch 7b,b0eb41516,2026-09-30 08:08:59Z,557,1081031,352152,98508,120859,26,77252,48158,3391,11319,e2f1aa7e8 576b4c287 8f7e183d4 070ef39e5
batch 8,6416d216f,2026-10-02 20:29:58Z,585,1139511,227041,67043,123566,28,58480,-125111,-31465,2707,f3032eed8 9d2e4c856 70d5486f9 0ae526b31 2c697fe52
batch 9,cec70988b,2026-10-03 03:21:03Z,608,1188819,233823,68252,125524,23,49308,6782,1209,1958,669b77d03 7ed2a8387 631fb867e 1e176516c ba3651b94
batch 10,ec718967a,2026-10-03 10:58:18Z,638,1246218,244713,70257,132996,30,57399,10890,2005,7472,a1b5c253d a9b9933e6 833420ce4 aa07efb31
