# Per-declaration error counts of the distance stage, in the order the checker ran them (the shadow's @@TC DECL-OK / DECL-CRASH lines: target, marker, node, span, errors), 2026-09-28 on the sources of 0f00db11a. The cache-on run and the cache-off run print this list byte for byte (sha256 a37bf316c1ba2e6b both); row 488's sites are FortressLibrary's declarations 35 (:302-306), 38 (:312-316), 89 (:1534-1535), 290 (:3415-3420) and 294 (:3435-3440).
Library/FortressLibrary.fss	DECL-OK	FnDecl	FortressLibrary.fss:33:1-37:4	errors=0
Library/FortressLibrary.fss	DECL-OK	FnDecl	FortressLibrary.fss:39:1-43:4	errors=0
Library/FortressLibrary.fss	DECL-OK	FnDecl	FortressLibrary.fss:47:1-22	errors=0
Library/FortressLibrary.fss	DECL-OK	FnDecl	FortressLibrary.fss:49:1-51:26	errors=0
Library/FortressLibrary.fss	DECL-OK	FnDecl	FortressLibrary.fss:52:1-75:4	errors=0
Library/FortressLibrary.fss	DECL-OK	FnDecl	FortressLibrary.fss:54:1-75:4	errors=0
Library/FortressLibrary.fss	DECL-OK	FnDecl	FortressLibrary.fss:65:1-75:4	errors=0
Library/FortressLibrary.fss	DECL-OK	FnDecl	FortressLibrary.fss:67:1-75:4	errors=0
Library/FortressLibrary.fss	DECL-OK	FnDecl	FortressLibrary.fss:69:1-75:4	errors=0
Library/FortressLibrary.fss	DECL-OK	TraitDecl	FortressLibrary.fss:75:1-78:2	errors=0
Library/FortressLibrary.fss	DECL-OK	ObjectDecl	FortressLibrary.fss:80:1-83:2	errors=0
Library/FortressLibrary.fss	DECL-OK	FnDecl	FortressLibrary.fss:85:1-87:43	errors=0
Library/FortressLibrary.fss	DECL-OK	FnDecl	FortressLibrary.fss:88:1-37	errors=0
Library/FortressLibrary.fss	DECL-OK	FnDecl	FortressLibrary.fss:90:1-94:62	errors=0
Library/FortressLibrary.fss	DECL-OK	FnDecl	FortressLibrary.fss:96:1-39	errors=0
Library/FortressLibrary.fss	DECL-OK	FnDecl	FortressLibrary.fss:98:1-42	errors=0
Library/FortressLibrary.fss	DECL-OK	TraitDecl	FortressLibrary.fss:100:1-102:2	errors=0
Library/FortressLibrary.fss	DECL-OK	ObjectDecl	FortressLibrary.fss:106:1-114:2	errors=0
Library/FortressLibrary.fss	DECL-OK	ObjectDecl	FortressLibrary.fss:116:1-124:2	errors=0
Library/FortressLibrary.fss	DECL-OK	FnDecl	FortressLibrary.fss:126:1-127:76	errors=0
Library/FortressLibrary.fss	DECL-OK	FnDecl	FortressLibrary.fss:129:1-130:107	errors=1
Library/FortressLibrary.fss	DECL-OK	TraitDecl	FortressLibrary.fss:132:1-146:2	errors=0
Library/FortressLibrary.fss	DECL-OK	ObjectDecl	FortressLibrary.fss:150:1-156:2	errors=0
Library/FortressLibrary.fss	DECL-OK	TraitDecl	FortressLibrary.fss:158:1-179:2	errors=0
Library/FortressLibrary.fss	DECL-OK	ObjectDecl	FortressLibrary.fss:181:1-191:2	errors=0
Library/FortressLibrary.fss	DECL-OK	ObjectDecl	FortressLibrary.fss:193:1-202:2	errors=0
Library/FortressLibrary.fss	DECL-OK	ObjectDecl	FortressLibrary.fss:204:1-214:2	errors=0
Library/FortressLibrary.fss	DECL-OK	TraitDecl	FortressLibrary.fss:219:1-232:2	errors=4
Library/FortressLibrary.fss	DECL-OK	TraitDecl	FortressLibrary.fss:241:1-243:2	errors=0
Library/FortressLibrary.fss	DECL-OK	TraitDecl	FortressLibrary.fss:252:1-254:2	errors=0
Library/FortressLibrary.fss	DECL-OK	TraitDecl	FortressLibrary.fss:263:1-268:2	errors=0
Library/FortressLibrary.fss	DECL-OK	TraitDecl	FortressLibrary.fss:276:1-289:2	errors=24
Library/FortressLibrary.fss	DECL-OK	FnDecl	FortressLibrary.fss:292:1-295:6	errors=0
Library/FortressLibrary.fss	DECL-OK	FnDecl	FortressLibrary.fss:297:1-300:6	errors=0
Library/FortressLibrary.fss	DECL-OK	FnDecl	FortressLibrary.fss:302:1-306:6	errors=3
Library/FortressLibrary.fss	DECL-OK	FnDecl	FortressLibrary.fss:308:1-42	errors=0
Library/FortressLibrary.fss	DECL-OK	FnDecl	FortressLibrary.fss:310:1-69	errors=0
Library/FortressLibrary.fss	DECL-OK	FnDecl	FortressLibrary.fss:312:1-316:6	errors=3
Library/FortressLibrary.fss	DECL-OK	FnDecl	FortressLibrary.fss:318:1-326:2	errors=1
Library/FortressLibrary.fss	DECL-OK	TraitDecl	FortressLibrary.fss:334:1-25	errors=0
Library/FortressLibrary.fss	DECL-OK	TraitDecl	FortressLibrary.fss:337:1-342:2	errors=2
Library/FortressLibrary.fss	DECL-OK	TraitDecl	FortressLibrary.fss:345:1-30	errors=0
Library/FortressLibrary.fss	DECL-OK	TraitDecl	FortressLibrary.fss:349:1-356:2	errors=0
Library/FortressLibrary.fss	DECL-OK	TraitDecl	FortressLibrary.fss:358:1-372:2	errors=0
Library/FortressLibrary.fss	DECL-OK	FnDecl	FortressLibrary.fss:374:1-383:6	errors=0
Library/FortressLibrary.fss	DECL-OK	TraitDecl	FortressLibrary.fss:385:1-501:2	errors=0
Library/FortressLibrary.fss	DECL-OK	FnDecl	FortressLibrary.fss:503:1-548:9	errors=1
Library/FortressLibrary.fss	DECL-OK	TraitDecl	FortressLibrary.fss:550:1-632:2	errors=12
Library/FortressLibrary.fss	DECL-OK	ObjectDecl	FortressLibrary.fss:634:1-645:2	errors=0
Library/FortressLibrary.fss	DECL-OK	TraitDecl	FortressLibrary.fss:647:1-80	errors=0
Library/FortressLibrary.fss	DECL-OK	TraitDecl	FortressLibrary.fss:650:1-692:2	errors=9
Library/FortressLibrary.fss	DECL-OK	TraitDecl	FortressLibrary.fss:694:1-764:2	errors=0
Library/FortressLibrary.fss	DECL-OK	TraitDecl	FortressLibrary.fss:766:1-848:2	errors=0
Library/FortressLibrary.fss	DECL-OK	TraitDecl	FortressLibrary.fss:850:1-912:2	errors=0
Library/FortressLibrary.fss	DECL-OK	TraitDecl	FortressLibrary.fss:914:1-1000:2	errors=0
Library/FortressLibrary.fss	DECL-OK	TraitDecl	FortressLibrary.fss:1011:1-1023:2	errors=0
Library/FortressLibrary.fss	DECL-OK	FnDecl	FortressLibrary.fss:1026:1-1028:42	errors=0
Library/FortressLibrary.fss	DECL-OK	FnDecl	FortressLibrary.fss:1029:1-1031:48	errors=0
Library/FortressLibrary.fss	DECL-OK	FnDecl	FortressLibrary.fss:1032:1-1064:3	errors=0
Library/FortressLibrary.fss	DECL-OK	TraitDecl	FortressLibrary.fss:1065:1-1163:12	errors=0
Library/FortressLibrary.fss	DECL-OK	FnDecl	FortressLibrary.fss:1171:1-1172:25	errors=0
Library/FortressLibrary.fss	DECL-OK	FnDecl	FortressLibrary.fss:1174:1-1175:20	errors=0
Library/FortressLibrary.fss	DECL-OK	FnDecl	FortressLibrary.fss:1177:1-59	errors=0
Library/FortressLibrary.fss	DECL-OK	FnDecl	FortressLibrary.fss:1179:1-62	errors=1
Library/FortressLibrary.fss	DECL-OK	FnDecl	FortressLibrary.fss:1181:1-70	errors=0
Library/FortressLibrary.fss	DECL-OK	FnDecl	FortressLibrary.fss:1182:1-1184:42	errors=0
Library/FortressLibrary.fss	DECL-OK	FnDecl	FortressLibrary.fss:1185:1-1193:21	errors=1
Library/FortressLibrary.fss	DECL-OK	FnDecl	FortressLibrary.fss:1194:1-1199:6	errors=0
Library/FortressLibrary.fss	DECL-OK	FnDecl	FortressLibrary.fss:1206:1-1214:2	errors=0
Library/FortressLibrary.fss	DECL-OK	FnDecl	FortressLibrary.fss:1222:1-1225:85	errors=0
Library/FortressLibrary.fss	DECL-CRASH	FnDecl	FortressLibrary.fss:1226:1-1230:4	inferred.
Library/FortressLibrary.fss	DECL-OK	FnDecl	FortressLibrary.fss:1252:1-1273:4	errors=1
Library/FortressLibrary.fss	DECL-OK	FnDecl	FortressLibrary.fss:1278:1-1281:2	errors=0
Library/FortressLibrary.fss	DECL-OK	TraitDecl	FortressLibrary.fss:1284:1-1303:22	errors=0
Library/FortressLibrary.fss	DECL-OK	TraitDecl	FortressLibrary.fss:1308:1-1347:12	errors=7
Library/FortressLibrary.fss	DECL-OK	FnDecl	FortressLibrary.fss:1350:1-1352:58	errors=0
Library/FortressLibrary.fss	DECL-OK	FnDecl	FortressLibrary.fss:1353:1-1357:2	errors=0
Library/FortressLibrary.fss	DECL-OK	FnDecl	FortressLibrary.fss:1357:1-1400:10	errors=0
Library/FortressLibrary.fss	DECL-OK	TraitDecl	FortressLibrary.fss:1400:1-1403:2	errors=0
Library/FortressLibrary.fss	DECL-OK	FnDecl	FortressLibrary.fss:1405:1-1414:51	errors=0
Library/FortressLibrary.fss	DECL-OK	TraitDecl	FortressLibrary.fss:1415:1-1419:2	errors=0
Library/FortressLibrary.fss	DECL-OK	ObjectDecl	FortressLibrary.fss:1421:1-1447:2	errors=1
Library/FortressLibrary.fss	DECL-OK	ObjectDecl	FortressLibrary.fss:1451:1-1474:2	errors=0
Library/FortressLibrary.fss	DECL-OK	TraitDecl	FortressLibrary.fss:1478:1-1482:2	errors=0
Library/FortressLibrary.fss	DECL-OK	TraitDecl	FortressLibrary.fss:1489:1-1495:2	errors=0
Library/FortressLibrary.fss	DECL-OK	ObjectDecl	FortressLibrary.fss:1497:1-1520:2	errors=0
Library/FortressLibrary.fss	DECL-OK	ObjectDecl	FortressLibrary.fss:1522:1-1529:2	errors=0
Library/FortressLibrary.fss	DECL-OK	FnDecl	FortressLibrary.fss:1531:1-1532:82	errors=0
Library/FortressLibrary.fss	DECL-OK	FnDecl	FortressLibrary.fss:1534:1-1535:111	errors=1
Library/FortressLibrary.fss	DECL-OK	ObjectDecl	FortressLibrary.fss:1537:1-1544:2	errors=0
Library/FortressLibrary.fss	DECL-OK	FnDecl	FortressLibrary.fss:1546:1-1547:82	errors=0
Library/FortressLibrary.fss	DECL-OK	FnDecl	FortressLibrary.fss:1549:1-1554:62	errors=1
Library/FortressLibrary.fss	DECL-OK	TraitDecl	FortressLibrary.fss:1556:1-1557:2	errors=0
Library/FortressLibrary.fss	DECL-OK	TraitDecl	FortressLibrary.fss:1561:1-1562:2	errors=0
Library/FortressLibrary.fss	DECL-OK	ObjectDecl	FortressLibrary.fss:1564:1-1566:2	errors=0
Library/FortressLibrary.fss	DECL-OK	ObjectDecl	FortressLibrary.fss:1568:1-1570:2	errors=0
Library/FortressLibrary.fss	DECL-OK	ObjectDecl	FortressLibrary.fss:1572:1-1574:2	errors=0
Library/FortressLibrary.fss	DECL-OK	ObjectDecl	FortressLibrary.fss:1576:1-1578:2	errors=0
Library/FortressLibrary.fss	DECL-OK	ObjectDecl	FortressLibrary.fss:1580:1-1582:2	errors=0
Library/FortressLibrary.fss	DECL-OK	ObjectDecl	FortressLibrary.fss:1584:1-1586:2	errors=0
Library/FortressLibrary.fss	DECL-OK	ObjectDecl	FortressLibrary.fss:1588:1-1590:2	errors=0
Library/FortressLibrary.fss	DECL-OK	ObjectDecl	FortressLibrary.fss:1592:1-1594:2	errors=0
Library/FortressLibrary.fss	DECL-OK	ObjectDecl	FortressLibrary.fss:1596:1-1598:2	errors=0
Library/FortressLibrary.fss	DECL-OK	ObjectDecl	FortressLibrary.fss:1600:1-1602:2	errors=0
Library/FortressLibrary.fss	DECL-OK	ObjectDecl	FortressLibrary.fss:1604:1-1606:2	errors=0
Library/FortressLibrary.fss	DECL-OK	ObjectDecl	FortressLibrary.fss:1609:1-1611:2	errors=0
Library/FortressLibrary.fss	DECL-OK	ObjectDecl	FortressLibrary.fss:1613:1-1615:2	errors=0
Library/FortressLibrary.fss	DECL-OK	ObjectDecl	FortressLibrary.fss:1617:1-1619:2	errors=0
Library/FortressLibrary.fss	DECL-OK	ObjectDecl	FortressLibrary.fss:1621:1-1623:2	errors=0
Library/FortressLibrary.fss	DECL-OK	ObjectDecl	FortressLibrary.fss:1625:1-1627:2	errors=0
Library/FortressLibrary.fss	DECL-OK	ObjectDecl	FortressLibrary.fss:1629:1-1631:2	errors=0
Library/FortressLibrary.fss	DECL-OK	ObjectDecl	FortressLibrary.fss:1633:1-1635:2	errors=0
Library/FortressLibrary.fss	DECL-OK	TraitDecl	FortressLibrary.fss:1639:1-1640:2	errors=0
Library/FortressLibrary.fss	DECL-OK	ObjectDecl	FortressLibrary.fss:1642:1-1644:2	errors=0
Library/FortressLibrary.fss	DECL-OK	ObjectDecl	FortressLibrary.fss:1646:1-1648:2	errors=0
Library/FortressLibrary.fss	DECL-OK	ObjectDecl	FortressLibrary.fss:1650:1-1652:2	errors=0
Library/FortressLibrary.fss	DECL-OK	ObjectDecl	FortressLibrary.fss:1655:1-1657:2	errors=0
Library/FortressLibrary.fss	DECL-OK	ObjectDecl	FortressLibrary.fss:1659:1-1661:2	errors=0
Library/FortressLibrary.fss	DECL-OK	ObjectDecl	FortressLibrary.fss:1663:1-1665:2	errors=0
Library/FortressLibrary.fss	DECL-OK	ObjectDecl	FortressLibrary.fss:1667:1-1669:2	errors=0
Library/FortressLibrary.fss	DECL-OK	ObjectDecl	FortressLibrary.fss:1671:1-1673:2	errors=0
Library/FortressLibrary.fss	DECL-OK	ObjectDecl	FortressLibrary.fss:1675:1-1677:2	errors=0
Library/FortressLibrary.fss	DECL-OK	ObjectDecl	FortressLibrary.fss:1680:1-1682:2	errors=0
Library/FortressLibrary.fss	DECL-OK	FnDecl	FortressLibrary.fss:1688:1-1691:2	errors=0
Library/FortressLibrary.fss	DECL-OK	TraitDecl	FortressLibrary.fss:1693:1-1698:2	errors=0
Library/FortressLibrary.fss	DECL-OK	TraitDecl	FortressLibrary.fss:1701:1-1703:2	errors=0
Library/FortressLibrary.fss	DECL-OK	TraitDecl	FortressLibrary.fss:1708:1-1709:2	errors=0
Library/FortressLibrary.fss	DECL-OK	TraitDecl	FortressLibrary.fss:1711:1-1712:2	errors=0
Library/FortressLibrary.fss	DECL-OK	TraitDecl	FortressLibrary.fss:1714:1-1715:2	errors=0
Library/FortressLibrary.fss	DECL-OK	TraitDecl	FortressLibrary.fss:1721:1-44	errors=0
Library/FortressLibrary.fss	DECL-OK	TraitDecl	FortressLibrary.fss:1723:1-44	errors=0
Library/FortressLibrary.fss	DECL-OK	TraitDecl	FortressLibrary.fss:1725:1-44	errors=0
Library/FortressLibrary.fss	DECL-OK	TraitDecl	FortressLibrary.fss:1745:1-1823:2	errors=1
Library/FortressLibrary.fss	DECL-OK	TraitDecl	FortressLibrary.fss:1825:1-1831:2	errors=0
Library/FortressLibrary.fss	DECL-OK	ObjectDecl	FortressLibrary.fss:1833:1-1842:2	errors=0
Library/FortressLibrary.fss	DECL-OK	TraitDecl	FortressLibrary.fss:1844:1-1856:2	errors=1
Library/FortressLibrary.fss	DECL-OK	FnDecl	FortressLibrary.fss:1858:1-1865:4	errors=0
Library/FortressLibrary.fss	DECL-OK	TraitDecl	FortressLibrary.fss:1875:1-1889:2	errors=1
Library/FortressLibrary.fss	DECL-OK	TraitDecl	FortressLibrary.fss:1898:1-1907:2	errors=0
Library/FortressLibrary.fss	DECL-OK	TraitDecl	FortressLibrary.fss:1911:1-1977:2	errors=0
Library/FortressLibrary.fss	DECL-OK	TraitDecl	FortressLibrary.fss:1979:1-1993:2	errors=0
Library/FortressLibrary.fss	DECL-OK	TraitDecl	FortressLibrary.fss:1995:1-2027:2	errors=0
Library/FortressLibrary.fss	DECL-OK	FnDecl	FortressLibrary.fss:2031:1-70	errors=1
Library/FortressLibrary.fss	DECL-OK	FnDecl	FortressLibrary.fss:2032:1-2033:49	errors=1
Library/FortressLibrary.fss	DECL-OK	FnDecl	FortressLibrary.fss:2034:1-2038:67	errors=1
Library/FortressLibrary.fss	DECL-OK	FnDecl	FortressLibrary.fss:2039:1-2040:19	errors=0
Library/FortressLibrary.fss	DECL-OK	FnDecl	FortressLibrary.fss:2041:1-2042:43	errors=0
Library/FortressLibrary.fss	DECL-OK	FnDecl	FortressLibrary.fss:2043:1-2047:44	errors=0
Library/FortressLibrary.fss	DECL-OK	FnDecl	FortressLibrary.fss:2048:1-2058:67	errors=1
Library/FortressLibrary.fss	DECL-OK	FnDecl	FortressLibrary.fss:2059:1-2066:3	errors=0
Library/FortressLibrary.fss	DECL-OK	FnDecl	FortressLibrary.fss:2068:1-79	errors=1
Library/FortressLibrary.fss	DECL-OK	FnDecl	FortressLibrary.fss:2069:1-2070:28	errors=0
Library/FortressLibrary.fss	DECL-OK	FnDecl	FortressLibrary.fss:2072:1-2073:38	errors=1
Library/FortressLibrary.fss	DECL-OK	FnDecl	FortressLibrary.fss:2074:1-2080:56	errors=0
Library/FortressLibrary.fss	DECL-OK	TraitDecl	FortressLibrary.fss:2081:1-2087:2	errors=0
Library/FortressLibrary.fss	DECL-OK	TraitDecl	FortressLibrary.fss:2090:1-2108:2	errors=4
Library/FortressLibrary.fss	DECL-OK	FnDecl	FortressLibrary.fss:2115:1-2118:4	errors=1
Library/FortressLibrary.fss	DECL-OK	TraitDecl	FortressLibrary.fss:2124:1-2155:2	errors=0
Library/FortressLibrary.fss	DECL-OK	TraitDecl	FortressLibrary.fss:2157:1-2208:2	errors=3
Library/FortressLibrary.fss	DECL-OK	TraitDecl	FortressLibrary.fss:2212:1-2258:2	errors=3
Library/FortressLibrary.fss	DECL-OK	FnDecl	FortressLibrary.fss:2261:1-2264:28	errors=0
Library/FortressLibrary.fss	DECL-OK	FnDecl	FortressLibrary.fss:2266:1-2276:45	errors=0
Library/FortressLibrary.fss	DECL-OK	ObjectDecl	FortressLibrary.fss:2277:1-2289:2	errors=0
Library/FortressLibrary.fss	DECL-OK	ObjectDecl	FortressLibrary.fss:2292:1-2304:2	errors=1
Library/FortressLibrary.fss	DECL-OK	TraitDecl	FortressLibrary.fss:2306:1-18	errors=0
Library/FortressLibrary.fss	DECL-OK	TraitDecl	FortressLibrary.fss:2308:1-2321:2	errors=18
Library/FortressLibrary.fss	DECL-OK	ObjectDecl	FortressLibrary.fss:2323:1-2329:2	errors=0
Library/FortressLibrary.fss	DECL-OK	FnDecl	FortressLibrary.fss:2337:1-2343:4	errors=4
Library/FortressLibrary.fss	DECL-OK	FnDecl	FortressLibrary.fss:2348:1-2354:4	errors=4
Library/FortressLibrary.fss	DECL-OK	FnDecl	FortressLibrary.fss:2356:1-2358:41	errors=1
Library/FortressLibrary.fss	DECL-OK	FnDecl	FortressLibrary.fss:2359:1-2363:6	errors=0
Library/FortressLibrary.fss	DECL-OK	FnDecl	FortressLibrary.fss:2364:1-68	errors=0
Library/FortressLibrary.fss	DECL-OK	FnDecl	FortressLibrary.fss:2365:1-88	errors=0
Library/FortressLibrary.fss	DECL-OK	FnDecl	FortressLibrary.fss:2367:1-2370:77	errors=0
Library/FortressLibrary.fss	DECL-OK	FnDecl	FortressLibrary.fss:2371:1-79	errors=0
Library/FortressLibrary.fss	DECL-OK	FnDecl	FortressLibrary.fss:2372:1-2373:28	errors=1
Library/FortressLibrary.fss	DECL-OK	FnDecl	FortressLibrary.fss:2374:1-2375:33	errors=1
Library/FortressLibrary.fss	DECL-OK	FnDecl	FortressLibrary.fss:2377:1-2378:69	errors=0
Library/FortressLibrary.fss	DECL-OK	FnDecl	FortressLibrary.fss:2380:1-2381:69	errors=0
Library/FortressLibrary.fss	DECL-OK	FnDecl	FortressLibrary.fss:2383:1-2384:67	errors=0
Library/FortressLibrary.fss	DECL-OK	FnDecl	FortressLibrary.fss:2386:1-2387:73	errors=0
Library/FortressLibrary.fss	DECL-OK	FnDecl	FortressLibrary.fss:2389:1-2390:71	errors=0
Library/FortressLibrary.fss	DECL-OK	FnDecl	FortressLibrary.fss:2392:1-2393:74	errors=0
Library/FortressLibrary.fss	DECL-OK	FnDecl	FortressLibrary.fss:2395:1-2396:71	errors=0
Library/FortressLibrary.fss	DECL-OK	FnDecl	FortressLibrary.fss:2398:1-71	errors=0
Library/FortressLibrary.fss	DECL-OK	FnDecl	FortressLibrary.fss:2400:1-2407:48	errors=0
Library/FortressLibrary.fss	DECL-CRASH	TraitDecl	FortressLibrary.fss:2408:1-2522:2	FortressLibrary.ZZ32->Any
Library/FortressLibrary.fss	DECL-OK	FnDecl	FortressLibrary.fss:2525:1-2531:4	errors=0
Library/FortressLibrary.fss	DECL-OK	ObjectDecl	FortressLibrary.fss:2534:1-2540:2	errors=0
Library/FortressLibrary.fss	DECL-OK	ObjectDecl	FortressLibrary.fss:2544:1-2561:2	errors=0
Library/FortressLibrary.fss	DECL-OK	ObjectDecl	FortressLibrary.fss:2570:1-2590:2	errors=0
Library/FortressLibrary.fss	DECL-OK	ObjectDecl	FortressLibrary.fss:2592:1-2601:2	errors=0
Library/FortressLibrary.fss	DECL-OK	ObjectDecl	FortressLibrary.fss:2603:1-2612:2	errors=0
Library/FortressLibrary.fss	DECL-OK	TraitDecl	FortressLibrary.fss:2614:1-18	errors=0
Library/FortressLibrary.fss	DECL-OK	TraitDecl	FortressLibrary.fss:2616:1-2679:2	errors=35
Library/FortressLibrary.fss	DECL-OK	ObjectDecl	FortressLibrary.fss:2682:1-2688:2	errors=0
Library/FortressLibrary.fss	DECL-OK	ObjectDecl	FortressLibrary.fss:2690:1-2708:2	errors=3
Library/FortressLibrary.fss	DECL-OK	FnDecl	FortressLibrary.fss:2710:1-2715:6	errors=1
Library/FortressLibrary.fss	DECL-OK	FnDecl	FortressLibrary.fss:2719:1-2723:6	errors=0
Library/FortressLibrary.fss	DECL-OK	FnDecl	FortressLibrary.fss:2724:1-2725:29	errors=0
Library/FortressLibrary.fss	DECL-OK	FnDecl	FortressLibrary.fss:2726:1-2731:50	errors=0
Library/FortressLibrary.fss	DECL-OK	FnDecl	FortressLibrary.fss:2732:1-2733:30	errors=0
Library/FortressLibrary.fss	DECL-OK	FnDecl	FortressLibrary.fss:2734:1-2739:22	errors=4
Library/FortressLibrary.fss	DECL-OK	FnDecl	FortressLibrary.fss:2740:1-2742:27	errors=0
Library/FortressLibrary.fss	DECL-OK	FnDecl	FortressLibrary.fss:2744:1-2749:34	errors=0
Library/FortressLibrary.fss	DECL-OK	FnDecl	FortressLibrary.fss:2750:1-2751:72	errors=0
Library/FortressLibrary.fss	DECL-OK	FnDecl	FortressLibrary.fss:2753:1-2756:34	errors=0
Library/FortressLibrary.fss	DECL-OK	FnDecl	FortressLibrary.fss:2757:1-2758:72	errors=0
Library/FortressLibrary.fss	DECL-OK	FnDecl	FortressLibrary.fss:2760:1-2761:70	errors=0
Library/FortressLibrary.fss	DECL-OK	FnDecl	FortressLibrary.fss:2763:1-2764:77	errors=0
Library/FortressLibrary.fss	DECL-OK	FnDecl	FortressLibrary.fss:2766:1-2767:75	errors=0
Library/FortressLibrary.fss	DECL-OK	FnDecl	FortressLibrary.fss:2769:1-2770:77	errors=0
Library/FortressLibrary.fss	DECL-OK	FnDecl	FortressLibrary.fss:2772:1-2780:27	errors=0
Library/FortressLibrary.fss	DECL-CRASH	TraitDecl	FortressLibrary.fss:2781:1-2894:2	FortressLibrary.ZZ32->Any
Library/FortressLibrary.fss	DECL-OK	FnDecl	FortressLibrary.fss:2897:1-2903:64	errors=0
Library/FortressLibrary.fss	DECL-OK	ObjectDecl	FortressLibrary.fss:2905:1-2914:2	errors=0
Library/FortressLibrary.fss	DECL-OK	ObjectDecl	FortressLibrary.fss:2923:1-2933:2	errors=0
Library/FortressLibrary.fss	DECL-OK	FnDecl	FortressLibrary.fss:2935:1-2937:43	errors=0
Library/FortressLibrary.fss	DECL-OK	FnDecl	FortressLibrary.fss:2939:1-2940:39	errors=0
Library/FortressLibrary.fss	DECL-OK	FnDecl	FortressLibrary.fss:2941:1-2942:32	errors=0
Library/FortressLibrary.fss	DECL-OK	FnDecl	FortressLibrary.fss:2943:1-2958:62	errors=0
Library/FortressLibrary.fss	DECL-OK	TraitDecl	FortressLibrary.fss:2960:1-2964:2	errors=0
Library/FortressLibrary.fss	DECL-OK	ObjectDecl	FortressLibrary.fss:2966:1-2971:2	errors=0
Library/FortressLibrary.fss	DECL-OK	TraitDecl	FortressLibrary.fss:2977:1-2996:2	errors=0
Library/FortressLibrary.fss	DECL-OK	TraitDecl	FortressLibrary.fss:2998:1-3000:2	errors=0
Library/FortressLibrary.fss	DECL-OK	ObjectDecl	FortressLibrary.fss:3002:1-3005:2	errors=0
Library/FortressLibrary.fss	DECL-OK	TraitDecl	FortressLibrary.fss:3007:1-3012:2	errors=0
Library/FortressLibrary.fss	DECL-OK	TraitDecl	FortressLibrary.fss:3014:1-3017:2	errors=0
Library/FortressLibrary.fss	DECL-OK	TraitDecl	FortressLibrary.fss:3020:1-3040:2	errors=2
Library/FortressLibrary.fss	DECL-OK	ObjectDecl	FortressLibrary.fss:3045:1-3065:2	errors=3
Library/FortressLibrary.fss	DECL-OK	TraitDecl	FortressLibrary.fss:3070:1-33	errors=0
Library/FortressLibrary.fss	DECL-OK	TraitDecl	FortressLibrary.fss:3072:1-3074:2	errors=0
Library/FortressLibrary.fss	DECL-OK	TraitDecl	FortressLibrary.fss:3077:1-3080:2	errors=1
Library/FortressLibrary.fss	DECL-OK	TraitDecl	FortressLibrary.fss:3082:1-3084:2	errors=0
Library/FortressLibrary.fss	DECL-OK	TraitDecl	FortressLibrary.fss:3086:1-3090:2	errors=0
Library/FortressLibrary.fss	DECL-OK	TraitDecl	FortressLibrary.fss:3092:1-3096:2	errors=0
Library/FortressLibrary.fss	DECL-OK	ObjectDecl	FortressLibrary.fss:3098:1-3101:2	errors=0
Library/FortressLibrary.fss	DECL-OK	ObjectDecl	FortressLibrary.fss:3103:1-3105:2	errors=0
Library/FortressLibrary.fss	DECL-OK	ObjectDecl	FortressLibrary.fss:3111:1-3116:2	errors=0
Library/FortressLibrary.fss	DECL-OK	TraitDecl	FortressLibrary.fss:3118:1-29	errors=0
Library/FortressLibrary.fss	DECL-OK	FnDecl	FortressLibrary.fss:3124:1-3135:6	errors=1
Library/FortressLibrary.fss	DECL-OK	FnDecl	FortressLibrary.fss:3137:1-3148:6	errors=1
Library/FortressLibrary.fss	DECL-OK	ObjectDecl	FortressLibrary.fss:3150:1-3153:2	errors=0
Library/FortressLibrary.fss	DECL-OK	ObjectDecl	FortressLibrary.fss:3155:1-3159:2	errors=0
Library/FortressLibrary.fss	DECL-OK	ObjectDecl	FortressLibrary.fss:3161:1-3165:2	errors=0
Library/FortressLibrary.fss	DECL-OK	ObjectDecl	FortressLibrary.fss:3167:1-3175:2	errors=0
Library/FortressLibrary.fss	DECL-OK	FnDecl	FortressLibrary.fss:3177:1-3178:43	errors=0
Library/FortressLibrary.fss	DECL-OK	FnDecl	FortressLibrary.fss:3180:1-3181:49	errors=0
Library/FortressLibrary.fss	DECL-OK	ObjectDecl	FortressLibrary.fss:3183:1-3189:2	errors=0
Library/FortressLibrary.fss	DECL-OK	FnDecl	FortressLibrary.fss:3191:1-3192:44	errors=0
Library/FortressLibrary.fss	DECL-OK	FnDecl	FortressLibrary.fss:3194:1-3195:50	errors=0
Library/FortressLibrary.fss	DECL-OK	ObjectDecl	FortressLibrary.fss:3197:1-3200:2	errors=0
Library/FortressLibrary.fss	DECL-OK	FnDecl	FortressLibrary.fss:3201:1-3202:49	errors=0
Library/FortressLibrary.fss	DECL-OK	FnDecl	FortressLibrary.fss:3203:1-3204:60	errors=0
Library/FortressLibrary.fss	DECL-OK	ObjectDecl	FortressLibrary.fss:3206:1-3209:2	errors=0
Library/FortressLibrary.fss	DECL-OK	FnDecl	FortressLibrary.fss:3210:1-3211:49	errors=0
Library/FortressLibrary.fss	DECL-OK	FnDecl	FortressLibrary.fss:3212:1-3213:60	errors=1
Library/FortressLibrary.fss	DECL-OK	ObjectDecl	FortressLibrary.fss:3215:1-3222:2	errors=0
Library/FortressLibrary.fss	DECL-OK	FnDecl	FortressLibrary.fss:3223:1-3225:97	errors=1
Library/FortressLibrary.fss	DECL-OK	FnDecl	FortressLibrary.fss:3226:1-3227:71	errors=1
Library/FortressLibrary.fss	DECL-OK	FnDecl	FortressLibrary.fss:3229:1-3231:84	errors=0
Library/FortressLibrary.fss	DECL-OK	FnDecl	FortressLibrary.fss:3233:1-3234:63	errors=1
Library/FortressLibrary.fss	DECL-OK	FnDecl	FortressLibrary.fss:3236:1-3238:84	errors=0
Library/FortressLibrary.fss	DECL-OK	FnDecl	FortressLibrary.fss:3240:1-3244:35	errors=1
Library/FortressLibrary.fss	DECL-OK	ObjectDecl	FortressLibrary.fss:3246:1-3259:2	errors=0
Library/FortressLibrary.fss	DECL-OK	FnDecl	FortressLibrary.fss:3260:1-3262:98	errors=0
Library/FortressLibrary.fss	DECL-OK	FnDecl	FortressLibrary.fss:3263:1-3264:78	errors=0
Library/FortressLibrary.fss	DECL-OK	ObjectDecl	FortressLibrary.fss:3266:1-3279:2	errors=0
Library/FortressLibrary.fss	DECL-OK	FnDecl	FortressLibrary.fss:3280:1-3282:98	errors=0
Library/FortressLibrary.fss	DECL-OK	FnDecl	FortressLibrary.fss:3283:1-3284:78	errors=0
Library/FortressLibrary.fss	DECL-OK	ObjectDecl	FortressLibrary.fss:3286:1-3299:2	errors=0
Library/FortressLibrary.fss	DECL-OK	FnDecl	FortressLibrary.fss:3300:1-3302:98	errors=0
Library/FortressLibrary.fss	DECL-OK	FnDecl	FortressLibrary.fss:3303:1-3304:78	errors=0
Library/FortressLibrary.fss	DECL-OK	ObjectDecl	FortressLibrary.fss:3306:1-3319:2	errors=0
Library/FortressLibrary.fss	DECL-OK	FnDecl	FortressLibrary.fss:3320:1-3322:98	errors=0
Library/FortressLibrary.fss	DECL-OK	FnDecl	FortressLibrary.fss:3323:1-3327:85	errors=0
Library/FortressLibrary.fss	DECL-OK	ObjectDecl	FortressLibrary.fss:3328:1-3335:2	errors=0
Library/FortressLibrary.fss	DECL-OK	FnDecl	FortressLibrary.fss:3337:1-3338:50	errors=0
Library/FortressLibrary.fss	DECL-OK	FnDecl	FortressLibrary.fss:3340:1-3341:77	errors=1
Library/FortressLibrary.fss	DECL-OK	ObjectDecl	FortressLibrary.fss:3343:1-3350:2	errors=0
Library/FortressLibrary.fss	DECL-OK	FnDecl	FortressLibrary.fss:3352:1-3353:49	errors=0
Library/FortressLibrary.fss	DECL-OK	FnDecl	FortressLibrary.fss:3355:1-3374:3	errors=0
Library/FortressLibrary.fss	DECL-OK	ObjectDecl	FortressLibrary.fss:3376:1-3381:2	errors=0
Library/FortressLibrary.fss	DECL-OK	FnDecl	FortressLibrary.fss:3383:1-3384:47	errors=0
Library/FortressLibrary.fss	DECL-OK	FnDecl	FortressLibrary.fss:3386:1-3389:51	errors=0
Library/FortressLibrary.fss	DECL-OK	ObjectDecl	FortressLibrary.fss:3390:1-3394:2	errors=0
Library/FortressLibrary.fss	DECL-OK	ObjectDecl	FortressLibrary.fss:3397:1-3401:2	errors=0
Library/FortressLibrary.fss	DECL-OK	ObjectDecl	FortressLibrary.fss:3404:1-3407:2	errors=0
Library/FortressLibrary.fss	DECL-OK	FnDecl	FortressLibrary.fss:3411:1-3413:62	errors=0
Library/FortressLibrary.fss	DECL-OK	FnDecl	FortressLibrary.fss:3415:1-3420:40	errors=1
Library/FortressLibrary.fss	DECL-OK	FnDecl	FortressLibrary.fss:3421:1-3423:61	errors=0
Library/FortressLibrary.fss	DECL-OK	FnDecl	FortressLibrary.fss:3425:1-3430:18	errors=0
Library/FortressLibrary.fss	DECL-OK	FnDecl	FortressLibrary.fss:3431:1-3433:54	errors=0
Library/FortressLibrary.fss	DECL-OK	FnDecl	FortressLibrary.fss:3435:1-3440:44	errors=0
Library/FortressLibrary.fss	DECL-OK	ObjectDecl	FortressLibrary.fss:3441:1-3445:2	errors=0
Library/FortressLibrary.fss	DECL-OK	ObjectDecl	FortressLibrary.fss:3450:1-3454:2	errors=1
Library/FortressLibrary.fss	DECL-OK	FnDecl	FortressLibrary.fss:3464:1-3470:21	errors=1
Library/FortressLibrary.fss	DECL-OK	TraitDecl	FortressLibrary.fss:3471:1-56	errors=0
Library/FortressLibrary.fss	DECL-OK	TraitDecl	FortressLibrary.fss:3473:1-3485:2	errors=2
Library/FortressLibrary.fss	DECL-OK	ObjectDecl	FortressLibrary.fss:3487:1-3491:2	errors=0
Library/FortressLibrary.fss	DECL-OK	ObjectDecl	FortressLibrary.fss:3493:1-3511:2	errors=2
Library/FortressLibrary.fss	DECL-OK	ObjectDecl	FortressLibrary.fss:3513:1-3519:2	errors=0
Library/FortressLibrary.fss	DECL-OK	TraitDecl	FortressLibrary.fss:3521:1-3533:2	errors=1
Library/FortressLibrary.fss	DECL-OK	ObjectDecl	FortressLibrary.fss:3535:1-3539:2	errors=0
Library/FortressLibrary.fss	DECL-OK	ObjectDecl	FortressLibrary.fss:3541:1-3547:2	errors=0
Library/FortressLibrary.fss	DECL-OK	TraitDecl	FortressLibrary.fss:3549:1-3572:2	errors=1
Library/FortressLibrary.fss	DECL-OK	ObjectDecl	FortressLibrary.fss:3574:1-3589:2	errors=1
Library/FortressLibrary.fss	DECL-OK	ObjectDecl	FortressLibrary.fss:3591:1-3597:2	errors=0
Library/FortressLibrary.fss	DECL-OK	TraitDecl	FortressLibrary.fss:3599:1-3610:2	errors=2
Library/FortressLibrary.fss	DECL-OK	ObjectDecl	FortressLibrary.fss:3612:1-3618:2	errors=1
Library/FortressLibrary.fss	DECL-OK	ObjectDecl	FortressLibrary.fss:3620:1-3626:2	errors=0
Library/FortressLibrary.fss	DECL-OK	TraitDecl	FortressLibrary.fss:3629:1-3635:2	errors=0
Library/FortressLibrary.fss	DECL-OK	ObjectDecl	FortressLibrary.fss:3637:1-3640:2	errors=0
Library/FortressLibrary.fss	DECL-OK	TraitDecl	FortressLibrary.fss:3642:1-3660:2	errors=0
Library/FortressLibrary.fss	DECL-OK	ObjectDecl	FortressLibrary.fss:3662:1-3665:2	errors=0
Library/FortressLibrary.fss	DECL-OK	ObjectDecl	FortressLibrary.fss:3682:1-3695:2	errors=2
Library/FortressLibrary.fss	DECL-OK	TraitDecl	FortressLibrary.fss:3707:1-3754:2	errors=2
Library/FortressLibrary.fss	DECL-OK	TraitDecl	FortressLibrary.fss:3756:1-45	errors=0
Library/FortressLibrary.fss	DECL-OK	TraitDecl	FortressLibrary.fss:3758:1-3770:2	errors=1
Library/FortressLibrary.fss	DECL-OK	ObjectDecl	FortressLibrary.fss:3772:1-3787:2	errors=5
Library/FortressLibrary.fss	DECL-OK	TraitDecl	FortressLibrary.fss:3789:1-3791:2	errors=0
Library/FortressLibrary.fss	DECL-OK	TraitDecl	FortressLibrary.fss:3793:1-3810:2	errors=1
Library/FortressLibrary.fss	DECL-OK	TraitDecl	FortressLibrary.fss:3812:1-3820:2	errors=0
Library/FortressLibrary.fss	DECL-OK	TraitDecl	FortressLibrary.fss:3822:1-3825:2	errors=0
Library/FortressLibrary.fss	DECL-OK	TraitDecl	FortressLibrary.fss:3827:1-3845:2	errors=1
Library/FortressLibrary.fss	DECL-OK	TraitDecl	FortressLibrary.fss:3847:1-3849:2	errors=0
Library/FortressLibrary.fss	DECL-OK	TraitDecl	FortressLibrary.fss:3851:1-3870:2	errors=2
Library/FortressLibrary.fss	DECL-OK	TraitDecl	FortressLibrary.fss:3872:1-3886:2	errors=3
Library/FortressLibrary.fss	DECL-OK	TraitDecl	FortressLibrary.fss:3888:1-3900:2	errors=3
Library/FortressLibrary.fss	DECL-OK	TraitDecl	FortressLibrary.fss:3902:1-53	errors=0
Library/FortressLibrary.fss	DECL-OK	FnDecl	FortressLibrary.fss:3905:1-71	errors=0
Library/FortressLibrary.fss	DECL-OK	FnDecl	FortressLibrary.fss:3906:1-3907:58	errors=0
Library/FortressLibrary.fss	DECL-OK	FnDecl	FortressLibrary.fss:3908:1-3911:6	errors=0
Library/FortressLibrary.fss	DECL-OK	FnDecl	FortressLibrary.fss:3913:1-3914:28	errors=0
Library/FortressLibrary.fss	DECL-OK	FnDecl	FortressLibrary.fss:3915:1-3916:60	errors=0
Library/FortressLibrary.fss	DECL-OK	FnDecl	FortressLibrary.fss:3917:1-3920:4	errors=0
Library/FortressLibrary.fss	DECL-OK	FnDecl	FortressLibrary.fss:3923:1-49	errors=0
Library/FortressLibrary.fss	DECL-OK	FnDecl	FortressLibrary.fss:3924:1-3927:4	errors=0
Library/FortressLibrary.fss	DECL-OK	FnDecl	FortressLibrary.fss:3928:1-3932:4	errors=0
Library/FortressLibrary.fss	DECL-OK	FnDecl	FortressLibrary.fss:3934:1-38	errors=0
Library/FortressLibrary.fss	DECL-OK	FnDecl	FortressLibrary.fss:3935:1-52	errors=0
Library/FortressLibrary.fss	DECL-OK	FnDecl	FortressLibrary.fss:3936:1-62	errors=0
Library/FortressLibrary.fss	DECL-OK	FnDecl	FortressLibrary.fss:3938:1-53	errors=0
Library/FortressLibrary.fss	DECL-OK	FnDecl	FortressLibrary.fss:3939:1-3940:39	errors=0
Library/FortressLibrary.fss	DECL-OK	FnDecl	FortressLibrary.fss:3941:1-3943:44	errors=0
Library/FortressLibrary.fss	DECL-OK	FnDecl	FortressLibrary.fss:3945:1-51	errors=0
Library/FortressLibrary.fss	DECL-OK	FnDecl	FortressLibrary.fss:3946:1-3947:38	errors=0
Library/FortressLibrary.fss	DECL-OK	FnDecl	FortressLibrary.fss:3948:1-3950:43	errors=0
Library/FortressLibrary.fss	DECL-OK	FnDecl	FortressLibrary.fss:3959:1-45	errors=0
Library/FortressLibrary.fss	DECL-OK	FnDecl	FortressLibrary.fss:3960:1-45	errors=0
Library/FortressLibrary.fss	DECL-OK	FnDecl	FortressLibrary.fss:3961:1-3970:3	errors=1
Library/FortressLibrary.fss	DECL-OK	FnDecl	FortressLibrary.fss:3972:1-39	errors=0
Library/FortressLibrary.fss	DECL-OK	FnDecl	FortressLibrary.fss:3973:1-53	errors=0
Library/FortressLibrary.fss	DECL-OK	FnDecl	FortressLibrary.fss:3974:1-63	errors=0
Library/FortressLibrary.fss	DECL-OK	FnDecl	FortressLibrary.fss:3976:1-50	errors=0
Library/FortressLibrary.fss	DECL-OK	FnDecl	FortressLibrary.fss:3977:1-3978:37	errors=0
Library/FortressLibrary.fss	DECL-OK	FnDecl	FortressLibrary.fss:3979:1-3980:42	errors=0
Library/FortressLibrary.fss	DECL-OK	FnDecl	FortressLibrary.fss:3982:1-49	errors=1
Library/FortressLibrary.fss	DECL-OK	FnDecl	FortressLibrary.fss:3983:1-70	errors=1
Library/FortressLibrary.fss	DECL-OK	FnDecl	FortressLibrary.fss:3984:1-4035:3	errors=1
Library/FortressLibrary.fss	DECL-OK	FnDecl	FortressLibrary.fss:4037:1-4040:3	errors=0
Library/FortressLibrary.fss	DECL-OK	FnDecl	FortressLibrary.fss:4042:1-4046:62	errors=0
Library/FortressLibrary.fss	DECL-OK	TraitDecl	FortressLibrary.fss:4048:1-4176:11	errors=10
Library/FortressLibrary.fss	DECL-OK	ObjectDecl	FortressLibrary.fss:4179:1-4193:2	errors=0
Library/FortressLibrary.fss	DECL-OK	FnDecl	FortressLibrary.fss:4195:1-4199:62	errors=1
Library/FortressLibrary.fss	DECL-OK	FnDecl	FortressLibrary.fss:4201:1-90	errors=0
Library/FortressLibrary.fss	DECL-OK	FnDecl	FortressLibrary.fss:4202:1-107	errors=0
Library/FortressLibrary.fss	DECL-OK	VarDecl	FortressLibrary.fss:4204:1-34	errors=0
Library/FortressLibrary.fss	DECL-OK	FnDecl	FortressLibrary.fss:4205:1-72	errors=0
Library/FortressLibrary.fss	DECL-OK	FnDecl	FortressLibrary.fss:4206:1-4212:4	errors=0
Library/FortressLibrary.fss	DECL-OK	FnDecl	FortressLibrary.fss:4214:1-104	errors=0
Library/FortressLibrary.fss	DECL-OK	FnDecl	FortressLibrary.fss:4216:1-95	errors=0
Library/FortressLibrary.fss	DECL-OK	FnDecl	FortressLibrary.fss:4217:1-47	errors=0
Library/FortressLibrary.fss	DECL-OK	FnDecl	FortressLibrary.fss:4219:1-4221:37	errors=0
Library/FortressLibrary.fss	DECL-OK	FnDecl	FortressLibrary.fss:4222:1-59	errors=0
Library/FortressLibrary.fss	DECL-OK	FnDecl	FortressLibrary.fss:4223:1-73	errors=0
Library/FortressLibrary.fss	DECL-OK	FnDecl	FortressLibrary.fss:4224:1-64	errors=0
Library/FortressLibrary.fss	DECL-OK	FnDecl	FortressLibrary.fss:4225:1-78	errors=0
Library/FortressLibrary.fss	DECL-OK	FnDecl	FortressLibrary.fss:4227:1-115	errors=0
Library/FortressLibrary.fss	DECL-OK	FnDecl	FortressLibrary.fss:4228:1-77	errors=0
Library/FortressLibrary.fss	DECL-OK	FnDecl	FortressLibrary.fss:4229:1-125	errors=0
Library/FortressLibrary.fss	DECL-OK	FnDecl	FortressLibrary.fss:4230:1-4232:89	errors=0
Library/FortressLibrary.fss	DECL-OK	FnDecl	FortressLibrary.fss:4233:1-22	errors=0
Library/FortressLibrary.fss	DECL-OK	FnDecl	FortressLibrary.fss:4234:1-26	errors=0
Library/FortressLibrary.fss	DECL-OK	FnDecl	FortressLibrary.fss:4235:1-32	errors=0
Library/FortressLibrary.fss	DECL-OK	FnDecl	FortressLibrary.fss:4236:1-37	errors=0
Library/FortressLibrary.fss	DECL-OK	FnDecl	FortressLibrary.fss:4238:1-4245:6	errors=0
Library/FortressLibrary.fss	DECL-OK	FnDecl	FortressLibrary.fss:4247:1-4252:6	errors=0
Library/FortressLibrary.fss	DECL-CRASH	FnDecl	FortressLibrary.fss:4266:1-4279:4	generated.:0:0
Library/FortressLibrary.fss	DECL-OK	FnDecl	FortressLibrary.fss:4282:1-4283:1	errors=0
Library/FortressLibrary.fss	DECL-CRASH	FnDecl	FortressLibrary.fss:4285:1-4290:2	generated.:0:0
Library/FortressLibrary.fss	DECL-OK	FnDecl	FortressLibrary.fss:4294:1-4298:88	errors=0
Library/FortressLibrary.fss	DECL-OK	FnDecl	FortressLibrary.fss:4299:1-4303:88	errors=0
Library/FortressLibrary.fss	DECL-OK	FnDecl	FortressLibrary.fss:4304:1-4306:76	errors=0
Library/FortressLibrary.fss	DECL-OK	FnDecl	FortressLibrary.fss:4307:1-116	errors=0
Library/FortressLibrary.fss	DECL-OK	FnDecl	FortressLibrary.fss:4308:1-117	errors=0
Library/FortressLibrary.fss	DECL-OK	FnDecl	FortressLibrary.fss:4310:1-116	errors=0
Library/FortressLibrary.fss	DECL-OK	FnDecl	FortressLibrary.fss:4311:1-4315:3	errors=0
Library/FortressLibrary.fss	DECL-OK	FnDecl	FortressLibrary.fss:4317:1-4318:78	errors=0
Library/FortressLibrary.fss	DECL-OK	FnDecl	FortressLibrary.fss:4320:1-65	errors=0
Library/FortressLibrary.fss	DECL-OK	FnDecl	FortressLibrary.fss:4321:1-63	errors=0
Library/FortressLibrary.fss	DECL-OK	FnDecl	FortressLibrary.fss:4322:1-65	errors=0
Library/FortressLibrary.fss	DECL-OK	FnDecl	FortressLibrary.fss:4323:1-69	errors=0
Library/FortressLibrary.fss	DECL-OK	FnDecl	FortressLibrary.fss:4324:1-71	errors=0
Library/FortressLibrary.fss	DECL-OK	FnDecl	FortressLibrary.fss:4325:1-57	errors=0
Library/FortressLibrary.fss	DECL-OK	FnDecl	FortressLibrary.fss:4326:1-64	errors=0
Library/FortressLibrary.fss	DECL-OK	FnDecl	FortressLibrary.fss:4327:1-70	errors=0
Library/FortressLibrary.fss	DECL-OK	FnDecl	FortressLibrary.fss:4328:1-4331:34	errors=0
Library/FortressLibrary.fss	DECL-OK	FnDecl	FortressLibrary.fss:4333:1-4335:65	errors=0
Library/FortressLibrary.fss	DECL-OK	FnDecl	FortressLibrary.fss:4337:1-4341:4	errors=0
Library/FortressLibrary.fss	DECL-OK	FnDecl	FortressLibrary.fss:4343:1-4351:4	errors=1
Library/FortressLibrary.fss	DECL-OK	FnDecl	FortressLibrary.fss:4353:1-4361:4	errors=1
Library/FortressLibrary.fss	DECL-OK	FnDecl	FortressLibrary.fss:4363:1-4371:4	errors=1
Library/FortressLibrary.fss	DECL-OK	FnDecl	FortressLibrary.fss:4373:1-4381:4	errors=1
Library/FortressLibrary.fss	DECL-OK	FnDecl	FortressLibrary.fss:4383:1-4387:4	errors=2
Library/FortressLibrary.fss	DECL-OK	FnDecl	FortressLibrary.fss:4389:1-4393:4	errors=0
Library/FortressLibrary.fss	DECL-OK	FnDecl	FortressLibrary.fss:4395:1-4403:4	errors=2
Library/FortressLibrary.fss	DECL-OK	FnDecl	FortressLibrary.fss:4405:1-4413:4	errors=2
Library/FortressLibrary.fss	DECL-OK	FnDecl	FortressLibrary.fss:4415:1-4423:4	errors=2
Library/FortressLibrary.fss	DECL-OK	FnDecl	FortressLibrary.fss:4425:1-4433:4	errors=2
Library/FortressLibrary.fss	DECL-OK	FnDecl	FortressLibrary.fss:4435:1-4439:4	errors=3
Library/FortressLibrary.fss	DECL-OK	ObjectDecl	FortressLibrary.fss:4441:1-4442:2	errors=0
Library/FortressLibrary.fss	DECL-OK	VarDecl	FortressLibrary.fss:4448:1-39	errors=0
Library/FortressLibrary.fss	DECL-OK	FnDecl	FortressLibrary.fss:4449:1-60	errors=0
Library/FortressLibrary.fss	DECL-OK	FnDecl	FortressLibrary.fss:4450:1-4453:63	errors=0
Library/FortressLibrary.fss	DECL-OK	TraitDecl	FortressLibrary.fss:4454:1-45	errors=0
Library/FortressLibrary.fss	DECL-OK	TraitDecl	FortressLibrary.fss:4457:1-4509:2	errors=7
Library/FortressLibrary.fss	DECL-OK	TraitDecl	FortressLibrary.fss:4512:1-4522:2	errors=5
Library/FortressLibrary.fss	DECL-OK	ObjectDecl	FortressLibrary.fss:4525:1-4530:2	errors=1
Library/FortressLibrary.fss	DECL-OK	TraitDecl	FortressLibrary.fss:4534:1-4548:2	errors=3
Library/FortressLibrary.fss	DECL-OK	ObjectDecl	FortressLibrary.fss:4551:1-4554:2	errors=0
Library/FortressLibrary.fss	DECL-OK	FnDecl	FortressLibrary.fss:4557:1-302	errors=0
Library/FortressLibrary.fss	DECL-OK	FnDecl	FortressLibrary.fss:4559:1-4567:4	errors=0
Library/FortressLibrary.fss	DECL-OK	ObjectDecl	FortressLibrary.fss:4570:1-4574:2	errors=0
Library/FortressLibrary.fss	DECL-OK	FnDecl	FortressLibrary.fss:4577:1-4583:2	errors=4
Library/FortressLibrary.fss	DECL-OK	FnDecl	FortressLibrary.fss:4583:1-4587:2	errors=0
Library/FortressLibrary.fss	DECL-OK	FnDecl	FortressLibrary.fss:4590:1-4594:2	errors=1
Library/FortressLibrary.fss	DECL-OK	FnDecl	FortressLibrary.fss:4602:1-101	errors=1
Library/FortressLibrary.fss	DECL-OK	FnDecl	FortressLibrary.fss:4603:1-101	errors=1
Library/FortressLibrary.fss	DECL-OK	FnDecl	FortressLibrary.fss:4604:1-4607:88	errors=1
Library/FortressLibrary.fss	DECL-OK	FnDecl	FortressLibrary.fss:4608:1-101	errors=1
Library/FortressLibrary.fss	DECL-OK	FnDecl	FortressLibrary.fss:4609:1-105	errors=1
Library/FortressLibrary.fss	DECL-OK	FnDecl	FortressLibrary.fss:4610:1-105	errors=1
Library/FortressLibrary.fss	DECL-OK	FnDecl	FortressLibrary.fss:4611:1-105	errors=1
Library/FortressLibrary.fss	DECL-OK	FnDecl	FortressLibrary.fss:4612:1-4613:1	errors=1
Library/FortressLibrary.fss	DECL-OK	FnDecl	FortressLibrary.fss:389:5-32	errors=0
Library/FortressLibrary.fss	DECL-OK	FnDecl	FortressLibrary.fss:554:5-33	errors=0
Library/FortressLibrary.fss	DECL-OK	FnDecl	FortressLibrary.fss:555:5-33	errors=0
Library/FortressLibrary.fss	DECL-OK	FnDecl	FortressLibrary.fss:556:5-33	errors=0
Library/FortressLibrary.fss	DECL-OK	FnDecl	FortressLibrary.fss:557:5-33	errors=0
Library/FortressLibrary.fss	DECL-OK	FnDecl	FortressLibrary.fss:558:5-31	errors=0
Library/FortressLibrary.fss	DECL-OK	FnDecl	FortressLibrary.fss:769:5-30	errors=0
Library/FortressLibrary.fss	DECL-OK	FnDecl	FortressLibrary.fss:770:5-38	errors=1
Library/FortressLibrary.fss	DECL-OK	FnDecl	FortressLibrary.fss:853:5-30	errors=0
Library/FortressLibrary.fss	DECL-OK	FnDecl	FortressLibrary.fss:917:5-28	errors=0
Library/FortressLibrary.fss	DECL-OK	FnDecl	FortressLibrary.fss:918:5-28	errors=0
Library/FortressLibrary.fss	DECL-OK	FnDecl	FortressLibrary.fss:919:5-43	errors=1
Library/FortressLibrary.fss	DECL-OK	FnDecl	FortressLibrary.fss:920:5-923:8	errors=1
Library/RangeInternals.fss	DECL-OK	VarDecl	RangeInternals.fss:16:1-29:52	errors=0
Library/RangeInternals.fss	DECL-OK	FnDecl	RangeInternals.fss:30:1-37:35	errors=0
Library/RangeInternals.fss	DECL-OK	FnDecl	RangeInternals.fss:38:1-39:55	errors=0
Library/RangeInternals.fss	DECL-OK	FnDecl	RangeInternals.fss:40:1-41:46	errors=0
Library/RangeInternals.fss	DECL-OK	FnDecl	RangeInternals.fss:42:1-43:55	errors=0
Library/RangeInternals.fss	DECL-OK	FnDecl	RangeInternals.fss:44:1-50:11	errors=0
Library/RangeInternals.fss	DECL-OK	FnDecl	RangeInternals.fss:51:1-53:50	errors=0
Library/RangeInternals.fss	DECL-OK	FnDecl	RangeInternals.fss:55:1-57:48	errors=0
Library/RangeInternals.fss	DECL-OK	FnDecl	RangeInternals.fss:60:1-80:6	errors=0
Library/RangeInternals.fss	DECL-OK	FnDecl	RangeInternals.fss:87:1-97:6	errors=0
Library/RangeInternals.fss	DECL-OK	FnDecl	RangeInternals.fss:99:1-102:4	errors=0
Library/RangeInternals.fss	DECL-OK	FnDecl	RangeInternals.fss:104:1-107:4	errors=1
Library/RangeInternals.fss	DECL-OK	FnDecl	RangeInternals.fss:111:1-47	errors=0
Library/RangeInternals.fss	DECL-OK	FnDecl	RangeInternals.fss:113:1-116:4	errors=0
Library/RangeInternals.fss	DECL-OK	FnDecl	RangeInternals.fss:118:1-121:4	errors=1
Library/RangeInternals.fss	DECL-OK	FnDecl	RangeInternals.fss:125:1-138:4	errors=2
Library/RangeInternals.fss	DECL-OK	TraitDecl	RangeInternals.fss:144:1-162:2	errors=1
Library/RangeInternals.fss	DECL-OK	FnDecl	RangeInternals.fss:164:1-165:75	errors=0
Library/RangeInternals.fss	DECL-OK	TraitDecl	RangeInternals.fss:167:1-208:2	errors=5
Library/RangeInternals.fss	DECL-OK	TraitDecl	RangeInternals.fss:210:1-218:2	errors=2
Library/RangeInternals.fss	DECL-OK	FnDecl	RangeInternals.fss:220:1-221:75	errors=0
Library/RangeInternals.fss	DECL-OK	TraitDecl	RangeInternals.fss:223:1-273:2	errors=5
Library/RangeInternals.fss	DECL-OK	TraitDecl	RangeInternals.fss:275:1-288:2	errors=2
Library/RangeInternals.fss	DECL-OK	TraitDecl	RangeInternals.fss:290:1-292:2	errors=0
Library/RangeInternals.fss	DECL-OK	ObjectDecl	RangeInternals.fss:294:1-319:2	errors=1
Library/RangeInternals.fss	DECL-OK	FnDecl	RangeInternals.fss:321:1-322:36	errors=0
Library/RangeInternals.fss	DECL-OK	ObjectDecl	RangeInternals.fss:324:1-335:2	errors=0
Library/RangeInternals.fss	DECL-OK	FnDecl	RangeInternals.fss:337:1-338:46	errors=0
Library/RangeInternals.fss	DECL-OK	ObjectDecl	RangeInternals.fss:340:1-352:2	errors=0
Library/RangeInternals.fss	DECL-OK	FnDecl	RangeInternals.fss:354:1-45	errors=0
Library/RangeInternals.fss	DECL-OK	TraitDecl	RangeInternals.fss:356:1-358:2	errors=0
Library/RangeInternals.fss	DECL-OK	ObjectDecl	RangeInternals.fss:363:1-442:2	errors=1
Library/RangeInternals.fss	DECL-OK	FnDecl	RangeInternals.fss:444:1-445:79	errors=1
Library/RangeInternals.fss	DECL-OK	FnDecl	RangeInternals.fss:447:1-448:50	errors=0
Library/RangeInternals.fss	DECL-OK	ObjectDecl	RangeInternals.fss:450:1-466:2	errors=0
Library/RangeInternals.fss	DECL-OK	FnDecl	RangeInternals.fss:468:1-469:66	errors=0
Library/RangeInternals.fss	DECL-OK	ObjectDecl	RangeInternals.fss:471:1-487:2	errors=0
Library/RangeInternals.fss	DECL-OK	TraitDecl	RangeInternals.fss:489:1-531:2	errors=5
Library/RangeInternals.fss	DECL-OK	TraitDecl	RangeInternals.fss:533:1-541:2	errors=0
Library/RangeInternals.fss	DECL-OK	ObjectDecl	RangeInternals.fss:543:1-585:2	errors=0
Library/RangeInternals.fss	DECL-OK	FnDecl	RangeInternals.fss:587:1-84	errors=1
Library/RangeInternals.fss	DECL-OK	FnDecl	RangeInternals.fss:589:1-590:44	errors=0
Library/RangeInternals.fss	DECL-OK	FnDecl	RangeInternals.fss:592:1-593:60	errors=0
Library/RangeInternals.fss	DECL-OK	ObjectDecl	RangeInternals.fss:595:1-616:2	errors=1
Library/RangeInternals.fss	DECL-OK	FnDecl	RangeInternals.fss:618:1-619:82	errors=0
Library/RangeInternals.fss	DECL-OK	ObjectDecl	RangeInternals.fss:621:1-643:2	errors=3
Library/RangeInternals.fss	DECL-OK	TraitDecl	RangeInternals.fss:645:1-653:2	errors=0
Library/RangeInternals.fss	DECL-OK	ObjectDecl	RangeInternals.fss:655:1-698:2	errors=1
Library/RangeInternals.fss	DECL-OK	FnDecl	RangeInternals.fss:700:1-701:40	errors=1
Library/RangeInternals.fss	DECL-OK	FnDecl	RangeInternals.fss:703:1-704:45	errors=0
Library/RangeInternals.fss	DECL-OK	FnDecl	RangeInternals.fss:706:1-707:63	errors=0
Library/RangeInternals.fss	DECL-OK	ObjectDecl	RangeInternals.fss:709:1-730:2	errors=1
Library/RangeInternals.fss	DECL-OK	FnDecl	RangeInternals.fss:732:1-733:86	errors=0
Library/RangeInternals.fss	DECL-OK	ObjectDecl	RangeInternals.fss:735:1-757:2	errors=3
Library/RangeInternals.fss	DECL-OK	TraitDecl	RangeInternals.fss:759:1-862:2	errors=1
Library/RangeInternals.fss	DECL-OK	TraitDecl	RangeInternals.fss:864:1-899:2	errors=2
Library/RangeInternals.fss	DECL-OK	FnDecl	RangeInternals.fss:901:1-67	errors=0
Library/RangeInternals.fss	DECL-OK	TraitDecl	RangeInternals.fss:904:1-949:2	errors=3
Library/RangeInternals.fss	DECL-OK	TraitDecl	RangeInternals.fss:951:1-978:2	errors=4
Library/RangeInternals.fss	DECL-OK	ObjectDecl	RangeInternals.fss:980:1-1024:2	errors=0
Library/RangeInternals.fss	DECL-OK	ObjectDecl	RangeInternals.fss:1026:1-1051:2	errors=0
Library/RangeInternals.fss	DECL-OK	FnDecl	RangeInternals.fss:1053:1-1054:73	errors=0
Library/RangeInternals.fss	DECL-OK	ObjectDecl	RangeInternals.fss:1056:1-1082:2	errors=1
Library/RangeInternals.fss	DECL-OK	FnDecl	RangeInternals.fss:1084:1-1085:98	errors=0
Library/RangeInternals.fss	DECL-OK	ObjectDecl	RangeInternals.fss:1087:1-1116:2	errors=2
Library/RangeInternals.fss	DECL-OK	TraitDecl	RangeInternals.fss:1118:1-1144:2	errors=2
Library/RangeInternals.fss	DECL-OK	ObjectDecl	RangeInternals.fss:1146:1-1245:2	errors=0
Library/RangeInternals.fss	DECL-OK	ObjectDecl	RangeInternals.fss:1247:1-1288:2	errors=1
Library/RangeInternals.fss	DECL-OK	FnDecl	RangeInternals.fss:1291:1-1293:48	errors=0
Library/RangeInternals.fss	DECL-OK	ObjectDecl	RangeInternals.fss:1295:1-1322:2	errors=7
Library/RangeInternals.fss	DECL-OK	FnDecl	RangeInternals.fss:1324:1-1326:58	errors=0
Library/RangeInternals.fss	DECL-OK	ObjectDecl	RangeInternals.fss:1328:1-1351:4	errors=3
Library/RangeInternals.fss	DECL-OK	FnDecl	RangeInternals.fss:1354:1-1356:54	errors=1
Library/RangeInternals.fss	DECL-OK	FnDecl	RangeInternals.fss:1358:1-1359:65	errors=0
Library/RangeInternals.fss	DECL-OK	FnDecl	RangeInternals.fss:1361:1-1366:6	errors=1
Library/RangeInternals.fss	DECL-OK	FnDecl	RangeInternals.fss:1368:1-1373:6	errors=1
Library/RangeInternals.fss	DECL-OK	FnDecl	RangeInternals.fss:1375:1-1377:22	errors=0
Library/RangeInternals.fss	DECL-OK	FnDecl	RangeInternals.fss:1378:1-1379:41	errors=0
Library/RangeInternals.fss	DECL-OK	FnDecl	RangeInternals.fss:1380:1-1381:47	errors=0
Library/RangeInternals.fss	DECL-OK	FnDecl	RangeInternals.fss:1382:1-1385:22	errors=0
Library/RangeInternals.fss	DECL-OK	FnDecl	RangeInternals.fss:1386:1-92	errors=0
Library/RangeInternals.fss	DECL-OK	FnDecl	RangeInternals.fss:1387:1-1388:37	errors=0
Library/RangeInternals.fss	DECL-OK	FnDecl	RangeInternals.fss:1389:1-1390:45	errors=0
Library/RangeInternals.fss	DECL-OK	FnDecl	RangeInternals.fss:1392:1-59	errors=0
Library/RangeInternals.fss	DECL-OK	FnDecl	RangeInternals.fss:1393:1-1394:51	errors=0
Library/RangeInternals.fss	DECL-OK	FnDecl	RangeInternals.fss:1395:1-1396:29	errors=0
Library/RangeInternals.fss	DECL-OK	FnDecl	RangeInternals.fss:1398:1-1404:6	errors=1
Library/RangeInternals.fss	DECL-OK	FnDecl	RangeInternals.fss:1405:1-1413:6	errors=1
Library/RangeInternals.fss	DECL-OK	FnDecl	RangeInternals.fss:1414:1-1422:6	errors=1
Library/RangeInternals.fss	DECL-OK	FnDecl	RangeInternals.fss:1424:1-62	errors=0
Library/RangeInternals.fss	DECL-OK	FnDecl	RangeInternals.fss:1425:1-1426:53	errors=0
Library/RangeInternals.fss	DECL-OK	FnDecl	RangeInternals.fss:1427:1-1428:30	errors=0
Library/RangeInternals.fss	DECL-OK	FnDecl	RangeInternals.fss:1430:1-1431:40	errors=0
Library/RangeInternals.fss	DECL-OK	FnDecl	RangeInternals.fss:1432:1-1433:34	errors=0
Library/RangeInternals.fss	DECL-OK	FnDecl	RangeInternals.fss:1434:1-76	errors=0
Library/RangeInternals.fss	DECL-OK	FnDecl	RangeInternals.fss:1436:1-57	errors=0
Library/RangeInternals.fss	DECL-OK	FnDecl	RangeInternals.fss:1437:1-1438:47	errors=0
Library/RangeInternals.fss	DECL-OK	FnDecl	RangeInternals.fss:1439:1-1440:23	errors=0
ProjectFortress/LibraryBuiltin/FortressBuiltin.fss	DECL-OK	VarDecl	FortressBuiltin.fss:15:1-23	errors=0
ProjectFortress/LibraryBuiltin/FortressBuiltin.fss	DECL-OK	VarDecl	FortressBuiltin.fss:16:1-33:3	errors=0
ProjectFortress/LibraryBuiltin/FortressBuiltin.fss	DECL-OK	FnDecl	FortressBuiltin.fss:34:1-35:72	errors=0
ProjectFortress/LibraryBuiltin/FortressBuiltin.fss	DECL-CRASH	TraitDecl	FortressBuiltin.fss:37:1-52:2	generated.:0:0
ProjectFortress/LibraryBuiltin/FortressBuiltin.fss	DECL-OK	ObjectDecl	FortressBuiltin.fss:54:1-192:2	errors=0
ProjectFortress/LibraryBuiltin/FortressBuiltin.fss	DECL-OK	ObjectDecl	FortressBuiltin.fss:194:1-201:2	errors=0
ProjectFortress/LibraryBuiltin/FortressBuiltin.fss	DECL-OK	ObjectDecl	FortressBuiltin.fss:203:1-367:2	errors=3
ProjectFortress/LibraryBuiltin/FortressBuiltin.fss	DECL-OK	ObjectDecl	FortressBuiltin.fss:369:1-376:2	errors=0
ProjectFortress/LibraryBuiltin/FortressBuiltin.fss	DECL-OK	ObjectDecl	FortressBuiltin.fss:378:1-385:2	errors=0
ProjectFortress/LibraryBuiltin/FortressBuiltin.fss	DECL-OK	ObjectDecl	FortressBuiltin.fss:387:1-457:2	errors=0
ProjectFortress/LibraryBuiltin/FortressBuiltin.fss	DECL-OK	ObjectDecl	FortressBuiltin.fss:459:1-468:2	errors=2
ProjectFortress/LibraryBuiltin/FortressBuiltin.fss	DECL-OK	ObjectDecl	FortressBuiltin.fss:470:1-535:2	errors=2
ProjectFortress/LibraryBuiltin/FortressBuiltin.fss	DECL-OK	ObjectDecl	FortressBuiltin.fss:537:1-544:2	errors=0
ProjectFortress/LibraryBuiltin/FortressBuiltin.fss	DECL-OK	ObjectDecl	FortressBuiltin.fss:547:1-579:2	errors=1
ProjectFortress/LibraryBuiltin/FortressBuiltin.fss	DECL-OK	FnDecl	FortressBuiltin.fss:581:1-60	errors=0
ProjectFortress/LibraryBuiltin/FortressBuiltin.fss	DECL-CRASH	ObjectDecl	FortressBuiltin.fss:583:1-695:2	generated.:0:0
ProjectFortress/LibraryBuiltin/FortressBuiltin.fss	DECL-OK	ObjectDecl	FortressBuiltin.fss:697:1-706:2	errors=0
ProjectFortress/LibraryBuiltin/FortressBuiltin.fss	DECL-OK	FnDecl	FortressBuiltin.fss:708:1-85	errors=0
ProjectFortress/LibraryBuiltin/NativeArray.fss	DECL-OK	VarDecl	NativeArray.fss:15:1-23	errors=0
ProjectFortress/LibraryBuiltin/NativeArray.fss	DECL-OK	VarDecl	NativeArray.fss:16:1-57	errors=0
ProjectFortress/LibraryBuiltin/NativeArray.fss	DECL-OK	ObjectDecl	NativeArray.fss:18:1-30:2	errors=0
ProjectFortress/LibraryBuiltin/NativeArray.fss	DECL-OK	ObjectDecl	NativeArray.fss:32:1-41:2	errors=0
ProjectFortress/LibraryBuiltin/NativeArray.fss	DECL-OK	ObjectDecl	NativeArray.fss:43:1-52:2	errors=0
Library/List.fss	DECL-OK	VarDecl	List.fss:70:1-21	errors=0
Library/List.fss	DECL-OK	FnDecl	List.fss:72:1-50	errors=0
Library/List.fss	DECL-OK	FnDecl	List.fss:74:1-82:6	errors=0
Library/List.fss	DECL-OK	TraitDecl	List.fss:86:1-91:2	errors=3
Library/List.fss	DECL-OK	FnDecl	List.fss:93:1-100:6	errors=1
Library/List.fss	DECL-OK	FnDecl	List.fss:102:1-103:61	errors=1
Library/List.fss	DECL-OK	FnDecl	List.fss:105:1-111:32	errors=1
Library/List.fss	DECL-OK	TraitDecl	List.fss:112:1-173:2	errors=3
Library/List.fss	DECL-OK	FnDecl	List.fss:176:1-45	errors=1
Library/List.fss	DECL-OK	FnDecl	List.fss:177:1-178:87	errors=1
Library/List.fss	DECL-OK	FnDecl	List.fss:179:1-180:80	errors=0
Library/List.fss	DECL-OK	FnDecl	List.fss:182:1-183:52	errors=0
Library/List.fss	DECL-OK	FnDecl	List.fss:184:1-188:21	errors=0
Library/List.fss	DECL-OK	FnDecl	List.fss:189:1-190:56	errors=0
Library/List.fss	DECL-OK	FnDecl	List.fss:191:1-197:4	errors=0
Library/List.fss	DECL-OK	FnDecl	List.fss:198:1-203:6	errors=0
Library/List.fss	DECL-OK	FnDecl	List.fss:204:1-206:50	errors=0
Library/List.fss	DECL-OK	FnDecl	List.fss:207:1-228:4	errors=0
Library/List.fss	DECL-OK	ObjectDecl	List.fss:231:1-235:2	errors=0
Library/List.fss	DECL-OK	ObjectDecl	List.fss:238:1-242:2	errors=0
Library/List.fss	DECL-OK	ObjectDecl	List.fss:245:1-249:2	errors=0
Library/List.fss	DECL-OK	ObjectDecl	List.fss:251:1-477:2	errors=10
Library/List.fss	DECL-OK	FnDecl	List.fss:479:1-480:54	errors=0
Library/List.fss	DECL-OK	FnDecl	List.fss:482:1-486:72	errors=0
Library/List.fss	DECL-OK	FnDecl	List.fss:487:1-488:68	errors=0
Library/List.fss	DECL-OK	FnDecl	List.fss:490:1-51	errors=0
Library/List.fss	DECL-OK	FnDecl	List.fss:492:1-496:4	errors=0
Library/List.fss	DECL-OK	FnDecl	List.fss:498:1-499:65	errors=0
Library/String.fss	DECL-OK	VarDecl	String.fss:20:3-27:4	errors=0
Library/String.fss	DECL-OK	TraitDecl	String.fss:33:3-39:17	errors=0
Library/String.fss	DECL-OK	TraitDecl	String.fss:41:3-45:16	errors=0
Library/String.fss	DECL-OK	FnDecl	String.fss:53:5-59:8	errors=0
Library/String.fss	DECL-OK	FnDecl	String.fss:61:5-71:8	errors=0
Library/String.fss	DECL-OK	ObjectDecl	String.fss:75:3-169:14	errors=36
Library/String.fss	DECL-OK	ObjectDecl	String.fss:171:3-258:20	errors=4
Library/String.fss	DECL-OK	ObjectDecl	String.fss:260:3-264:20	errors=0
Library/String.fss	DECL-OK	ObjectDecl	String.fss:270:3-320:16	errors=2
Library/String.fss	DECL-CRASH	FnDecl	String.fss:322:1-332:2	generated.:0:0
Library/String.fss	DECL-OK	ObjectDecl	String.fss:338:3-492:14	errors=28
Library/String.fss	DECL-OK	ObjectDecl	String.fss:494:3-535:16	errors=4
Library/String.fss	DECL-OK	FnDecl	String.fss:537:3-553:4	errors=0
Library/String.fss	DECL-OK	VarDecl	String.fss:555:3-30	errors=0
Library/String.fss	DECL-OK	VarDecl	String.fss:557:3-33	errors=0
Library/String.fss	DECL-OK	VarDecl	String.fss:558:3-45	errors=0
Library/FlatString.fss	DECL-OK	VarDecl	FlatString.fss:20:1-23	errors=0
Library/FlatString.fss	DECL-OK	VarDecl	FlatString.fss:21:1-57	errors=0
Library/FlatString.fss	DECL-OK	VarDecl	FlatString.fss:23:1-40	errors=0
Library/FlatString.fss	DECL-OK	FnDecl	FlatString.fss:25:1-26:75	errors=0
Library/FlatString.fss	DECL-OK	FnDecl	FlatString.fss:28:1-32:4	errors=1
Library/FlatString.fss	DECL-OK	ObjectDecl	FlatString.fss:34:1-151:13	errors=4
Library/Stream.fss	DECL-OK	TraitDecl	Stream.fss:20:1-22:2	errors=0
Library/Stream.fss	DECL-OK	TraitDecl	Stream.fss:24:1-26:2	errors=0
Library/Stream.fss	DECL-OK	TraitDecl	Stream.fss:28:1-31:2	errors=0
Library/Stream.fss	DECL-OK	TraitDecl	Stream.fss:33:1-76:14	errors=2
ProjectFortress/LibraryBuiltin/NatReflect.fss	DECL-OK	TraitDecl	NatReflect.fss:23:1-26:2	errors=0
ProjectFortress/LibraryBuiltin/NatReflect.fss	DECL-OK	ObjectDecl	NatReflect.fss:28:1-31:2	errors=0
ProjectFortress/LibraryBuiltin/NatReflect.fss	DECL-OK	FnDecl	NatReflect.fss:42:3-48:6	errors=0
ProjectFortress/LibraryBuiltin/NatReflect.fss	DECL-OK	FnDecl	NatReflect.fss:51:1-57:2	errors=0
Library/TypeProxy.fss	DECL-OK	ObjectDecl	TypeProxy.fss:21:1-24:2	errors=0
Library/Writer.fss	DECL-OK	VarDecl	Writer.fss:17:1-23	errors=0
Library/Writer.fss	DECL-OK	VarDecl	Writer.fss:18:1-57	errors=0
Library/Writer.fss	DECL-OK	VarDecl	Writer.fss:20:1-28	errors=0
Library/Writer.fss	DECL-OK	VarDecl	Writer.fss:21:1-29	errors=0
Library/Writer.fss	DECL-OK	FnDecl	Writer.fss:23:1-24:69	errors=0
Library/Writer.fss	DECL-OK	FnDecl	Writer.fss:25:1-26:69	errors=0
Library/Writer.fss	DECL-OK	ObjectDecl	Writer.fss:28:1-50:9	errors=0
Library/Writer.fss	DECL-OK	ObjectDecl	Writer.fss:52:1-67:17	errors=0
ProjectFortress/LibraryBuiltin/AnyType.fss	DECL-OK	TraitDecl	AnyType.fss:15:1-12	errors=0
