not_working_library_tests	Comparison1.fss	Comparison1	0	0	15	1
not_working_library_tests	Comparison2.fss	Comparison2	0	0	14	1
not_working_library_tests	VarRefTest.fss	VarRefTest	0	0	5	0
tests	AliasedGetterTest.fss	AliasedGetterTest	0	0	5	1
tests	AsExprSimple.fss	AsExprSimple	0	0	3	1
tests	BadEncloser.fss	BadEncloser	0	0	5	1
tests	BuiltinBound.fss	BuiltinBound	0	0	4	2
tests	GS0.fss	GS0	0	0	5	1
tests	GS1.fss	GS1	0	0	4	0
tests	InheritedMethod.fss	InheritedMethod	0	0	8	1
tests	InheritedOverload2.fss	InheritedOverload2	0	0	6	2
tests	InitOrderWithMutable.fss	InitOrderWithMutable	0	0	4	0
tests	LineTerminatingComments.fss	LineTerminatingComments	0	0	3	1
tests	ObjectFieldShadowing.fss	ObjectFieldShadowing	0	0	4	0
tests	OverloadConstructor1.fss	OverloadConstructor1	0	0	6	3
tests	OverloadWithSuperExcludes.fss	OverloadWithSuperExcludes	0	0	6	2
tests	TestCompiledEnvironments.fss	TestCompiledEnvironments	0	0	6	0
tests	TestCompiledNestedImports.fss	TestCompiledNestedImports	0	0	4	1
tests	ToTheEOLComment.fss	ToTheEOLComment	0	0	3	0
tests	UnderscoreId.fss	UnderscoreId	0	0	3	1
tests	XXXgenericMethod1.fss	XXXgenericMethod1	0	0	4	1
tests	XXXgenericMethod2.fss	XXXgenericMethod2	0	0	3	1
tests	XXXgenericMethod3.fss	XXXgenericMethod3	0	0	3	1
tests	ampersand.fss	ampersand	0	0	3	1
tests	atomic0.fss	atomic0	0	0	3	1
tests	atomic2.fss	atomic2	0	0	5	1
tests	atomic3.fss	atomic3	0	0	4	1
tests	atomic4.fss	atomic4	0	0	4	1
tests	atomicTest.fss	atomicTest	0	0	4	2
tests	chain0.fss	chain0	0	0	8	1
tests	chain2.fss	chain2	0	0	7	1
tests	controlZ.fss	controlZ	0	0	4	0
tests	deepHierarchy.fss	deepHierarchy	0	0	5	1
tests	doubleSelf.fss	doubleSelf	0	0	3	1
tests	doubledOverloading.fss	doubledOverloading	0	0	3	1
tests	doubledOverloading3.fss	doubledOverloading3	0	0	3	1
tests	emptyLoop.fss	emptyLoop	0	0	4	2
tests	emptySubscripting.fss	emptySubscripting	0	0	5	1
tests	executable_component.fss	executable_component	0	0	3	0
tests	extendObject.fss	extendObject	0	0	3	1
tests	fib.fss	fib	0	0	5	1
tests	fmTest1.fss	fmTest1	0	0	5	1
tests	fmTest2.fss	fmTest2	0	0	7	1
tests	fmTest3.fss	fmTest3	0	0	8	2
tests	fmTest4.fss	fmTest4	0	0	3	1
tests	fmTest5.fss	fmTest5	0	0	5	1
tests	forFnDecl.fss	forFnDecl	0	0	5	1
tests	forTest.fss	forTest	0	0	3	1
tests	forTest2.fss	forTest2	0	0	4	2
tests	genericMethod4.fss	genericMethod4	0	0	3	1
tests	genericTest5.fss	genericTest5	0	0	5	1
tests	han.fss	han	0	0	3	1
tests	ifGetter.fss	ifGetter	0	0	3	0
tests	ifTest.fss	ifTest	0	0	4	0
tests	immutableTopLevel.fss	immutableTopLevel	0	0	6	2
tests	infixBars.fss	infixBars	0	0	3	0
tests	initOrder.fss	initOrder	0	0	4	1
tests	matchingCharacterMarks.fss	matchingCharacterMarks	0	0	3	1
tests	matchingStringMarks.fss	matchingStringMarks	0	0	3	0
tests	nestedInst.fss	nestedInst	0	0	3	2
tests	nestedTransactions1.fss	nestedTransactions1	0	0	4	2
tests	nestedTransactions2.fss	nestedTransactions2	0	0	3	1
tests	nestedTransactions4.fss	nestedTransactions4	0	0	4	0
tests	nullaryOverload.fss	nullaryOverload	0	0	3	1
tests	objectTest1.fss	objectTest1	0	0	3	1
tests	objectTest2.fss	objectTest2	0	0	3	1
tests	objectTest3.fss	objectTest3	0	0	4	1
tests	operatorSynonym.fss	operatorSynonym	0	0	3	0
tests	overloadTest1.fss	overloadTest1	0	0	4	1
tests	overloadTest2.fss	overloadTest2	0	0	4	1
tests	overloadTest7.fss	overloadTest7	0	0	5	1
tests	overloadTest8.fss	overloadTest8	0	0	4	1
tests	postfixTest.fss	postfixTest	0	0	3	0
tests	precedence.fss	precedence	0	0	3	1
tests	primeCharacter.fss	primeCharacter	0	0	2	1
tests	returnAndMutateTuple.fss	returnAndMutateTuple	0	0	3	1
tests	testCharLiteral.fss	testCharLiteral	0	0	2	1
tests	testParen.fss	testParen	0	0	3	1
tests	testerTest.fss	testerTest	0	0	2	0
tests	traitTest1.fss	traitTest1	0	0	3	0
tests	tupleTest1.fss	tupleTest1	0	0	3	1
tests	tupleTest2.fss	tupleTest2	0	0	3	1
tests	typecaseSelf.fss	typecaseSelf	0	0	3	0
tests	unicodeTest.fss	unicodeTest	0	0	3	1
tests	varTest.fss	varTest	0	0	2	1
