# kind	family	subclass	unit(s)	stage(s)	location	message
bound-Object	-	-	api FortressBuiltin	wellformed1+wellformed2	FortressBuiltin.fsi:148	Ill-formed type: Condition[\()\] The static argument () does not satisfy the corresponding bound Object.
bound-Object	-	-	api FortressLibrary	wellformed1+wellformed2	FortressLibrary.fsi:1102	Ill-formed type: Indexed[\(I, E),I\] The static argument (I, E) does not satisfy the corresponding bound Object.
bound-Object	-	-	api FortressLibrary	wellformed1+wellformed2	FortressLibrary.fsi:1154	Ill-formed type: ZeroIndexed[\(E, F)\] The static argument (E, F) does not satisfy the corresponding bound Object.
bound-Object	-	-	api FortressLibrary	wellformed1+wellformed2	FortressLibrary.fsi:1158	Ill-formed type: DelegatedIndexed[\(E, F),ZZ32\] The static argument (E, F) does not satisfy the corresponding bound Object.
bound-Object	-	-	api FortressLibrary	wellformed1+wellformed2	FortressLibrary.fsi:1158	Ill-formed type: ZeroIndexed[\(E, F)\] The static argument (E, F) does not satisfy the corresponding bound Object.
bound-Object	-	-	api FortressLibrary	wellformed1+wellformed2	FortressLibrary.fsi:1163	Ill-formed type: ZeroIndexed[\(E, F)\] The static argument (E, F) does not satisfy the corresponding bound Object.
bound-Object	-	-	api FortressLibrary	wellformed1+wellformed2	FortressLibrary.fsi:1190	Ill-formed type: Generator[\(E, G)\] The static argument (E, G) does not satisfy the corresponding bound Object.
bound-Object	-	-	api FortressLibrary	wellformed1+wellformed2	FortressLibrary.fsi:1223	Ill-formed type: Indexed[\(I, E),I\] The static argument (I, E) does not satisfy the corresponding bound Object.
bound-Object	-	-	api FortressLibrary	wellformed1+wellformed2	FortressLibrary.fsi:1316	Ill-formed type: Array[\E,(ZZ32, ZZ32)\] The static argument (ZZ32, ZZ32) does not satisfy the corresponding bound Object.
bound-Object	-	-	api FortressLibrary	wellformed1+wellformed2	FortressLibrary.fsi:1317	Ill-formed type: Array[\E,(ZZ32, ZZ32, ZZ32)\] The static argument (ZZ32, ZZ32, ZZ32) does not satisfy the corresponding bound Object.
bound-Object	-	-	api FortressLibrary	wellformed1+wellformed2	FortressLibrary.fsi:1322	Ill-formed type: ImmutableArray[\E,(ZZ32, ZZ32)\] The static argument (ZZ32, ZZ32) does not satisfy the corresponding bound Object.
bound-Object	-	-	api FortressLibrary	wellformed1+wellformed2	FortressLibrary.fsi:1323	Ill-formed type: ImmutableArray[\E,(ZZ32, ZZ32, ZZ32)\] The static argument (ZZ32, ZZ32, ZZ32) does not satisfy the corresponding bound Object.
bound-Object	-	-	api FortressLibrary	wellformed1+wellformed2	FortressLibrary.fsi:1509	Ill-formed type: StandardMutableArrayType[\Array2[\T,b0,s0,b1,s1\],T,(ZZ32, ZZ32)\] The static argument (ZZ32, ZZ32) does not satisfy the corresponding bound Ob [...]
bound-Object	-	-	api FortressLibrary	wellformed1+wellformed2	FortressLibrary.fsi:1513	Ill-formed type: CompactFullRange[\(ZZ32, ZZ32)\] The static argument (ZZ32, ZZ32) does not satisfy the corresponding bound Object.
bound-Object	-	-	api FortressLibrary	wellformed1+wellformed2	FortressLibrary.fsi:1519	Ill-formed type: Array[\T,(ZZ32, ZZ32)\] The static argument (ZZ32, ZZ32) does not satisfy the corresponding bound Object.
bound-Object	-	-	api FortressLibrary	wellformed1+wellformed2	FortressLibrary.fsi:1519	Ill-formed type: Range[\(ZZ32, ZZ32)\] The static argument (ZZ32, ZZ32) does not satisfy the corresponding bound Object.
bound-Object	-	-	api FortressLibrary	wellformed1+wellformed2	FortressLibrary.fsi:1522	Ill-formed type: Array[\T,(ZZ32, ZZ32)\] The static argument (ZZ32, ZZ32) does not satisfy the corresponding bound Object.
bound-Object	-	-	api FortressLibrary	wellformed1+wellformed2	FortressLibrary.fsi:1532	Ill-formed type: CompactFullRange[\(ZZ32, ZZ32)\] The static argument (ZZ32, ZZ32) does not satisfy the corresponding bound Object.
bound-Object	-	-	api FortressLibrary	wellformed1+wellformed2	FortressLibrary.fsi:1543	Ill-formed type: ImmutableArray[\T,(ZZ32, ZZ32)\] The static argument (ZZ32, ZZ32) does not satisfy the corresponding bound Object.
bound-Object	-	-	api FortressLibrary	wellformed1+wellformed2	FortressLibrary.fsi:1624	Ill-formed type: StandardMutableArrayType[\Array3[\T,b0,s0,b1,s1,b2,s2\],T,(ZZ32, ZZ32, ZZ32)\] The static argument (ZZ32, ZZ32, ZZ32) does not satisfy the corr [...]
bound-Object	-	-	api FortressLibrary	wellformed1+wellformed2	FortressLibrary.fsi:1636	Ill-formed type: CompactFullRange[\(ZZ32, ZZ32, ZZ32)\] The static argument (ZZ32, ZZ32, ZZ32) does not satisfy the corresponding bound Object.
bound-Object	-	-	api FortressLibrary	wellformed1+wellformed2	FortressLibrary.fsi:1650	Ill-formed type: Array[\T,(ZZ32, ZZ32, ZZ32)\] The static argument (ZZ32, ZZ32, ZZ32) does not satisfy the corresponding bound Object.
bound-Object	-	-	api FortressLibrary	wellformed1+wellformed2	FortressLibrary.fsi:1650	Ill-formed type: Range[\(ZZ32, ZZ32, ZZ32)\] The static argument (ZZ32, ZZ32, ZZ32) does not satisfy the corresponding bound Object.
bound-Object	-	-	api FortressLibrary	wellformed1+wellformed2	FortressLibrary.fsi:1653	Ill-formed type: Array[\T,(ZZ32, ZZ32)\] The static argument (ZZ32, ZZ32) does not satisfy the corresponding bound Object.
bound-Object	-	-	api FortressLibrary	wellformed1+wellformed2	FortressLibrary.fsi:1664	Ill-formed type: CompactFullRange[\(ZZ32, ZZ32, ZZ32)\] The static argument (ZZ32, ZZ32, ZZ32) does not satisfy the corresponding bound Object.
bound-Object	-	-	api FortressLibrary	wellformed1+wellformed2	FortressLibrary.fsi:1671	Ill-formed type: ImmutableArray[\T,(ZZ32, ZZ32, ZZ32)\] The static argument (ZZ32, ZZ32, ZZ32) does not satisfy the corresponding bound Object.
bound-Object	-	-	api FortressLibrary	wellformed1+wellformed2	FortressLibrary.fsi:1700	Ill-formed type: Maybe[\(Reduction[\R\], Reduction[\R\])\] The static argument (Reduction[\R\], Reduction[\R\]) does not satisfy the corresponding bound Object.
bound-Object	-	-	api FortressLibrary	wellformed1+wellformed2	FortressLibrary.fsi:1703	Ill-formed type: Maybe[\(Reduction[\R\], Reduction[\R\])\] The static argument (Reduction[\R\], Reduction[\R\]) does not satisfy the corresponding bound Object.
bound-Object	-	-	api FortressLibrary	wellformed1+wellformed2	FortressLibrary.fsi:1706	Ill-formed type: Maybe[\(Reduction[\R\], Reduction[\R\])\] The static argument (Reduction[\R\], Reduction[\R\]) does not satisfy the corresponding bound Object.
bound-Object	-	-	api FortressLibrary	wellformed1+wellformed2	FortressLibrary.fsi:1782	Ill-formed type: CommutativeMonoidReduction[\()\] The static argument () does not satisfy the corresponding bound Object.
bound-Object	-	-	api FortressLibrary	wellformed1+wellformed2	FortressLibrary.fsi:1822	Ill-formed type: CommutativeMonoidReduction[\(Number, Number)\] The static argument (Number, Number) does not satisfy the corresponding bound Object.
bound-Object	-	-	api FortressLibrary	wellformed1+wellformed2	FortressLibrary.fsi:1828	Ill-formed type: Comprehension[\T,(Number, Number),(Number, Number),(Number, Number)\] The static argument (Number, Number) does not satisfy the corresponding b [...]
bound-Object	-	-	api FortressLibrary	wellformed1+wellformed2	FortressLibrary.fsi:1847	Ill-formed type: CommutativeReduction[\(T, T)\] The static argument (T, T) does not satisfy the corresponding bound Object.
bound-Object	-	-	api FortressLibrary	wellformed1+wellformed2	FortressLibrary.fsi:1867	Ill-formed type: Comprehension[\(T, U),(T, U),(T, U),AnyMaybe\] The static argument (T, U) does not satisfy the corresponding bound Object.
bound-Object	-	-	api FortressLibrary	wellformed1+wellformed2	FortressLibrary.fsi:1868	Ill-formed type: Generator[\(T, U)\] The static argument (T, U) does not satisfy the corresponding bound Object.
bound-Object	-	-	api FortressLibrary	wellformed1+wellformed2	FortressLibrary.fsi:1871	Ill-formed type: Comprehension[\(T, U),(T, U),(T, U),AnyMaybe\] The static argument (T, U) does not satisfy the corresponding bound Object.
bound-Object	-	-	api FortressLibrary	wellformed1+wellformed2	FortressLibrary.fsi:1872	Ill-formed type: Generator[\(T, U)\] The static argument (T, U) does not satisfy the corresponding bound Object.
bound-Object	-	-	api FortressLibrary	wellformed1+wellformed2	FortressLibrary.fsi:1875	Ill-formed type: Comprehension[\(T, U),(T, U),(T, U),AnyMaybe\] The static argument (T, U) does not satisfy the corresponding bound Object.
bound-Object	-	-	api FortressLibrary	wellformed1+wellformed2	FortressLibrary.fsi:1876	Ill-formed type: Generator[\(T, U)\] The static argument (T, U) does not satisfy the corresponding bound Object.
bound-Object	-	-	api FortressLibrary	wellformed1+wellformed2	FortressLibrary.fsi:1879	Ill-formed type: Comprehension[\(T, U),(T, U),(T, U),AnyMaybe\] The static argument (T, U) does not satisfy the corresponding bound Object.
bound-Object	-	-	api FortressLibrary	wellformed1+wellformed2	FortressLibrary.fsi:1880	Ill-formed type: Generator[\(T, U)\] The static argument (T, U) does not satisfy the corresponding bound Object.
bound-Object	-	-	api FortressLibrary	wellformed1+wellformed2	FortressLibrary.fsi:1953	Ill-formed type: Comprehension[\Any,String,String,String\] The static argument Any does not satisfy the corresponding bound Object.
bound-Object	-	-	api FortressLibrary	wellformed1+wellformed2	FortressLibrary.fsi:1955	Ill-formed type: Generator[\Any\] The static argument Any does not satisfy the corresponding bound Object.
bound-Object	-	-	api FortressLibrary	wellformed1+wellformed2	FortressLibrary.fsi:1960	Ill-formed type: Comprehension[\Any,String,String,String\] The static argument Any does not satisfy the corresponding bound Object.
bound-Object	-	-	api FortressLibrary	wellformed1+wellformed2	FortressLibrary.fsi:1962	Ill-formed type: Generator[\Any\] The static argument Any does not satisfy the corresponding bound Object.
bound-Object	-	-	api FortressLibrary	wellformed1+wellformed2	FortressLibrary.fsi:1967	Ill-formed type: Comprehension[\Any,String,String,AnyMaybe\] The static argument Any does not satisfy the corresponding bound Object.
bound-Object	-	-	api FortressLibrary	wellformed1+wellformed2	FortressLibrary.fsi:1982	Ill-formed type: MonoidReduction[\Any\] The static argument Any does not satisfy the corresponding bound Object.
bound-Object	-	-	api FortressLibrary	wellformed1+wellformed2	FortressLibrary.fsi:1994	Ill-formed type: Comprehension[\T,T,Any,Any\] The static argument Any does not satisfy the corresponding bound Object.
bound-Object	-	-	api FortressLibrary	wellformed1+wellformed2	FortressLibrary.fsi:1998	Ill-formed type: Condition[\()\] The static argument () does not satisfy the corresponding bound Object.
bound-Object	-	-	api FortressLibrary	wellformed1+wellformed2	FortressLibrary.fsi:2001	Ill-formed type: Condition[\()\] The static argument () does not satisfy the corresponding bound Object.
bound-Object	-	-	api FortressLibrary	wellformed1+wellformed2	FortressLibrary.fsi:2058	Ill-formed type: OpenRange[\Any\] The static argument Any does not satisfy the corresponding bound Object.
bound-Object	-	-	api FortressLibrary	wellformed1+wellformed2	FortressLibrary.fsi:2129	Ill-formed type: CompactFullRange[\(I, J)\] The static argument (I, J) does not satisfy the corresponding bound Object.
bound-Object	-	-	api FortressLibrary	wellformed1+wellformed2	FortressLibrary.fsi:2131	Ill-formed type: CompactFullRange[\(I, J, K)\] The static argument (I, J, K) does not satisfy the corresponding bound Object.
bound-Object	-	-	api FortressLibrary	wellformed1+wellformed2	FortressLibrary.fsi:2135	Ill-formed type: CompactFullRange[\(I, J)\] The static argument (I, J) does not satisfy the corresponding bound Object.
bound-Object	-	-	api FortressLibrary	wellformed1+wellformed2	FortressLibrary.fsi:2137	Ill-formed type: CompactFullRange[\(I, J, K)\] The static argument (I, J, K) does not satisfy the corresponding bound Object.
bound-Object	-	-	api FortressLibrary	wellformed1+wellformed2	FortressLibrary.fsi:2141	Ill-formed type: LeftRange[\(I, J)\] The static argument (I, J) does not satisfy the corresponding bound Object.
bound-Object	-	-	api FortressLibrary	wellformed1+wellformed2	FortressLibrary.fsi:2143	Ill-formed type: LeftRange[\(I, J, K)\] The static argument (I, J, K) does not satisfy the corresponding bound Object.
bound-Object	-	-	api FortressLibrary	wellformed1+wellformed2	FortressLibrary.fsi:2148	Ill-formed type: ExtentRange[\(I, J)\] The static argument (I, J) does not satisfy the corresponding bound Object.
bound-Object	-	-	api FortressLibrary	wellformed1+wellformed2	FortressLibrary.fsi:2150	Ill-formed type: ExtentRange[\(I, J, K)\] The static argument (I, J, K) does not satisfy the corresponding bound Object.
bound-Object	-	-	api FortressLibrary	wellformed1+wellformed2	FortressLibrary.fsi:2153	Ill-formed type: RightRange[\(I, J)\] The static argument (I, J) does not satisfy the corresponding bound Object.
bound-Object	-	-	api FortressLibrary	wellformed1+wellformed2	FortressLibrary.fsi:2155	Ill-formed type: RightRange[\(I, J, K)\] The static argument (I, J, K) does not satisfy the corresponding bound Object.
bound-Object	-	-	api FortressLibrary	wellformed1+wellformed2	FortressLibrary.fsi:2180	Ill-formed type: OpenRange[\(I, J)\] The static argument (I, J) does not satisfy the corresponding bound Object.
bound-Object	-	-	api FortressLibrary	wellformed1+wellformed2	FortressLibrary.fsi:2182	Ill-formed type: OpenRange[\(I, J, K)\] The static argument (I, J, K) does not satisfy the corresponding bound Object.
bound-Object	-	-	api FortressLibrary	wellformed1+wellformed2	FortressLibrary.fsi:2289	Ill-formed type: Generator[\(ZZ32, String)\] The static argument (ZZ32, String) does not satisfy the corresponding bound Object.
bound-Object	-	-	api FortressLibrary	wellformed1+wellformed2	FortressLibrary.fsi:2476	Ill-formed type: Generator[\((ActualReduction[\R,L1\], ActualReduction[\R,L2\], E->R)->Boolean, (ActualReduction[\R,L1\], ActualReduction[\R,L1\], E->R)->R)\] T [...]
bound-Object	-	-	api FortressLibrary	wellformed1+wellformed2	FortressLibrary.fsi:2479	Ill-formed type: Condition[\()\] The static argument () does not satisfy the corresponding bound Object.
bound-Object	-	-	api FortressLibrary	wellformed1+wellformed2	FortressLibrary.fsi:2481	Ill-formed type: Generator[\((ActualReduction[\R,L1\], ActualReduction[\R,L2\], Generator[\E\]->Condition[\()\], E->R)->Boolean, (ActualReduction[\R,L1\], Actua [...]
bound-Object	-	-	api FortressLibrary	wellformed1+wellformed2	FortressLibrary.fsi:2483	Ill-formed type: Condition[\()\] The static argument () does not satisfy the corresponding bound Object.
bound-Object	-	-	api FortressLibrary	wellformed1+wellformed2	FortressLibrary.fsi:2488	Ill-formed type: Condition[\()\] The static argument () does not satisfy the corresponding bound Object.
bound-Object	-	-	api FortressLibrary	wellformed1+wellformed2	FortressLibrary.fsi:618	Ill-formed type: Condition[\()\] The static argument () does not satisfy the corresponding bound Object.
bound-Object	-	-	api FortressLibrary	wellformed1+wellformed2	FortressLibrary.fsi:647	Ill-formed type: Generator[\(E, G)\] The static argument (E, G) does not satisfy the corresponding bound Object.
bound-Object	-	-	api FortressLibrary	wellformed1+wellformed2	FortressLibrary.fsi:673	Ill-formed type: Condition[\()\] The static argument () does not satisfy the corresponding bound Object.
bound-Object	-	-	api FortressLibrary	wellformed1+wellformed2	FortressLibrary.fsi:731	Ill-formed type: Generator[\(E, F)\] The static argument (E, F) does not satisfy the corresponding bound Object.
bound-Object	-	-	api FortressLibrary	wellformed1+wellformed2	FortressLibrary.fsi:745	Ill-formed type: Generator[\(ZZ32, E)\] The static argument (ZZ32, E) does not satisfy the corresponding bound Object.
bound-Object	-	-	api FortressLibrary	wellformed1+wellformed2	FortressLibrary.fsi:759	Ill-formed type: Generator[\(E, G)\] The static argument (E, G) does not satisfy the corresponding bound Object.
bound-Object	-	-	api FortressLibrary	wellformed1+wellformed2	FortressLibrary.fsi:768	Ill-formed type: Condition[\()\] The static argument () does not satisfy the corresponding bound Object.
bound-Object	-	-	api FortressLibrary	wellformed1+wellformed2	FortressLibrary.fsi:771	Ill-formed type: Condition[\()\] The static argument () does not satisfy the corresponding bound Object.
bound-Object	-	-	api FortressLibrary	wellformed1+wellformed2	FortressLibrary.fsi:816	Ill-formed type: Generator[\(T, G)\] The static argument (T, G) does not satisfy the corresponding bound Object.
bound-Object	-	-	api FortressLibrary	wellformed1+wellformed2	FortressLibrary.fsi:840	Ill-formed type: Generator[\(T, G)\] The static argument (T, G) does not satisfy the corresponding bound Object.
bound-Object	-	-	api FortressLibrary	wellformed1+wellformed2	FortressLibrary.fsi:882	Ill-formed type: Generator[\(T, G)\] The static argument (T, G) does not satisfy the corresponding bound Object.
bound-Object	-	-	api List	wellformed1+wellformed2	List.fsi:135	Ill-formed type: List.List[\(E, F)\] The static argument (E, F) does not satisfy the corresponding bound Object.
bound-Object	-	-	api List	wellformed1+wellformed2	List.fsi:76	Ill-formed type: Maybe[\(E, List.List[\E\])\] The static argument (E, List.List[\E\]) does not satisfy the corresponding bound Object.
bound-Object	-	-	api List	wellformed1+wellformed2	List.fsi:77	Ill-formed type: Maybe[\(List.List[\E\], E)\] The static argument (List.List[\E\], E) does not satisfy the corresponding bound Object.
bound-Object	-	-	api RangeInternals	wellformed1+wellformed2	RangeInternals.fsi:144	Ill-formed type: OpenRange[\(I, J)\] The static argument (I, J) does not satisfy the corresponding bound Object.
bound-Object	-	-	api RangeInternals	wellformed1+wellformed2	RangeInternals.fsi:159	Ill-formed type: OpenRange[\(I, J, K)\] The static argument (I, J, K) does not satisfy the corresponding bound Object.
bound-Object	-	-	api RangeInternals	wellformed1+wellformed2	RangeInternals.fsi:203	Ill-formed type: ExtentRange[\(I, J)\] The static argument (I, J) does not satisfy the corresponding bound Object.
bound-Object	-	-	api RangeInternals	wellformed1+wellformed2	RangeInternals.fsi:206	Ill-formed type: Just[\(I, J)\] The static argument (I, J) does not satisfy the corresponding bound Object.
bound-Object	-	-	api RangeInternals	wellformed1+wellformed2	RangeInternals.fsi:220	Ill-formed type: ExtentRange[\(I, J, K)\] The static argument (I, J, K) does not satisfy the corresponding bound Object.
bound-Object	-	-	api RangeInternals	wellformed1+wellformed2	RangeInternals.fsi:224	Ill-formed type: Just[\(I, J, K)\] The static argument (I, J, K) does not satisfy the corresponding bound Object.
bound-Object	-	-	api RangeInternals	wellformed1+wellformed2	RangeInternals.fsi:274	Ill-formed type: LeftRange[\(I, J)\] The static argument (I, J) does not satisfy the corresponding bound Object.
bound-Object	-	-	api RangeInternals	wellformed1+wellformed2	RangeInternals.fsi:277	Ill-formed type: Just[\(I, J)\] The static argument (I, J) does not satisfy the corresponding bound Object.
bound-Object	-	-	api RangeInternals	wellformed1+wellformed2	RangeInternals.fsi:282	Ill-formed type: BoundedRange[\(I, J)\] The static argument (I, J) does not satisfy the corresponding bound Object.
bound-Object	-	-	api RangeInternals	wellformed1+wellformed2	RangeInternals.fsi:290	Ill-formed type: LeftRange[\(I, J, K)\] The static argument (I, J, K) does not satisfy the corresponding bound Object.
bound-Object	-	-	api RangeInternals	wellformed1+wellformed2	RangeInternals.fsi:294	Ill-formed type: Just[\(I, J, K)\] The static argument (I, J, K) does not satisfy the corresponding bound Object.
bound-Object	-	-	api RangeInternals	wellformed1+wellformed2	RangeInternals.fsi:300	Ill-formed type: BoundedRange[\(I, J, K)\] The static argument (I, J, K) does not satisfy the corresponding bound Object.
bound-Object	-	-	api RangeInternals	wellformed1+wellformed2	RangeInternals.fsi:334	Ill-formed type: RightRange[\(I, J)\] The static argument (I, J) does not satisfy the corresponding bound Object.
bound-Object	-	-	api RangeInternals	wellformed1+wellformed2	RangeInternals.fsi:337	Ill-formed type: Just[\(I, J)\] The static argument (I, J) does not satisfy the corresponding bound Object.
bound-Object	-	-	api RangeInternals	wellformed1+wellformed2	RangeInternals.fsi:342	Ill-formed type: BoundedRange[\(I, J)\] The static argument (I, J) does not satisfy the corresponding bound Object.
bound-Object	-	-	api RangeInternals	wellformed1+wellformed2	RangeInternals.fsi:351	Ill-formed type: RightRange[\(I, J, K)\] The static argument (I, J, K) does not satisfy the corresponding bound Object.
bound-Object	-	-	api RangeInternals	wellformed1+wellformed2	RangeInternals.fsi:355	Ill-formed type: Just[\(I, J, K)\] The static argument (I, J, K) does not satisfy the corresponding bound Object.
bound-Object	-	-	api RangeInternals	wellformed1+wellformed2	RangeInternals.fsi:361	Ill-formed type: BoundedRange[\(I, J, K)\] The static argument (I, J, K) does not satisfy the corresponding bound Object.
bound-Object	-	-	api RangeInternals	wellformed1+wellformed2	RangeInternals.fsi:387	Ill-formed type: DelegatedIndexed[\(I, J),(I, J)\] The static argument (I, J) does not satisfy the corresponding bound Object.
bound-Object	-	-	api RangeInternals	wellformed1+wellformed2	RangeInternals.fsi:387	Ill-formed type: FullRange[\(I, J)\] The static argument (I, J) does not satisfy the corresponding bound Object.
bound-Object	-	-	api RangeInternals	wellformed1+wellformed2	RangeInternals.fsi:390	Ill-formed type: Just[\(I, J)\] The static argument (I, J) does not satisfy the corresponding bound Object.
bound-Object	-	-	api RangeInternals	wellformed1+wellformed2	RangeInternals.fsi:391	Ill-formed type: Generator[\(I, J)\] The static argument (I, J) does not satisfy the corresponding bound Object.
bound-Object	-	-	api RangeInternals	wellformed1+wellformed2	RangeInternals.fsi:392	Ill-formed type: Generator[\(I, J)\] The static argument (I, J) does not satisfy the corresponding bound Object.
bound-Object	-	-	api RangeInternals	wellformed1+wellformed2	RangeInternals.fsi:397	Ill-formed type: Range[\(I, J)\] The static argument (I, J) does not satisfy the corresponding bound Object.
bound-Object	-	-	api RangeInternals	wellformed1+wellformed2	RangeInternals.fsi:398	Ill-formed type: Maybe[\(I, J)\] The static argument (I, J) does not satisfy the corresponding bound Object.
bound-Object	-	-	api RangeInternals	wellformed1+wellformed2	RangeInternals.fsi:405	Ill-formed type: DelegatedIndexed[\(I, J, K),(I, J, K)\] The static argument (I, J, K) does not satisfy the corresponding bound Object.
bound-Object	-	-	api RangeInternals	wellformed1+wellformed2	RangeInternals.fsi:405	Ill-formed type: FullRange[\(I, J, K)\] The static argument (I, J, K) does not satisfy the corresponding bound Object.
bound-Object	-	-	api RangeInternals	wellformed1+wellformed2	RangeInternals.fsi:409	Ill-formed type: Just[\(I, J, K)\] The static argument (I, J, K) does not satisfy the corresponding bound Object.
bound-Object	-	-	api RangeInternals	wellformed1+wellformed2	RangeInternals.fsi:410	Ill-formed type: Generator[\(I, J, K)\] The static argument (I, J, K) does not satisfy the corresponding bound Object.
bound-Object	-	-	api RangeInternals	wellformed1+wellformed2	RangeInternals.fsi:411	Ill-formed type: Generator[\(I, J)\] The static argument (I, J) does not satisfy the corresponding bound Object.
bound-Object	-	-	api RangeInternals	wellformed1+wellformed2	RangeInternals.fsi:416	Ill-formed type: Range[\(I, J, K)\] The static argument (I, J, K) does not satisfy the corresponding bound Object.
bound-Object	-	-	api RangeInternals	wellformed1+wellformed2	RangeInternals.fsi:417	Ill-formed type: Maybe[\(I, J, K)\] The static argument (I, J, K) does not satisfy the corresponding bound Object.
bound-Object	-	-	api RangeInternals	wellformed1+wellformed2	RangeInternals.fsi:425	Ill-formed type: Indexed[\(I, I),I\] The static argument (I, I) does not satisfy the corresponding bound Object.
bound-Object	-	-	api RangeInternals	wellformed1+wellformed2	RangeInternals.fsi:461	Ill-formed type: CompactFullRange[\(I, J)\] The static argument (I, J) does not satisfy the corresponding bound Object.
bound-Object	-	-	api RangeInternals	wellformed1+wellformed2	RangeInternals.fsi:465	Ill-formed type: Generator[\(I, J)\] The static argument (I, J) does not satisfy the corresponding bound Object.
bound-Object	-	-	api RangeInternals	wellformed1+wellformed2	RangeInternals.fsi:466	Ill-formed type: Generator[\((I, J), (I, J))\] The static argument ((I, J), (I, J)) does not satisfy the corresponding bound Object.
bound-Object	-	-	api RangeInternals	wellformed1+wellformed2	RangeInternals.fsi:468	Ill-formed type: Just[\(I, J)\] The static argument (I, J) does not satisfy the corresponding bound Object.
bound-Object	-	-	api RangeInternals	wellformed1+wellformed2	RangeInternals.fsi:469	Ill-formed type: Just[\(I, J)\] The static argument (I, J) does not satisfy the corresponding bound Object.
bound-Object	-	-	api RangeInternals	wellformed1+wellformed2	RangeInternals.fsi:481	Ill-formed type: CompactFullRange[\(I, J, K)\] The static argument (I, J, K) does not satisfy the corresponding bound Object.
bound-Object	-	-	api RangeInternals	wellformed1+wellformed2	RangeInternals.fsi:485	Ill-formed type: Generator[\(I, J, K)\] The static argument (I, J, K) does not satisfy the corresponding bound Object.
bound-Object	-	-	api RangeInternals	wellformed1+wellformed2	RangeInternals.fsi:486	Ill-formed type: Generator[\((I, J, K), (I, J, K))\] The static argument ((I, J, K), (I, J, K)) does not satisfy the corresponding bound Object.
bound-Object	-	-	api RangeInternals	wellformed1+wellformed2	RangeInternals.fsi:488	Ill-formed type: Just[\(I, J, K)\] The static argument (I, J, K) does not satisfy the corresponding bound Object.
bound-Object	-	-	api RangeInternals	wellformed1+wellformed2	RangeInternals.fsi:489	Ill-formed type: Just[\(I, J, K)\] The static argument (I, J, K) does not satisfy the corresponding bound Object.
bound-Object	-	-	api RangeInternals	wellformed1+wellformed2	RangeInternals.fsi:501	Ill-formed type: Indexed[\(I, I),I\] The static argument (I, I) does not satisfy the corresponding bound Object.
bound-Object	-	-	api RangeInternals	wellformed1+wellformed2	RangeInternals.fsi:535	Ill-formed type: StridedFullRange[\(I, J)\] The static argument (I, J) does not satisfy the corresponding bound Object.
bound-Object	-	-	api RangeInternals	wellformed1+wellformed2	RangeInternals.fsi:537	Ill-formed type: Generator[\(I, J)\] The static argument (I, J) does not satisfy the corresponding bound Object.
bound-Object	-	-	api RangeInternals	wellformed1+wellformed2	RangeInternals.fsi:538	Ill-formed type: Generator[\((I, J), (I, J))\] The static argument ((I, J), (I, J)) does not satisfy the corresponding bound Object.
bound-Object	-	-	api RangeInternals	wellformed1+wellformed2	RangeInternals.fsi:54	Ill-formed type: Range[\(I, J)\] The static argument (I, J) does not satisfy the corresponding bound Object.
bound-Object	-	-	api RangeInternals	wellformed1+wellformed2	RangeInternals.fsi:540	Ill-formed type: Just[\(I, J)\] The static argument (I, J) does not satisfy the corresponding bound Object.
bound-Object	-	-	api RangeInternals	wellformed1+wellformed2	RangeInternals.fsi:541	Ill-formed type: Just[\(I, J)\] The static argument (I, J) does not satisfy the corresponding bound Object.
bound-Object	-	-	api RangeInternals	wellformed1+wellformed2	RangeInternals.fsi:555	Ill-formed type: StridedFullRange[\(I, J, K)\] The static argument (I, J, K) does not satisfy the corresponding bound Object.
bound-Object	-	-	api RangeInternals	wellformed1+wellformed2	RangeInternals.fsi:557	Ill-formed type: Generator[\(I, J, K)\] The static argument (I, J, K) does not satisfy the corresponding bound Object.
bound-Object	-	-	api RangeInternals	wellformed1+wellformed2	RangeInternals.fsi:558	Ill-formed type: Generator[\((I, J, K), (I, J, K))\] The static argument ((I, J, K), (I, J, K)) does not satisfy the corresponding bound Object.
bound-Object	-	-	api RangeInternals	wellformed1+wellformed2	RangeInternals.fsi:560	Ill-formed type: Just[\(I, J, K)\] The static argument (I, J, K) does not satisfy the corresponding bound Object.
bound-Object	-	-	api RangeInternals	wellformed1+wellformed2	RangeInternals.fsi:561	Ill-formed type: Just[\(I, J, K)\] The static argument (I, J, K) does not satisfy the corresponding bound Object.
bound-Object	-	-	api RangeInternals	wellformed1+wellformed2	RangeInternals.fsi:596	Ill-formed type: LeftRange[\(I, J)\] The static argument (I, J) does not satisfy the corresponding bound Object.
bound-Object	-	-	api RangeInternals	wellformed1+wellformed2	RangeInternals.fsi:598	Ill-formed type: LeftRange[\(I, J, K)\] The static argument (I, J, K) does not satisfy the corresponding bound Object.
bound-Object	-	-	api RangeInternals	wellformed1+wellformed2	RangeInternals.fsi:602	Ill-formed type: ExtentRange[\(I, J)\] The static argument (I, J) does not satisfy the corresponding bound Object.
bound-Object	-	-	api RangeInternals	wellformed1+wellformed2	RangeInternals.fsi:604	Ill-formed type: ExtentRange[\(I, J, K)\] The static argument (I, J, K) does not satisfy the corresponding bound Object.
bound-Object	-	-	api RangeInternals	wellformed1+wellformed2	RangeInternals.fsi:608	Ill-formed type: RightRange[\(I, J)\] The static argument (I, J) does not satisfy the corresponding bound Object.
bound-Object	-	-	api RangeInternals	wellformed1+wellformed2	RangeInternals.fsi:61	Ill-formed type: RangeWithLeft[\(I, J)\] The static argument (I, J) does not satisfy the corresponding bound Object.
bound-Object	-	-	api RangeInternals	wellformed1+wellformed2	RangeInternals.fsi:610	Ill-formed type: RightRange[\(I, J, K)\] The static argument (I, J, K) does not satisfy the corresponding bound Object.
bound-Object	-	-	api RangeInternals	wellformed1+wellformed2	RangeInternals.fsi:62	Ill-formed type: RangeWithRight[\(I, J)\] The static argument (I, J) does not satisfy the corresponding bound Object.
bound-Object	-	-	api RangeInternals	wellformed1+wellformed2	RangeInternals.fsi:620	Ill-formed type: OpenRange[\(I, J)\] The static argument (I, J) does not satisfy the corresponding bound Object.
bound-Object	-	-	api RangeInternals	wellformed1+wellformed2	RangeInternals.fsi:622	Ill-formed type: OpenRange[\(I, J, K)\] The static argument (I, J, K) does not satisfy the corresponding bound Object.
bound-Object	-	-	api RangeInternals	wellformed1+wellformed2	RangeInternals.fsi:63	Ill-formed type: Range[\(I, J)\] The static argument (I, J) does not satisfy the corresponding bound Object.
bound-Object	-	-	api RangeInternals	wellformed1+wellformed2	RangeInternals.fsi:64	Ill-formed type: Range[\(I, J)\] The static argument (I, J) does not satisfy the corresponding bound Object.
bound-Object	-	-	api RangeInternals	wellformed1+wellformed2	RangeInternals.fsi:87	Ill-formed type: Range[\(I, J, K)\] The static argument (I, J, K) does not satisfy the corresponding bound Object.
bound-Object	-	-	api RangeInternals	wellformed1+wellformed2	RangeInternals.fsi:96	Ill-formed type: RangeWithLeft[\(I, J, K)\] The static argument (I, J, K) does not satisfy the corresponding bound Object.
bound-Object	-	-	api RangeInternals	wellformed1+wellformed2	RangeInternals.fsi:97	Ill-formed type: RangeWithRight[\(I, J, K)\] The static argument (I, J, K) does not satisfy the corresponding bound Object.
bound-Object	-	-	api RangeInternals	wellformed1+wellformed2	RangeInternals.fsi:98	Ill-formed type: Range[\(I, J, K)\] The static argument (I, J, K) does not satisfy the corresponding bound Object.
bound-Object	-	-	api RangeInternals	wellformed1+wellformed2	RangeInternals.fsi:99	Ill-formed type: Range[\(I, J, K)\] The static argument (I, J, K) does not satisfy the corresponding bound Object.
bound-Object	-	-	api Stream	wellformed1+wellformed2	Stream.fsi:52	Ill-formed type: Generator[\Any\] The static argument Any does not satisfy the corresponding bound Object.
exclusion	-	-	api FortressLibrary	acyclic	FortressLibrary.fsi:2488	Type RelationalPredicateCondition[\E\] excludes FortressLibrary.Condition but it extends FortressLibrary.Condition.
overloading	BY	sentence	api FortressLibrary	overloading	FortressLibrary.fsi:270,FortressLibrary.fsi:378	Invalid overloading of BY in API FortressLibrary: [\I extends Integral[\I\]\](Integral[\I\], I)->I @ FortressLibrary.fsi:378:5-25 and [\T extends Multiplicative [...]
overloading	CAP	sentence	api RangeInternals	overloading	RangeInternals.fsi:237,RangeInternals.fsi:63	Invalid overloading of CAP in API RangeInternals: [\I extends Integral[\I\], J extends Integral[\J\]\](RangeInternals.Range2D[\I,J\], Range[\(I, J)\])->Range[\( [...]
overloading	CAP	sentence	api RangeInternals	overloading	RangeInternals.fsi:237,RangeInternals.fsi:64	Invalid overloading of CAP in API RangeInternals: [\I extends Integral[\I\], J extends Integral[\J\]\](RangeInternals.Range2D[\I,J\], RangeInternals.Range2D[\I, [...]
overloading	CAP	sentence	api RangeInternals	overloading	RangeInternals.fsi:237,RangeInternals.fsi:98	Invalid overloading of CAP in API RangeInternals: [\I extends Integral[\I\], J extends Integral[\J\], K extends Integral[\K\]\](RangeInternals.Range3D[\I,J,K\], [...]
overloading	CAP	sentence	api RangeInternals	overloading	RangeInternals.fsi:237,RangeInternals.fsi:99	Invalid overloading of CAP in API RangeInternals: [\I extends Integral[\I\], J extends Integral[\J\], K extends Integral[\K\]\](RangeInternals.Range3D[\I,J,K\], [...]
overloading	CAP	sentence	api RangeInternals	overloading	RangeInternals.fsi:46,RangeInternals.fsi:63	Invalid overloading of CAP in API RangeInternals: [\I extends Integral[\I\], J extends Integral[\J\]\](RangeInternals.Range2D[\I,J\], Range[\(I, J)\])->Range[\( [...]
overloading	CAP	sentence	api RangeInternals	overloading	RangeInternals.fsi:46,RangeInternals.fsi:64	Invalid overloading of CAP in API RangeInternals: [\I extends Integral[\I\], J extends Integral[\J\]\](RangeInternals.Range2D[\I,J\], RangeInternals.Range2D[\I, [...]
overloading	CAP	sentence	api RangeInternals	overloading	RangeInternals.fsi:46,RangeInternals.fsi:98	Invalid overloading of CAP in API RangeInternals: [\I extends Integral[\I\], J extends Integral[\J\], K extends Integral[\K\]\](RangeInternals.Range3D[\I,J,K\], [...]
overloading	CAP	sentence	api RangeInternals	overloading	RangeInternals.fsi:46,RangeInternals.fsi:99	Invalid overloading of CAP in API RangeInternals: [\I extends Integral[\I\], J extends Integral[\J\], K extends Integral[\K\]\](RangeInternals.Range3D[\I,J,K\], [...]
overloading	CAP	sentence	api RangeInternals	overloading	RangeInternals.fsi:63,RangeInternals.fsi:98	Invalid overloading of CAP in API RangeInternals: [\I extends Integral[\I\], J extends Integral[\J\], K extends Integral[\K\]\](RangeInternals.Range3D[\I,J,K\], [...]
overloading	CAP	sentence	api RangeInternals	overloading	RangeInternals.fsi:63,RangeInternals.fsi:99	Invalid overloading of CAP in API RangeInternals: [\I extends Integral[\I\], J extends Integral[\J\], K extends Integral[\K\]\](RangeInternals.Range3D[\I,J,K\], [...]
overloading	CAP	sentence	api RangeInternals	overloading	RangeInternals.fsi:64,RangeInternals.fsi:98	Invalid overloading of CAP in API RangeInternals: [\I extends Integral[\I\], J extends Integral[\J\], K extends Integral[\K\]\](RangeInternals.Range3D[\I,J,K\], [...]
overloading	CAP	sentence	api RangeInternals	overloading	RangeInternals.fsi:64,RangeInternals.fsi:99	Invalid overloading of CAP in API RangeInternals: [\I extends Integral[\I\], J extends Integral[\J\], K extends Integral[\K\]\](RangeInternals.Range3D[\I,J,K\], [...]
overloading	FORWARD_CMP	same-sparams	api FortressLibrary	overloading	FortressLibrary.fsi:2053,FortressLibrary.fsi:2073	Invalid overloading of FORWARD_CMP in API FortressLibrary: [\I extends Object\](ExtentRange[\I\], Range[\I\])->Comparison @ FortressLibrary.fsi:2073:5-2074:1 an [...]
overloading	FORWARD_CMP	same-sparams	api FortressLibrary	overloading	FortressLibrary.fsi:2053,FortressLibrary.fsi:2094	Invalid overloading of FORWARD_CMP in API FortressLibrary: [\I extends Object\](LeftRange[\I\], Range[\I\])->Comparison @ FortressLibrary.fsi:2094:5-2095:1 and  [...]
overloading	FORWARD_CMP	same-sparams	api FortressLibrary	overloading	FortressLibrary.fsi:2053,FortressLibrary.fsi:2106	Invalid overloading of FORWARD_CMP in API FortressLibrary: [\I extends Object\](OpenRange[\I\], OpenRange[\I\])->Comparison @ FortressLibrary.fsi:2053:5-59 and  [...]
overloading	FORWARD_CMP	same-sparams	api FortressLibrary	overloading	FortressLibrary.fsi:2053,FortressLibrary.fsi:2113	Invalid overloading of FORWARD_CMP in API FortressLibrary: [\I extends Object\](FullRange[\I\], Range[\I\])->Comparison @ FortressLibrary.fsi:2113:5-56 and [\I  [...]
overloading	FORWARD_CMP	same-sparams	api FortressLibrary	overloading	FortressLibrary.fsi:2053,FortressLibrary.fsi:2114	Invalid overloading of FORWARD_CMP in API FortressLibrary: [\I extends Object\](FullRange[\I\], FullRange[\I\])->Comparison @ FortressLibrary.fsi:2114:5-2115:1  [...]
overloading	FORWARD_CMP	same-sparams	api FortressLibrary	overloading	FortressLibrary.fsi:2054,FortressLibrary.fsi:2073	Invalid overloading of FORWARD_CMP in API FortressLibrary: [\I extends Object\](ExtentRange[\I\], Range[\I\])->Comparison @ FortressLibrary.fsi:2073:5-2074:1 an [...]
overloading	FORWARD_CMP	same-sparams	api FortressLibrary	overloading	FortressLibrary.fsi:2054,FortressLibrary.fsi:2094	Invalid overloading of FORWARD_CMP in API FortressLibrary: [\I extends Object\](LeftRange[\I\], Range[\I\])->Comparison @ FortressLibrary.fsi:2094:5-2095:1 and  [...]
overloading	FORWARD_CMP	same-sparams	api FortressLibrary	overloading	FortressLibrary.fsi:2054,FortressLibrary.fsi:2106	Invalid overloading of FORWARD_CMP in API FortressLibrary: [\I extends Object\](OpenRange[\I\], Range[\I\])->Comparison @ FortressLibrary.fsi:2054:5-55 and [\I  [...]
overloading	FORWARD_CMP	same-sparams	api FortressLibrary	overloading	FortressLibrary.fsi:2054,FortressLibrary.fsi:2113	Invalid overloading of FORWARD_CMP in API FortressLibrary: [\I extends Object\](FullRange[\I\], Range[\I\])->Comparison @ FortressLibrary.fsi:2113:5-56 and [\I  [...]
overloading	FORWARD_CMP	same-sparams	api FortressLibrary	overloading	FortressLibrary.fsi:2054,FortressLibrary.fsi:2114	Invalid overloading of FORWARD_CMP in API FortressLibrary: [\I extends Object\](FullRange[\I\], FullRange[\I\])->Comparison @ FortressLibrary.fsi:2114:5-2115:1  [...]
overloading	FORWARD_CMP	same-sparams	api FortressLibrary	overloading	FortressLibrary.fsi:2073,FortressLibrary.fsi:2094	Invalid overloading of FORWARD_CMP in API FortressLibrary: [\I extends Object\](ExtentRange[\I\], Range[\I\])->Comparison @ FortressLibrary.fsi:2073:5-2074:1 an [...]
overloading	FORWARD_CMP	same-sparams	api FortressLibrary	overloading	FortressLibrary.fsi:2073,FortressLibrary.fsi:2106	Invalid overloading of FORWARD_CMP in API FortressLibrary: [\I extends Object\](ExtentRange[\I\], Range[\I\])->Comparison @ FortressLibrary.fsi:2073:5-2074:1 an [...]
overloading	FORWARD_CMP	same-sparams	api FortressLibrary	overloading	FortressLibrary.fsi:2073,FortressLibrary.fsi:2113	Invalid overloading of FORWARD_CMP in API FortressLibrary: [\I extends Object\](ExtentRange[\I\], Range[\I\])->Comparison @ FortressLibrary.fsi:2073:5-2074:1 an [...]
overloading	FORWARD_CMP	same-sparams	api FortressLibrary	overloading	FortressLibrary.fsi:2073,FortressLibrary.fsi:2114	Invalid overloading of FORWARD_CMP in API FortressLibrary: [\I extends Object\](ExtentRange[\I\], Range[\I\])->Comparison @ FortressLibrary.fsi:2073:5-2074:1 an [...]
overloading	FORWARD_CMP	same-sparams	api FortressLibrary	overloading	FortressLibrary.fsi:2094,FortressLibrary.fsi:2106	Invalid overloading of FORWARD_CMP in API FortressLibrary: [\I extends Object\](LeftRange[\I\], Range[\I\])->Comparison @ FortressLibrary.fsi:2094:5-2095:1 and  [...]
overloading	FORWARD_CMP	same-sparams	api FortressLibrary	overloading	FortressLibrary.fsi:2094,FortressLibrary.fsi:2113	Invalid overloading of FORWARD_CMP in API FortressLibrary: [\I extends Object\](FullRange[\I\], Range[\I\])->Comparison @ FortressLibrary.fsi:2113:5-56 and [\I  [...]
overloading	FORWARD_CMP	same-sparams	api FortressLibrary	overloading	FortressLibrary.fsi:2094,FortressLibrary.fsi:2114	Invalid overloading of FORWARD_CMP in API FortressLibrary: [\I extends Object\](FullRange[\I\], FullRange[\I\])->Comparison @ FortressLibrary.fsi:2114:5-2115:1  [...]
overloading	FORWARD_CMP	same-sparams	api FortressLibrary	overloading	FortressLibrary.fsi:2106,FortressLibrary.fsi:2113	Invalid overloading of FORWARD_CMP in API FortressLibrary: [\I extends Object\](FullRange[\I\], Range[\I\])->Comparison @ FortressLibrary.fsi:2113:5-56 and [\I  [...]
overloading	FORWARD_CMP	same-sparams	api FortressLibrary	overloading	FortressLibrary.fsi:2106,FortressLibrary.fsi:2114	Invalid overloading of FORWARD_CMP in API FortressLibrary: [\I extends Object\](FullRange[\I\], FullRange[\I\])->Comparison @ FortressLibrary.fsi:2114:5-2115:1  [...]
overloading	IN	same-sparams	api FortressLibrary	overloading	FortressLibrary.fsi:2034,FortressLibrary.fsi:665	Invalid overloading of IN in API FortressLibrary: [\E extends Object\](E, Generator[\E\])->Boolean @ FortressLibrary.fsi:665:5-666:1 and [\I extends Object\](I, [...]
overloading	IN	same-sparams	api FortressLibrary	overloading	FortressLibrary.fsi:2034,FortressLibrary.fsi:764	Invalid overloading of IN in API FortressLibrary: [\E extends Object\](E, Condition[\E\])->Boolean @ FortressLibrary.fsi:764:5-765:1 and [\I extends Object\](I, [...]
overloading	IN	same-sparams	api FortressLibrary	overloading	FortressLibrary.fsi:2055,FortressLibrary.fsi:2072	Invalid overloading of IN in API FortressLibrary: [\I extends Object\](I, ExtentRange[\I\])->Boolean @ FortressLibrary.fsi:2072:5-31 and [\I extends Object\](I, [...]
overloading	IN	same-sparams	api FortressLibrary	overloading	FortressLibrary.fsi:2055,FortressLibrary.fsi:665	Invalid overloading of IN in API FortressLibrary: [\E extends Object\](E, Generator[\E\])->Boolean @ FortressLibrary.fsi:665:5-666:1 and [\I extends Object\](I, [...]
overloading	IN	same-sparams	api FortressLibrary	overloading	FortressLibrary.fsi:2055,FortressLibrary.fsi:764	Invalid overloading of IN in API FortressLibrary: [\E extends Object\](E, Condition[\E\])->Boolean @ FortressLibrary.fsi:764:5-765:1 and [\I extends Object\](I, [...]
overloading	IN	same-sparams	api FortressLibrary	overloading	FortressLibrary.fsi:2072,FortressLibrary.fsi:665	Invalid overloading of IN in API FortressLibrary: [\E extends Object\](E, Generator[\E\])->Boolean @ FortressLibrary.fsi:665:5-666:1 and [\I extends Object\](I, [...]
overloading	IN	same-sparams	api FortressLibrary	overloading	FortressLibrary.fsi:2072,FortressLibrary.fsi:764	Invalid overloading of IN in API FortressLibrary: [\E extends Object\](E, Condition[\E\])->Boolean @ FortressLibrary.fsi:764:5-765:1 and [\I extends Object\](I, [...]
overloading	IN	same-sparams	api RangeInternals	overloading	RangeInternals.fsi:429,RangeInternals.fsi:505	Invalid overloading of IN in API RangeInternals: [\I extends Integral[\I\]\](I, RangeInternals.CompactFullScalarRange[\I\])->Boolean @ RangeInternals.fsi:429:5- [...]
overloading	MAX	sentence	api FortressLibrary	overloading	FortressLibrary.fsi:196,FortressLibrary.fsi:2517	Invalid overloading of MAX in API FortressLibrary: [\T extends Number, I extends Object\](Array[\T,I\], T)->Array[\T,I\] @ FortressLibrary.fsi:2517:1-67 and [\T [...]
overloading	MAX	sentence	api FortressLibrary	overloading	FortressLibrary.fsi:196,FortressLibrary.fsi:2518	Invalid overloading of MAX in API FortressLibrary: [\T extends Number, I extends Object\](T, Array[\T,I\])->Array[\T,I\] @ FortressLibrary.fsi:2518:1-2521:1 and [...]
overloading	MAX	sentence	api FortressLibrary	overloading	FortressLibrary.fsi:210,FortressLibrary.fsi:2517	Invalid overloading of MAX in API FortressLibrary: [\T extends Number, I extends Object\](Array[\T,I\], T)->Array[\T,I\] @ FortressLibrary.fsi:2517:1-67 and [\T [...]
overloading	MAX	sentence	api FortressLibrary	overloading	FortressLibrary.fsi:210,FortressLibrary.fsi:2518	Invalid overloading of MAX in API FortressLibrary: [\T extends Number, I extends Object\](T, Array[\T,I\])->Array[\T,I\] @ FortressLibrary.fsi:2518:1-2521:1 and [...]
overloading	MIN	sentence	api FortressLibrary	overloading	FortressLibrary.fsi:185,FortressLibrary.fsi:2515	Invalid overloading of MIN in API FortressLibrary: [\T extends Number, I extends Object\](Array[\T,I\], T)->Array[\T,I\] @ FortressLibrary.fsi:2515:1-67 and [\T [...]
overloading	MIN	sentence	api FortressLibrary	overloading	FortressLibrary.fsi:185,FortressLibrary.fsi:2516	Invalid overloading of MIN in API FortressLibrary: [\T extends Number, I extends Object\](T, Array[\T,I\])->Array[\T,I\] @ FortressLibrary.fsi:2516:1-67 and [\T [...]
overloading	MIN	sentence	api FortressLibrary	overloading	FortressLibrary.fsi:209,FortressLibrary.fsi:2515	Invalid overloading of MIN in API FortressLibrary: [\T extends Number, I extends Object\](Array[\T,I\], T)->Array[\T,I\] @ FortressLibrary.fsi:2515:1-67 and [\T [...]
overloading	MIN	sentence	api FortressLibrary	overloading	FortressLibrary.fsi:209,FortressLibrary.fsi:2516	Invalid overloading of MIN in API FortressLibrary: [\T extends Number, I extends Object\](T, Array[\T,I\])->Array[\T,I\] @ FortressLibrary.fsi:2516:1-67 and [\T [...]
overloading	SQCAP	same-sparams	api FortressLibrary	overloading	FortressLibrary.fsi:802,FortressLibrary.fsi:822	Invalid overloading of SQCAP in API FortressLibrary: [\T extends Object\]((Maybe[\T\] & {Nothing[\T\], Just[\T\]}), Maybe[\T\])->Maybe[\T\] @ FortressLibrary.fs [...]
overloading	copy	same-sparams	api FortressLibrary	overloading	FortressLibrary.fsi:1306,FortressLibrary.fsi:1337	Invalid overloading of copy in trait StandardMutableArrayType: Array[\E,I\]->Array[\E,I\] @ FortressLibrary.fsi:1306:5-32 and StandardImmutableArrayType[\T,E,I\ [...]
overloading	fill	fill-same	api FortressLibrary	overloading	FortressLibrary.fsi:1283,FortressLibrary.fsi:1335	Invalid overloading of fill in trait ImmutableArray1: (ImmutableArray[\T,ZZ32\], ZZ32->T)->ImmutableArray[\T,ZZ32\] @ FortressLibrary.fsi:1283:5-47 and (Standar [...]
overloading	fill	fill-same	api FortressLibrary	overloading	FortressLibrary.fsi:1284,FortressLibrary.fsi:1336	Invalid overloading of fill in trait ImmutableArray1: (ImmutableArray[\T,ZZ32\], T)->ImmutableArray[\T,ZZ32\] @ FortressLibrary.fsi:1284:5-44 and (StandardImmut [...]
overloading	fill	fill-same	api FortressLibrary	overloading	FortressLibrary.fsi:1303,FortressLibrary.fsi:1335	Invalid overloading of fill in trait Array1: (Array[\T,ZZ32\], ZZ32->T)->Array[\T,ZZ32\] @ FortressLibrary.fsi:1303:5-38 and (StandardImmutableArrayType[\Array1 [...]
overloading	fill	fill-same	api FortressLibrary	overloading	FortressLibrary.fsi:1303,FortressLibrary.fsi:1335	Invalid overloading of fill in trait Array2: (Array[\T,(ZZ32, ZZ32)\], (ZZ32, ZZ32)->T)->Array[\T,(ZZ32, ZZ32)\] @ FortressLibrary.fsi:1303:5-38 and (StandardIm [...]
overloading	fill	fill-same	api FortressLibrary	overloading	FortressLibrary.fsi:1303,FortressLibrary.fsi:1335	Invalid overloading of fill in trait Array3: (Array[\T,(ZZ32, ZZ32, ZZ32)\], (ZZ32, ZZ32, ZZ32)->T)->Array[\T,(ZZ32, ZZ32, ZZ32)\] @ FortressLibrary.fsi:1303:5- [...]
overloading	fill	fill-same	api FortressLibrary	overloading	FortressLibrary.fsi:1303,FortressLibrary.fsi:1335	Invalid overloading of fill in trait Matrix: (Array[\T,(ZZ32, ZZ32)\], (ZZ32, ZZ32)->T)->Array[\T,(ZZ32, ZZ32)\] @ FortressLibrary.fsi:1303:5-38 and (StandardIm [...]
overloading	fill	fill-same	api FortressLibrary	overloading	FortressLibrary.fsi:1303,FortressLibrary.fsi:1335	Invalid overloading of fill in trait StandardMutableArrayType: (Array[\E,I\], I->E)->Array[\E,I\] @ FortressLibrary.fsi:1303:5-38 and (StandardImmutableArrayTyp [...]
overloading	fill	fill-same	api FortressLibrary	overloading	FortressLibrary.fsi:1303,FortressLibrary.fsi:1335	Invalid overloading of fill in trait Vector: (Array[\T,ZZ32\], ZZ32->T)->Array[\T,ZZ32\] @ FortressLibrary.fsi:1303:5-38 and (StandardImmutableArrayType[\Array1 [...]
overloading	fill	fill-same	api FortressLibrary	overloading	FortressLibrary.fsi:1304,FortressLibrary.fsi:1336	Invalid overloading of fill in trait Array1: (Array[\T,ZZ32\], T)->Array[\T,ZZ32\] @ FortressLibrary.fsi:1304:5-35 and (StandardImmutableArrayType[\Array1[\T,b0 [...]
overloading	fill	fill-same	api FortressLibrary	overloading	FortressLibrary.fsi:1304,FortressLibrary.fsi:1336	Invalid overloading of fill in trait Array2: (Array[\T,(ZZ32, ZZ32)\], T)->Array[\T,(ZZ32, ZZ32)\] @ FortressLibrary.fsi:1304:5-35 and (StandardImmutableArrayTy [...]
overloading	fill	fill-same	api FortressLibrary	overloading	FortressLibrary.fsi:1304,FortressLibrary.fsi:1336	Invalid overloading of fill in trait Array3: (Array[\T,(ZZ32, ZZ32, ZZ32)\], T)->Array[\T,(ZZ32, ZZ32, ZZ32)\] @ FortressLibrary.fsi:1304:5-35 and (StandardImmu [...]
overloading	fill	fill-same	api FortressLibrary	overloading	FortressLibrary.fsi:1304,FortressLibrary.fsi:1336	Invalid overloading of fill in trait Matrix: (Array[\T,(ZZ32, ZZ32)\], T)->Array[\T,(ZZ32, ZZ32)\] @ FortressLibrary.fsi:1304:5-35 and (StandardImmutableArrayTy [...]
overloading	fill	fill-same	api FortressLibrary	overloading	FortressLibrary.fsi:1304,FortressLibrary.fsi:1336	Invalid overloading of fill in trait StandardMutableArrayType: (Array[\E,I\], E)->Array[\E,I\] @ FortressLibrary.fsi:1304:5-35 and (StandardImmutableArrayType[\ [...]
overloading	fill	fill-same	api FortressLibrary	overloading	FortressLibrary.fsi:1304,FortressLibrary.fsi:1336	Invalid overloading of fill in trait Vector: (Array[\T,ZZ32\], T)->Array[\T,ZZ32\] @ FortressLibrary.fsi:1304:5-35 and (StandardImmutableArrayType[\Array1[\T,0, [...]
overloading	fill	fill-same	api NativeArray	overloading	FortressLibrary.fsi:1283,FortressLibrary.fsi:1335	Invalid overloading of fill in trait PrimImmutableArray: (ImmutableArray[\T,ZZ32\], ZZ32->T)->ImmutableArray[\T,ZZ32\] @ FortressLibrary.fsi:1283:5-47 and (Stan [...]
overloading	fill	fill-same	api NativeArray	overloading	FortressLibrary.fsi:1284,FortressLibrary.fsi:1336	Invalid overloading of fill in trait PrimImmutableArray: (ImmutableArray[\T,ZZ32\], T)->ImmutableArray[\T,ZZ32\] @ FortressLibrary.fsi:1284:5-44 and (StandardIm [...]
overloading	fill	fill-same	api NativeArray	overloading	FortressLibrary.fsi:1303,FortressLibrary.fsi:1335	Invalid overloading of fill in trait PrimitiveArray: (Array[\T,ZZ32\], ZZ32->T)->Array[\T,ZZ32\] @ FortressLibrary.fsi:1303:5-38 and (StandardImmutableArrayType [...]
overloading	fill	fill-same	api NativeArray	overloading	FortressLibrary.fsi:1304,FortressLibrary.fsi:1336	Invalid overloading of fill in trait PrimitiveArray: (Array[\T,ZZ32\], T)->Array[\T,ZZ32\] @ FortressLibrary.fsi:1304:5-35 and (StandardImmutableArrayType[\Arra [...]
overloading	generate	same-sparams	api FortressLibrary	overloading	FortressLibrary.fsi:590,FortressLibrary.fsi:755	Invalid overloading of generate in trait NoReductionPair: [\G extends Object\](Condition[\SomeReductionPair[\R\]\], Reduction[\G\], SomeReductionPair[\R\]->G)-> [...]
overloading	generate	same-sparams	api FortressLibrary	overloading	FortressLibrary.fsi:590,FortressLibrary.fsi:755	Invalid overloading of generate in trait PossibleReductionPair: [\G extends Object\](Condition[\SomeReductionPair[\R\]\], Reduction[\G\], SomeReductionPair[\R\] [...]
overloading	generate	same-sparams	api FortressLibrary	overloading	FortressLibrary.fsi:590,FortressLibrary.fsi:755	Invalid overloading of generate in trait ReductionPair: [\G extends Object\](Condition[\SomeReductionPair[\R\]\], Reduction[\G\], SomeReductionPair[\R\]->G)->G  [...]
overloading	generate	same-sparams	api FortressLibrary	overloading	FortressLibrary.fsi:590,FortressLibrary.fsi:755	Invalid overloading of generate in trait SomeReductionPair: [\G extends Object\](Condition[\SomeReductionPair[\R\]\], Reduction[\G\], SomeReductionPair[\R\]->G) [...]
overloading	isLeftZero	same-sparams	api FortressLibrary	overloading	FortressLibrary.fsi:1754,FortressLibrary.fsi:93	Invalid overloading of isLeftZero in trait LexicographicReduction: (LexicographicReduction, Comparison)->Boolean @ FortressLibrary.fsi:93:5-94:1 and (ReductionW [...]
overloading	ivmap	same-sparams	api FortressLibrary	overloading	FortressLibrary.fsi:1143,FortressLibrary.fsi:757	Invalid overloading of ivmap in trait Just: [\G extends Object\](Condition[\T\], (ZZ32, T)->G)->Generator[\G\] @ FortressLibrary.fsi:757:5-46 and [\R extends Ob [...]
overloading	ivmap	same-sparams	api FortressLibrary	overloading	FortressLibrary.fsi:1143,FortressLibrary.fsi:757	Invalid overloading of ivmap in trait Maybe: [\G extends Object\](Condition[\T\], (ZZ32, T)->G)->Generator[\G\] @ FortressLibrary.fsi:757:5-46 and [\R extends O [...]
overloading	ivmap	same-sparams	api FortressLibrary	overloading	FortressLibrary.fsi:1143,FortressLibrary.fsi:757	Invalid overloading of ivmap in trait Nothing: [\G extends Object\](Condition[\T\], (ZZ32, T)->G)->Generator[\G\] @ FortressLibrary.fsi:757:5-46 and [\R extends [...]
overloading	juxtaposition	same-sparams	api FortressLibrary	overloading	FortressLibrary.fsi:2319,FortressLibrary.fsi:2321	Invalid overloading of juxtaposition in API FortressLibrary: (Any, String)->String @ FortressLibrary.fsi:2319:5-41 and (String, Any)->String @ FortressLibrary.f [...]
overloading	juxtaposition	sentence	api FortressLibrary	overloading	FortressLibrary.fsi:2319,FortressLibrary.fsi:271	Invalid overloading of juxtaposition in API FortressLibrary: (Any, String)->String @ FortressLibrary.fsi:2319:5-41 and [\T extends MultiplicativeRing[\T\]\](Mul [...]
overloading	juxtaposition	sentence	api FortressLibrary	overloading	FortressLibrary.fsi:2320,FortressLibrary.fsi:271	Invalid overloading of juxtaposition in API FortressLibrary: (String, String)->String @ FortressLibrary.fsi:2320:5-44 and [\T extends MultiplicativeRing[\T\]\]( [...]
overloading	juxtaposition	sentence	api FortressLibrary	overloading	FortressLibrary.fsi:2321,FortressLibrary.fsi:271	Invalid overloading of juxtaposition in API FortressLibrary: (String, Any)->String @ FortressLibrary.fsi:2321:5-2323:64 and [\T extends MultiplicativeRing[\T\]\ [...]
overloading	juxtaposition	sentence	api FortressLibrary	overloading	FortressLibrary.fsi:271,FortressLibrary.fsi:379	Invalid overloading of juxtaposition in API FortressLibrary: [\I extends Integral[\I\]\](Integral[\I\], I)->I @ FortressLibrary.fsi:379:5-33 and [\T extends Mul [...]
overloading	lift	same-sparams	api FortressLibrary	overloading	FortressLibrary.fsi:1696,FortressLibrary.fsi:1735	Invalid overloading of lift in trait AssociativeReduction: (ActualReduction[\R,AnyMaybe\], R)->AnyMaybe @ FortressLibrary.fsi:1696:5-25 and (AssociativeReductio [...]
overloading	lift	same-sparams	api FortressLibrary	overloading	FortressLibrary.fsi:1696,FortressLibrary.fsi:1735	Invalid overloading of lift in trait CommutativeReduction: (ActualReduction[\R,AnyMaybe\], R)->AnyMaybe @ FortressLibrary.fsi:1696:5-25 and (AssociativeReductio [...]
overloading	lift	same-sparams	api FortressLibrary	overloading	FortressLibrary.fsi:1696,FortressLibrary.fsi:1735	Invalid overloading of lift in trait MaxReduction: (ActualReduction[\T,AnyMaybe\], T)->AnyMaybe @ FortressLibrary.fsi:1696:5-25 and (AssociativeReduction[\T\],  [...]
overloading	lift	same-sparams	api FortressLibrary	overloading	FortressLibrary.fsi:1696,FortressLibrary.fsi:1735	Invalid overloading of lift in trait MinMaxReduction: (ActualReduction[\(T, T),AnyMaybe\], (T, T))->AnyMaybe @ FortressLibrary.fsi:1696:5-25 and (AssociativeRed [...]
overloading	lift	same-sparams	api FortressLibrary	overloading	FortressLibrary.fsi:1696,FortressLibrary.fsi:1735	Invalid overloading of lift in trait MinReduction: (ActualReduction[\T,AnyMaybe\], T)->AnyMaybe @ FortressLibrary.fsi:1696:5-25 and (AssociativeReduction[\T\],  [...]
overloading	lift	same-sparams	api FortressLibrary	overloading	FortressLibrary.fsi:1696,FortressLibrary.fsi:1735	Invalid overloading of lift in trait NewlineReduction: (ActualReduction[\String,AnyMaybe\], String)->AnyMaybe @ FortressLibrary.fsi:1696:5-25 and (AssociativeRe [...]
overloading	map	same-sparams	api FortressLibrary	overloading	FortressLibrary.fsi:1144,FortressLibrary.fsi:729	Invalid overloading of map in trait Maybe: [\G extends Object\](SequentialGenerator[\T\], T->G)->SequentialGenerator[\G\] @ FortressLibrary.fsi:729:5-47 and [\R [...]
overloading	map	same-sparams	api FortressLibrary	overloading	FortressLibrary.fsi:1144,FortressLibrary.fsi:756	Invalid overloading of map in trait Maybe: [\G extends Object\](Condition[\T\], T->G)->Condition[\G\] @ FortressLibrary.fsi:756:5-757:4 and [\R extends Object\] [...]
overloading	map	same-sparams	api RangeInternals	overloading	FortressLibrary.fsi:1144,FortressLibrary.fsi:729	Invalid overloading of map in trait CompactFullSeqScalarRange: [\G extends Object\](SequentialGenerator[\I\], I->G)->SequentialGenerator[\G\] @ FortressLibrary. [...]
overloading	map	same-sparams	api RangeInternals	overloading	FortressLibrary.fsi:1144,FortressLibrary.fsi:729	Invalid overloading of map in trait StridedFullSeqScalarRange: [\G extends Object\](SequentialGenerator[\I\], I->G)->SequentialGenerator[\G\] @ FortressLibrary. [...]
overloading	openRangeHelper	sentence	api RangeInternals	overloading	RangeInternals.fsi:612,RangeInternals.fsi:614	Invalid overloading of openRangeHelper in API RangeInternals: [\I extends Integral[\I\], J extends Integral[\J\]\]()->(I, J)->RangeInternals.OpenRange2D[\I,J\]  [...]
overloading	openRangeHelper	sentence	api RangeInternals	overloading	RangeInternals.fsi:612,RangeInternals.fsi:616	Invalid overloading of openRangeHelper in API RangeInternals: [\I extends Integral[\I\], J extends Integral[\J\], K extends Integral[\K\]\]()->(I, J, K)->RangeI [...]
overloading	openRangeHelper	sentence	api RangeInternals	overloading	RangeInternals.fsi:614,RangeInternals.fsi:616	Invalid overloading of openRangeHelper in API RangeInternals: [\I extends Integral[\I\], J extends Integral[\J\], K extends Integral[\K\]\]()->(I, J, K)->RangeI [...]
overloading	seq	same-sparams	api FortressLibrary	overloading	FortressLibrary.fsi:2002,FortressLibrary.fsi:728	Invalid overloading of seq in API FortressLibrary: [\E extends Object\]FilterGenerator[\E\]->SequentialGenerator[\E\] @ FortressLibrary.fsi:2002:5-2003:1 and [\ [...]
overloading	seq	sentence	api FortressLibrary	overloading	FortressLibrary.fsi:1189,FortressLibrary.fsi:2002	Invalid overloading of seq in API FortressLibrary: [\E extends Object, I extends Object\]DelegatedIndexed[\E,I\]->SequentialGenerator[\E\] @ FortressLibrary.fsi [...]
overloading	seq	sentence	api FortressLibrary	overloading	FortressLibrary.fsi:1189,FortressLibrary.fsi:728	Invalid overloading of seq in API FortressLibrary: [\E extends Object, I extends Object\]DelegatedIndexed[\E,I\]->SequentialGenerator[\E\] @ FortressLibrary.fsi [...]
overloading	seq	sentence	api FortressLibrary	overloading	FortressLibrary.fsi:1239,FortressLibrary.fsi:2002	Invalid overloading of seq in API FortressLibrary: [\E extends Object, I extends Object\]ReadableArray[\E,I\]->SequentialGenerator[\E\] @ FortressLibrary.fsi:12 [...]
overloading	seq	sentence	api FortressLibrary	overloading	FortressLibrary.fsi:1239,FortressLibrary.fsi:728	Invalid overloading of seq in API FortressLibrary: [\E extends Object, I extends Object\]ReadableArray[\E,I\]->SequentialGenerator[\E\] @ FortressLibrary.fsi:12 [...]
return-type	CMP	-	api FortressLibrary	overloading	FortressLibrary.fsi:134,FortressLibrary.fsi:135	For CMP, the return type of (LessThan, LessThan)->Comparison @ FortressLibrary.fsi:134:5-45 should be a subtype of the return type of (LessThan, TotalComparison [...]
return-type	CMP	-	api FortressLibrary	overloading	FortressLibrary.fsi:145,FortressLibrary.fsi:146	For CMP, the return type of (GreaterThan, GreaterThan)->Comparison @ FortressLibrary.fsi:145:5-48 should be a subtype of the return type of (GreaterThan, TotalC [...]
return-type	MAX	-	api FortressLibrary	overloading	FortressLibrary.fsi:196,FortressLibrary.fsi:210	For MAX, the return type of [\T extends StandardMinMax[\T\]\](StandardMinMax[\T\], T)->(T, T) @ FortressLibrary.fsi:210:5-211:1 should be a subtype of the retur [...]
return-type	MAX	-	api FortressLibrary	overloading	FortressLibrary.fsi:210,FortressLibrary.fsi:348	For MAX, the return type of (QQ, QQ)->QQ @ FortressLibrary.fsi:348:5-30 should be a subtype of the return type of [\T extends StandardMinMax[\T\]\](StandardMinM [...]
return-type	MIN	-	api FortressLibrary	overloading	FortressLibrary.fsi:185,FortressLibrary.fsi:209	For MIN, the return type of [\T extends StandardMinMax[\T\]\](StandardMinMax[\T\], T)->(T, T) @ FortressLibrary.fsi:209:5-33 should be a subtype of the return t [...]
return-type	MIN	-	api FortressLibrary	overloading	FortressLibrary.fsi:209,FortressLibrary.fsi:347	For MIN, the return type of (QQ, QQ)->QQ @ FortressLibrary.fsi:347:5-30 should be a subtype of the return type of [\T extends StandardMinMax[\T\]\](StandardMinM [...]
return-type	atMost	-	api RangeInternals	overloading	FortressLibrary.fsi:2079,RangeInternals.fsi:259	For atMost, the return type of (RangeInternals.LeftScalarRange[\I\], I)->RangeInternals.ScalarRange[\I\] @ RangeInternals.fsi:259:5-34 should be a subtype of th [...]
return-type	atMost	-	api RangeInternals	overloading	FortressLibrary.fsi:2079,RangeInternals.fsi:319	For atMost, the return type of (RangeInternals.RightScalarRange[\I\], I)->RangeInternals.ScalarRange[\I\] @ RangeInternals.fsi:319:5-34 should be a subtype of t [...]
return-type	empty	-	api FortressLibrary	overloading	FortressLibrary.fsi:1685,FortressLibrary.fsi:1824	For empty, the return type of MinMaxReductionN->Number @ FortressLibrary.fsi:1824:5-19 should be a subtype of the return type of Reduction[\(Number, Number)\]-> [...]
return-type	empty	-	api FortressLibrary	overloading	FortressLibrary.fsi:1694,FortressLibrary.fsi:1824	For empty, the return type of MinMaxReductionN->Number @ FortressLibrary.fsi:1824:5-19 should be a subtype of the return type of ActualReduction[\(Number, Numbe [...]
return-type	every	-	api RangeInternals	overloading	FortressLibrary.fsi:2078,RangeInternals.fsi:257	For every, the return type of (RangeInternals.LeftScalarRange[\I\], I)->RangeInternals.ScalarRange[\I\] @ RangeInternals.fsi:257:5-258:4 should be a subtype of  [...]
return-type	shift	-	api FortressLibrary	overloading	FortressLibrary.fsi:1259,FortressLibrary.fsi:1653	For shift, the return type of (Array3[\T,b0,s0,b1,s1,b2,s2\], (ZZ32, ZZ32, ZZ32))->Array[\T,(ZZ32, ZZ32)\] @ FortressLibrary.fsi:1653:5-1659:8 should be a subty [...]
return-type	shift	-	api FortressLibrary	overloading	FortressLibrary.fsi:1302,FortressLibrary.fsi:1653	For shift, the return type of (Array3[\T,b0,s0,b1,s1,b2,s2\], (ZZ32, ZZ32, ZZ32))->Array[\T,(ZZ32, ZZ32)\] @ FortressLibrary.fsi:1653:5-1659:8 should be a subty [...]
return-type	unsigned	-	api FortressLibrary	overloading	FortressLibrary.fsi:394,FortressLibrary.fsi:456	For unsigned, the return type of (ZZ32 & {Int, IntLiteral})->NN32 @ FortressLibrary.fsi:456:5-457:1 should be a subtype of the return type of [\I extends Integr [...]
