tests	OpenRangeCase.fss	OpenRangeCase	255		4	
tests	QuickCheckTest.fss	QuickCheckTest	255		10	
tests	ReflectTest.fss	ReflectTest	255		4	
tests	TransitiveImportMethodLookup.fss	TransitiveImportMethodLookup	255		2	
tests	XXXcaseTest.fss	XXXcaseTest	0	1	7	1
tests	caseTest.fss	caseTest	1		6	
tests	caseWithSemicolons.fss	caseWithSemicolons	255		4	
tests	RangePrototype.fss	RangePrototype	255		6	
tests	RandomTest.fss	RandomTest	255		6	
tests	ReflectiveQuickCheckTest.fss	ReflectiveQuickCheckTest	255		9	
tests	atomic1.fss	atomic1	255		5	
tests	wrongOverload.fss	wrongOverload	1		5	
tests	XXXRangeBoundsRungO.fss	XXXRangeBoundsRungO	255		6	
tests	XXXSeqRangeTopRungO.fss	XXXSeqRangeTopRungO	255		6	
tests	XXXRangeSizeZZ64RungO.fss	XXXRangeSizeZZ64RungO	255		4	
tests	rangeOperators.fss	rangeOperators	255		9	
tests	RangeTest.fss	RangeTest	255		3	
tests	subArray.fss	subArray	255		4	
tests	array3test.fss	array3test	1		3	
tests	StringTests.fss	StringTests	255		5	
tests	FlatTowerRungF.fss	FlatTowerRungF	255		5	
tests	RangeZZ32RungJ.fss	RangeZZ32RungJ	255		6	
tests	XXXRangeWideRungJ.fss	XXXRangeWideRungJ	255		4	
